2025-10-14 09:53:28,859 [INFO] Activator:177 - 


2025-10-14 09:53:28,860 [INFO] Activator:178 - !SESSION log4j initialized
2025-10-14 09:57:01,601 [INFO] McuFinderGlobals:39 - Set McuFinder mode to 2 (CubeIDE integrated)
2025-10-14 09:57:02,739 [INFO] ApplicationProperties:181 - Using Application install path: D:\251\vxl\cube\STM32CubeIDE_1.7.0\STM32CubeIDE\plugins\com.st.stm32cube.common.mx_6.3.0.202107141111
2025-10-14 09:57:02,779 [INFO] DbMcusXml:74 - Set database path to: D:\251\vxl\cube\STM32CubeIDE_1.7.0\STM32CubeIDE\plugins\com.st.stm32cube.common.mx_6.3.0.202107141111\\db\/mcu/
2025-10-14 09:57:02,789 [INFO] DbBoardsPdsc:56 - Set plugin database path to: D:\251\vxl\cube\STM32CubeIDE_1.7.0\STM32CubeIDE\plugins\com.st.stm32cube.common.mx_6.3.0.202107141111\\db\/plugins/boardmanager/
2025-10-14 09:57:02,790 [INFO] DbMcus:258 - Set plugin images path to: D:\251\vxl\cube\STM32CubeIDE_1.7.0\STM32CubeIDE\plugins\com.st.stm32cube.common.mx_6.3.0.202107141111\\db\/plugins/mcufinder/images/
2025-10-14 09:57:02,791 [INFO] DbBoards:264 - Set plugin images path to: D:\251\vxl\cube\STM32CubeIDE_1.7.0\STM32CubeIDE\plugins\com.st.stm32cube.common.mx_6.3.0.202107141111\\db\/plugins/mcufinder/images/
2025-10-14 09:57:02,791 [INFO] DbExamples:333 - Set plugin images path to: D:\251\vxl\cube\STM32CubeIDE_1.7.0\STM32CubeIDE\plugins\com.st.stm32cube.common.mx_6.3.0.202107141111\\db\/plugins/mcufinder/images/
2025-10-14 09:57:02,859 [INFO] DbMcusAds:119 - Set database path to: C:\Users\DELL\.stmcufinder\plugins\mcufinder//mcu/
2025-10-14 09:57:02,859 [INFO] DbMcusDocs:110 - Set database path to: C:\Users\DELL\.stmcufinder\plugins\mcufinder//mcu/
2025-10-14 09:57:02,859 [INFO] DbMcusJson:64 - Set database path to: C:\Users\DELL\.stmcufinder\plugins\mcufinder//mcu/
2025-10-14 09:57:02,869 [INFO] DbBoardsDocs:110 - Set database path to: C:\Users\DELL\.stmcufinder\plugins\mcufinder//mcu/
2025-10-14 09:57:02,871 [INFO] DbBoardsJson:57 - Set database path to: C:\Users\DELL\.stmcufinder\plugins\mcufinder//mcu/
2025-10-14 09:57:02,887 [INFO] CrossReferenceDbSqlite:196 - Set database path to: C:\Users\DELL\.stmcufinder\plugins\mcufinder//mcu/cs/
2025-10-14 09:57:02,890 [INFO] DbExamplesSqlite:767 - Set database path to: C:\Users\DELL\.stmcufinder\plugins\mcufinder//mcu/
2025-10-14 09:57:03,072 [INFO] RulesReader:57 - Compatibility file has been processed (242 Rules)
2025-10-14 09:57:03,339 [INFO] DbMcusXml:74 - Set database path to: D:\251\vxl\cube\STM32CubeIDE_1.7.0\STM32CubeIDE\plugins\com.st.stm32cube.common.mx_6.3.0.202107141111\\db\/mcu/
2025-10-14 09:57:03,350 [INFO] DbBoardsPdsc:56 - Set plugin database path to: D:\251\vxl\cube\STM32CubeIDE_1.7.0\STM32CubeIDE\plugins\com.st.stm32cube.common.mx_6.3.0.202107141111\\db\/plugins/boardmanager/
2025-10-14 09:57:03,350 [INFO] DbMcus:258 - Set plugin images path to: D:\251\vxl\cube\STM32CubeIDE_1.7.0\STM32CubeIDE\plugins\com.st.stm32cube.common.mx_6.3.0.202107141111\\db\/plugins/mcufinder/images/
2025-10-14 09:57:03,350 [INFO] DbBoards:264 - Set plugin images path to: D:\251\vxl\cube\STM32CubeIDE_1.7.0\STM32CubeIDE\plugins\com.st.stm32cube.common.mx_6.3.0.202107141111\\db\/plugins/mcufinder/images/
2025-10-14 09:57:03,350 [INFO] DbExamples:333 - Set plugin images path to: D:\251\vxl\cube\STM32CubeIDE_1.7.0\STM32CubeIDE\plugins\com.st.stm32cube.common.mx_6.3.0.202107141111\\db\/plugins/mcufinder/images/
2025-10-14 09:57:03,350 [WARN] DbFile:35 - Overriding database path with different value: C:\Users\DELL\.stmcufinder\plugins\mcufinder/ => C:\Users\DELL\.stmcufinder\plugins\mcufinder
2025-10-14 09:57:03,350 [INFO] DbMcusAds:119 - Set database path to: C:\Users\DELL\.stmcufinder\plugins\mcufinder//mcu/
2025-10-14 09:57:03,352 [WARN] DbFile:35 - Overriding database path with different value: C:\Users\DELL\.stmcufinder\plugins\mcufinder/ => C:\Users\DELL\.stmcufinder\plugins\mcufinder
2025-10-14 09:57:03,352 [INFO] DbMcusDocs:110 - Set database path to: C:\Users\DELL\.stmcufinder\plugins\mcufinder//mcu/
2025-10-14 09:57:03,353 [WARN] DbFile:35 - Overriding database path with different value: C:\Users\DELL\.stmcufinder\plugins\mcufinder/ => C:\Users\DELL\.stmcufinder\plugins\mcufinder
2025-10-14 09:57:03,353 [INFO] DbMcusJson:64 - Set database path to: C:\Users\DELL\.stmcufinder\plugins\mcufinder//mcu/
2025-10-14 09:57:03,353 [WARN] DbFile:35 - Overriding database path with different value: C:\Users\DELL\.stmcufinder\plugins\mcufinder/ => C:\Users\DELL\.stmcufinder\plugins\mcufinder
2025-10-14 09:57:03,353 [INFO] DbBoardsDocs:110 - Set database path to: C:\Users\DELL\.stmcufinder\plugins\mcufinder//mcu/
2025-10-14 09:57:03,353 [WARN] DbFile:35 - Overriding database path with different value: C:\Users\DELL\.stmcufinder\plugins\mcufinder/ => C:\Users\DELL\.stmcufinder\plugins\mcufinder
2025-10-14 09:57:03,353 [INFO] DbBoardsJson:57 - Set database path to: C:\Users\DELL\.stmcufinder\plugins\mcufinder//mcu/
2025-10-14 09:57:03,353 [WARN] DbFile:35 - Overriding database path with different value: C:\Users\DELL\.stmcufinder\plugins\mcufinder/ => C:\Users\DELL\.stmcufinder\plugins\mcufinder
2025-10-14 09:57:03,353 [WARN] DbFile:35 - Overriding database path with different value: C:\Users\DELL\.stmcufinder\plugins\mcufinder/ => C:\Users\DELL\.stmcufinder\plugins\mcufinder
2025-10-14 09:57:03,353 [INFO] CrossReferenceDbSqlite:196 - Set database path to: C:\Users\DELL\.stmcufinder\plugins\mcufinder//mcu/cs/
2025-10-14 09:57:03,353 [WARN] DbFile:35 - Overriding database path with different value: C:\Users\DELL\.stmcufinder\plugins\mcufinder/ => C:\Users\DELL\.stmcufinder\plugins\mcufinder
2025-10-14 09:57:03,353 [INFO] DbExamplesSqlite:767 - Set database path to: C:\Users\DELL\.stmcufinder\plugins\mcufinder//mcu/
2025-10-14 09:57:03,529 [INFO] MainPanel:214 - HeapMemory: 910163968
2025-10-14 09:57:03,779 [INFO] DbMcusXml:74 - Set database path to: D:\251\vxl\cube\STM32CubeIDE_1.7.0\STM32CubeIDE\plugins\com.st.stm32cube.common.mx_6.3.0.202107141111\\db\/mcu/
2025-10-14 09:57:03,779 [INFO] DbBoardsPdsc:56 - Set plugin database path to: D:\251\vxl\cube\STM32CubeIDE_1.7.0\STM32CubeIDE\plugins\com.st.stm32cube.common.mx_6.3.0.202107141111\\db\/plugins/boardmanager/
2025-10-14 09:57:03,779 [INFO] DbMcus:258 - Set plugin images path to: D:\251\vxl\cube\STM32CubeIDE_1.7.0\STM32CubeIDE\plugins\com.st.stm32cube.common.mx_6.3.0.202107141111\\db\/plugins/mcufinder/images/
2025-10-14 09:57:03,779 [INFO] DbBoards:264 - Set plugin images path to: D:\251\vxl\cube\STM32CubeIDE_1.7.0\STM32CubeIDE\plugins\com.st.stm32cube.common.mx_6.3.0.202107141111\\db\/plugins/mcufinder/images/
2025-10-14 09:57:03,779 [INFO] DbExamples:333 - Set plugin images path to: D:\251\vxl\cube\STM32CubeIDE_1.7.0\STM32CubeIDE\plugins\com.st.stm32cube.common.mx_6.3.0.202107141111\\db\/plugins/mcufinder/images/
2025-10-14 09:57:03,779 [WARN] DbFile:35 - Overriding database path with different value: C:\Users\DELL\.stmcufinder\plugins\mcufinder/ => C:\Users\DELL\.stmcufinder\plugins\mcufinder
2025-10-14 09:57:03,779 [INFO] DbMcusAds:119 - Set database path to: C:\Users\DELL\.stmcufinder\plugins\mcufinder//mcu/
2025-10-14 09:57:03,779 [WARN] DbFile:35 - Overriding database path with different value: C:\Users\DELL\.stmcufinder\plugins\mcufinder/ => C:\Users\DELL\.stmcufinder\plugins\mcufinder
2025-10-14 09:57:03,779 [INFO] DbMcusDocs:110 - Set database path to: C:\Users\DELL\.stmcufinder\plugins\mcufinder//mcu/
2025-10-14 09:57:03,779 [WARN] DbFile:35 - Overriding database path with different value: C:\Users\DELL\.stmcufinder\plugins\mcufinder/ => C:\Users\DELL\.stmcufinder\plugins\mcufinder
2025-10-14 09:57:03,779 [INFO] DbMcusJson:64 - Set database path to: C:\Users\DELL\.stmcufinder\plugins\mcufinder//mcu/
2025-10-14 09:57:03,779 [WARN] DbFile:35 - Overriding database path with different value: C:\Users\DELL\.stmcufinder\plugins\mcufinder/ => C:\Users\DELL\.stmcufinder\plugins\mcufinder
2025-10-14 09:57:03,779 [INFO] DbBoardsDocs:110 - Set database path to: C:\Users\DELL\.stmcufinder\plugins\mcufinder//mcu/
2025-10-14 09:57:03,779 [WARN] DbFile:35 - Overriding database path with different value: C:\Users\DELL\.stmcufinder\plugins\mcufinder/ => C:\Users\DELL\.stmcufinder\plugins\mcufinder
2025-10-14 09:57:03,786 [INFO] DbBoardsJson:57 - Set database path to: C:\Users\DELL\.stmcufinder\plugins\mcufinder//mcu/
2025-10-14 09:57:03,786 [WARN] DbFile:35 - Overriding database path with different value: C:\Users\DELL\.stmcufinder\plugins\mcufinder/ => C:\Users\DELL\.stmcufinder\plugins\mcufinder
2025-10-14 09:57:03,786 [WARN] DbFile:35 - Overriding database path with different value: C:\Users\DELL\.stmcufinder\plugins\mcufinder/ => C:\Users\DELL\.stmcufinder\plugins\mcufinder
2025-10-14 09:57:03,786 [INFO] CrossReferenceDbSqlite:196 - Set database path to: C:\Users\DELL\.stmcufinder\plugins\mcufinder//mcu/cs/
2025-10-14 09:57:03,786 [WARN] DbFile:35 - Overriding database path with different value: C:\Users\DELL\.stmcufinder\plugins\mcufinder/ => C:\Users\DELL\.stmcufinder\plugins\mcufinder
2025-10-14 09:57:03,786 [INFO] DbExamplesSqlite:767 - Set database path to: C:\Users\DELL\.stmcufinder\plugins\mcufinder//mcu/
2025-10-14 09:57:03,820 [INFO] ApplicationProperties:181 - Using Application install path: D:\251\vxl\cube\STM32CubeIDE_1.7.0\STM32CubeIDE\plugins\com.st.stm32cube.common.mx_6.3.0.202107141111
2025-10-14 09:57:03,820 [INFO] PluginManage:188 - Search for loadable plugins [exclusion list=, ]
2025-10-14 09:57:03,829 [INFO] PluginManage:302 - Check plugin analytics
2025-10-14 09:57:04,079 [INFO] AnalyticsPlugin:257 - Accepted Software Licenses: 
2025-10-14 09:57:04,079 [INFO] AnalyticsPlugin:259 - Accepted CMSIS Pack Licenses: 
2025-10-14 09:57:04,079 [INFO] AnalyticsPlugin:261 - Accepted Firmware Licenses: 
2025-10-14 09:57:04,079 [INFO] PluginManage:352 - Loaded plugin analytics (category:tool,tabindex:-1)
2025-10-14 09:57:04,079 [INFO] PluginManage:302 - Check plugin clock
2025-10-14 09:57:04,139 [INFO] PluginManage:352 - Loaded plugin clock (category:base,tabindex:2)
2025-10-14 09:57:04,139 [INFO] PluginManage:302 - Check plugin ddr
2025-10-14 09:57:04,172 [INFO] PluginManage:352 - Loaded plugin ddr (category:tool,tabindex:6)
2025-10-14 09:57:04,172 [INFO] PluginManage:302 - Check plugin filemanager
2025-10-14 09:57:04,400 [INFO] PluginManage:352 - Loaded plugin filemanager (category:base,tabindex:10)
2025-10-14 09:57:04,400 [INFO] PluginManage:302 - Check plugin ipmanager
2025-10-14 09:57:04,420 [INFO] PluginManage:352 - Loaded plugin ipmanager (category:base,tabindex:5)
2025-10-14 09:57:04,420 [INFO] PluginManage:302 - Check plugin pinoutandconfiguration
2025-10-14 09:57:04,459 [INFO] PluginManage:352 - Loaded plugin pinoutandconfiguration (category:base,tabindex:1)
2025-10-14 09:57:04,459 [INFO] PluginManage:302 - Check plugin pinoutconfig
2025-10-14 09:57:04,522 [INFO] PluginManage:352 - Loaded plugin pinoutconfig (category:base,tabindex:0)
2025-10-14 09:57:04,523 [INFO] PluginManage:302 - Check plugin power
2025-10-14 09:57:04,590 [INFO] PluginManage:352 - Loaded plugin power (category:power,tabindex:4)
2025-10-14 09:57:04,590 [INFO] PluginManage:302 - Check plugin projectmanager
2025-10-14 09:57:04,623 [INFO] PluginManage:352 - Loaded plugin projectmanager (category:projectmanager,tabindex:3)
2025-10-14 09:57:04,623 [INFO] PluginManage:302 - Check plugin thirdparty
2025-10-14 09:57:05,080 [WARN] IntegrityCheckThread:78 - waiting for thirdparty lock release [integrity check]
2025-10-14 09:57:05,082 [INFO] PluginManage:352 - Loaded plugin thirdparty (category:base,tabindex:-1)
2025-10-14 09:57:05,082 [INFO] IntegrityCheckThread:80 - entering critical section [integrity check]
2025-10-14 09:57:05,082 [INFO] PluginManage:302 - Check plugin tools
2025-10-14 09:57:05,082 [INFO] ThirdPartyUpdaterWithRetryManager:66 - Updater plugin not ready yet. [1/15]
2025-10-14 09:57:05,164 [INFO] PluginManage:352 - Loaded plugin tools (category:base,tabindex:7)
2025-10-14 09:57:05,164 [INFO] PluginManage:302 - Check plugin tutovideos
2025-10-14 09:57:05,529 [INFO] PluginManage:352 - Loaded plugin tutovideos (category:base,tabindex:-1)
2025-10-14 09:57:05,529 [INFO] PluginManage:302 - Check plugin updater
2025-10-14 09:57:05,576 [INFO] PluginManage:352 - Loaded plugin updater (category:base,tabindex:12)
2025-10-14 09:57:05,577 [INFO] PluginManage:275 - PluginManage : Loaded plugins [13]
2025-10-14 09:57:05,799 [INFO] PinOutPanel:1463 - setPackage(No Configuration,No Configuration)
2025-10-14 09:57:05,918 [INFO] IPUIPlugin:74 - create IPUIPlugin
2025-10-14 09:57:05,918 [INFO] PluginManager:213 - loadIPPluginJar : add adc
2025-10-14 09:57:06,003 [INFO] IPUIPlugin:74 - create IPUIPlugin
2025-10-14 09:57:06,003 [INFO] PluginManager:213 - loadIPPluginJar : add aes
2025-10-14 09:57:06,064 [INFO] IPUIPlugin:74 - create IPUIPlugin
2025-10-14 09:57:06,064 [INFO] PluginManager:213 - loadIPPluginJar : add can
2025-10-14 09:57:06,113 [INFO] IPUIPlugin:74 - create IPUIPlugin
2025-10-14 09:57:06,114 [INFO] PluginManager:213 - loadIPPluginJar : add comp
2025-10-14 09:57:06,159 [INFO] IPUIPlugin:74 - create IPUIPlugin
2025-10-14 09:57:06,159 [INFO] PluginManager:213 - loadIPPluginJar : add cryp
2025-10-14 09:57:06,219 [INFO] IPUIPlugin:74 - create IPUIPlugin
2025-10-14 09:57:06,219 [INFO] PluginManager:213 - loadIPPluginJar : add dfsdm
2025-10-14 09:57:06,235 [INFO] IPUIPlugin:74 - create IPUIPlugin
2025-10-14 09:57:06,238 [INFO] PluginManager:213 - loadIPPluginJar : add dma
2025-10-14 09:57:06,319 [INFO] IPUIPlugin:74 - create IPUIPlugin
2025-10-14 09:57:06,319 [INFO] PluginManager:213 - loadIPPluginJar : add dma3
2025-10-14 09:57:06,375 [INFO] IPUIPlugin:74 - create IPUIPlugin
2025-10-14 09:57:06,375 [INFO] PluginManager:213 - loadIPPluginJar : add fatfs
2025-10-14 09:57:06,453 [INFO] IPUIPlugin:74 - create IPUIPlugin
2025-10-14 09:57:06,453 [INFO] PluginManager:213 - loadIPPluginJar : add fmc
2025-10-14 09:57:06,503 [INFO] IPUIPlugin:74 - create IPUIPlugin
2025-10-14 09:57:06,503 [INFO] PluginManager:213 - loadIPPluginJar : add freertos
2025-10-14 09:57:06,544 [INFO] IPUIPlugin:74 - create IPUIPlugin
2025-10-14 09:57:06,544 [INFO] PluginManager:213 - loadIPPluginJar : add genericplugin
2025-10-14 09:57:06,676 [INFO] IPUIPlugin:74 - create IPUIPlugin
2025-10-14 09:57:06,676 [INFO] PluginManager:213 - loadIPPluginJar : add gfxmmu
2025-10-14 09:57:06,853 [INFO] IPUIPlugin:74 - create IPUIPlugin
2025-10-14 09:57:06,853 [INFO] PluginManager:213 - loadIPPluginJar : add gic
2025-10-14 09:57:06,869 [INFO] IPUIPlugin:74 - create IPUIPlugin
2025-10-14 09:57:06,869 [INFO] PluginManager:213 - loadIPPluginJar : add gpio
2025-10-14 09:57:06,969 [INFO] IPUIPlugin:74 - create IPUIPlugin
2025-10-14 09:57:06,969 [INFO] PluginManager:213 - loadIPPluginJar : add gtzc
2025-10-14 09:57:07,019 [INFO] IPUIPlugin:74 - create IPUIPlugin
2025-10-14 09:57:07,019 [INFO] PluginManager:213 - loadIPPluginJar : add hash
2025-10-14 09:57:07,108 [INFO] IPUIPlugin:74 - create IPUIPlugin
2025-10-14 09:57:07,108 [INFO] PluginManager:213 - loadIPPluginJar : add i2c
2025-10-14 09:57:07,170 [INFO] IPUIPlugin:74 - create IPUIPlugin
2025-10-14 09:57:07,170 [INFO] PluginManager:213 - loadIPPluginJar : add i2s
2025-10-14 09:57:07,186 [INFO] IPUIPlugin:74 - create IPUIPlugin
2025-10-14 09:57:07,187 [INFO] PluginManager:213 - loadIPPluginJar : add ipddr
2025-10-14 09:57:07,309 [INFO] IPUIPlugin:74 - create IPUIPlugin
2025-10-14 09:57:07,309 [INFO] PluginManager:213 - loadIPPluginJar : add linkedlist
2025-10-14 09:57:07,369 [INFO] IPUIPlugin:74 - create IPUIPlugin
2025-10-14 09:57:07,370 [INFO] PluginManager:213 - loadIPPluginJar : add lorawan
2025-10-14 09:57:07,429 [INFO] IPUIPlugin:74 - create IPUIPlugin
2025-10-14 09:57:07,429 [INFO] PluginManager:213 - loadIPPluginJar : add ltdc
2025-10-14 09:57:07,461 [INFO] IPUIPlugin:74 - create IPUIPlugin
2025-10-14 09:57:07,461 [INFO] PluginManager:213 - loadIPPluginJar : add mdma
2025-10-14 09:57:07,477 [INFO] IPUIPlugin:74 - create IPUIPlugin
2025-10-14 09:57:07,477 [INFO] PluginManager:213 - loadIPPluginJar : add nvic
2025-10-14 09:57:07,559 [INFO] IPUIPlugin:74 - create IPUIPlugin
2025-10-14 09:57:07,559 [INFO] PluginManager:213 - loadIPPluginJar : add opamp
2025-10-14 09:57:07,690 [INFO] IPUIPlugin:74 - create IPUIPlugin
2025-10-14 09:57:07,690 [INFO] PluginManager:213 - loadIPPluginJar : add openamp
2025-10-14 09:57:07,803 [INFO] IPUIPlugin:74 - create IPUIPlugin
2025-10-14 09:57:07,803 [INFO] PluginManager:213 - loadIPPluginJar : add pdm2pcm
2025-10-14 09:57:07,825 [INFO] IPUIPlugin:74 - create IPUIPlugin
2025-10-14 09:57:07,829 [INFO] PluginManager:213 - loadIPPluginJar : add plateformsettings
2025-10-14 09:57:07,889 [INFO] IPUIPlugin:74 - create IPUIPlugin
2025-10-14 09:57:07,889 [INFO] PluginManager:213 - loadIPPluginJar : add quadspi
2025-10-14 09:57:07,929 [INFO] IPUIPlugin:74 - create IPUIPlugin
2025-10-14 09:57:07,929 [INFO] PluginManager:213 - loadIPPluginJar : add resmgrutility
2025-10-14 09:57:08,024 [INFO] IPUIPlugin:74 - create IPUIPlugin
2025-10-14 09:57:08,024 [INFO] PluginManager:213 - loadIPPluginJar : add sai
2025-10-14 09:57:08,084 [INFO] ThirdPartyUpdaterWithRetryManager:66 - Updater plugin not ready yet. [2/15]
2025-10-14 09:57:08,090 [INFO] IPUIPlugin:74 - create IPUIPlugin
2025-10-14 09:57:08,090 [INFO] PluginManager:213 - loadIPPluginJar : add spi
2025-10-14 09:57:08,194 [INFO] IPUIPlugin:74 - create IPUIPlugin
2025-10-14 09:57:08,194 [INFO] PluginManager:213 - loadIPPluginJar : add stm32_wpan
2025-10-14 09:57:08,241 [INFO] IPUIPlugin:74 - create IPUIPlugin
2025-10-14 09:57:08,242 [INFO] PluginManager:213 - loadIPPluginJar : add tim
2025-10-14 09:57:08,329 [INFO] IPUIPlugin:74 - create IPUIPlugin
2025-10-14 09:57:08,329 [INFO] PluginManager:213 - loadIPPluginJar : add touchsensing
2025-10-14 09:57:08,379 [INFO] IPUIPlugin:74 - create IPUIPlugin
2025-10-14 09:57:08,379 [INFO] PluginManager:213 - loadIPPluginJar : add tracer_emb
2025-10-14 09:57:08,429 [INFO] IPUIPlugin:74 - create IPUIPlugin
2025-10-14 09:57:08,429 [INFO] PluginManager:213 - loadIPPluginJar : add ts
2025-10-14 09:57:08,474 [INFO] IPUIPlugin:74 - create IPUIPlugin
2025-10-14 09:57:08,474 [INFO] PluginManager:213 - loadIPPluginJar : add tsc
2025-10-14 09:57:08,523 [INFO] IPUIPlugin:74 - create IPUIPlugin
2025-10-14 09:57:08,524 [INFO] PluginManager:213 - loadIPPluginJar : add ucpd
2025-10-14 09:57:08,589 [INFO] IPUIPlugin:74 - create IPUIPlugin
2025-10-14 09:57:08,589 [INFO] PluginManager:213 - loadIPPluginJar : add usart
2025-10-14 09:57:08,653 [INFO] IPUIPlugin:74 - create IPUIPlugin
2025-10-14 09:57:08,653 [INFO] PluginManager:213 - loadIPPluginJar : add usbx
2025-10-14 09:57:09,019 [FATAL] Updater:294 - Updater called before beeing initialized
2025-10-14 09:57:09,119 [FATAL] Updater:294 - Updater called before beeing initialized
2025-10-14 09:57:09,139 [INFO] DbMcusAds:47 - JSON generation date=Tue Jul 08 15:14:23 ICT 2025 (1751962463524)
2025-10-14 09:57:09,139 [FATAL] Updater:294 - Updater called before beeing initialized
2025-10-14 09:57:09,294 [WARN] DetailPanel:314 - Failed to get advertising image, set to default
2025-10-14 09:57:09,386 [FATAL] Updater:294 - Updater called before beeing initialized
2025-10-14 09:57:09,386 [FATAL] Updater:294 - Updater called before beeing initialized
2025-10-14 09:57:09,389 [FATAL] Updater:294 - Updater called before beeing initialized
2025-10-14 09:57:09,389 [WARN] DetailPanel:314 - Failed to get advertising image, set to default
2025-10-14 09:57:09,389 [FATAL] Updater:294 - Updater called before beeing initialized
2025-10-14 09:57:09,469 [ERROR] Updater:1075 - MainUpdater not yet initialized. External WinMGr cannot be set.
2025-10-14 09:57:09,499 [INFO] Updater:1012 - Updater Version found : 6.3.0
2025-10-14 09:57:09,536 [INFO] ApplicationProperties:181 - Using Application install path: D:\251\vxl\cube\STM32CubeIDE_1.7.0\STM32CubeIDE\plugins\com.st.stm32cube.common.mx_6.3.0.202107141111
2025-10-14 09:57:09,841 [INFO] MainUpdater:2671 - connection check result : 10
2025-10-14 09:57:09,841 [INFO] MainUpdater:3359 - Updater definition file requires update
2025-10-14 09:57:09,841 [INFO] MainUpdater:265 - Updater Check For Update Now.
2025-10-14 09:57:09,841 [INFO] MicroXplorer:478 - Change Database Version : DB.6.0.30
2025-10-14 09:57:09,919 [INFO] ServerAccessManage:362 - Download File updaters.zip
2025-10-14 09:57:10,009 [INFO] FileExtend:235 - Unzip File : updaters.zip
2025-10-14 09:57:10,009 [INFO] FileExtend:250 - Standard Zip Deflate
2025-10-14 09:57:11,094 [WARN] MainUpdater:1122 - Updater busy. Cannot search thirdparties
2025-10-14 09:57:11,098 [INFO] ThirdPartyUpdaterWithRetryManager:92 - Updater plugin is busy. [1/15]
2025-10-14 09:57:11,279 [INFO] ServerAccessManage:362 - Download File PacksControlFlags.xml
2025-10-14 09:57:11,389 [INFO] ServerAccessManage:362 - Download File cubemx.pidx
2025-10-14 09:57:12,209 [INFO] ServerAccessManage:362 - Download File STMicroelectronics.X-CUBE-FREERTOS.pdsc
2025-10-14 09:57:12,759 [INFO] ServerAccessManage:362 - Download File STMicroelectronics.X-CUBE-IPS.pdsc
2025-10-14 09:57:13,503 [INFO] ServerAccessManage:362 - Download File STMicroelectronics.X-CUBE-ST67W61.pdsc
2025-10-14 09:57:13,789 [INFO] ServerAccessManage:362 - Download File STMicroelectronics.X-CUBE-TOUCHGFX.pdsc
2025-10-14 09:57:14,119 [WARN] MainUpdater:1122 - Updater busy. Cannot search thirdparties
2025-10-14 09:57:14,119 [INFO] ThirdPartyUpdaterWithRetryManager:92 - Updater plugin is busy. [2/15]
2025-10-14 09:57:17,121 [WARN] MainUpdater:1122 - Updater busy. Cannot search thirdparties
2025-10-14 09:57:17,121 [INFO] ThirdPartyUpdaterWithRetryManager:92 - Updater plugin is busy. [3/15]
2025-10-14 09:57:17,165 [ERROR] ServerAccessManage:1016 - HTTP unexpected response (202) for https://www.weston-embedded.com/stm_packages/WES.I-CUBE-Cesium.pdsc
2025-10-14 09:57:17,169 [ERROR] ServerAccessManage:531 - Error during Access to HTTP Server. : WES.I-CUBE-Cesium.pdsc.
2025-10-14 09:57:17,314 [WARN] PopulateThirdPartyThread:100 - Error when creating pack: C:/Users/DELL/.stm32cubemx/thirdparties/pdsc/STMicroelectronics.X-CUBE-FREERTOS.pdsc
2025-10-14 09:57:17,321 [WARN] PopulateThirdPartyThread:100 - Error when creating pack: C:/Users/DELL/.stm32cubemx/thirdparties/pdsc/STMicroelectronics.X-CUBE-IPS.pdsc
2025-10-14 09:57:17,323 [WARN] PopulateThirdPartyThread:100 - Error when creating pack: C:/Users/DELL/.stm32cubemx/thirdparties/pdsc/STMicroelectronics.X-CUBE-ST67W61.pdsc
2025-10-14 09:57:17,359 [WARN] PackLoader:238 - Cannot read IP mode file for STMicroelectronics.X-CUBE-TOUCHGFX.4.26.0
2025-10-14 09:57:17,359 [INFO] PopulateThirdPartyThread:60 - Ending populate Thread
2025-10-14 09:57:17,359 [INFO] ThirdParty:967 - CMSIS Pack Vendor :STMicroelectronics X-CUBE-TOUCHGFX 4.26.0
2025-10-14 09:57:17,359 [INFO] LoadServerUpdatesThread:339 - End of LoadServerUpdate Thread
2025-10-14 09:57:17,460 [INFO] CheckServerUpdateThread:112 - End of CheckServer Thread
2025-10-14 09:57:17,486 [INFO] MainUpdater:2671 - connection check result : 10
2025-10-14 09:57:17,556 [INFO] McuFinderGlobals:52 - Set McuFinderConnectedMode to true
2025-10-14 09:57:17,859 [INFO] ServerAccessManage:362 - Download File mcusAds.json._tmp_
2025-10-14 09:57:17,975 [INFO] LoadUrlFilesThread:145 - End of LoadUrlFiles Thread
2025-10-14 09:57:18,920 [INFO] ServerAccessManage:362 - Download File mcusDocs.json._tmp_
2025-10-14 09:57:20,109 [INFO] LoadUrlFilesThread:145 - End of LoadUrlFiles Thread
2025-10-14 09:57:20,134 [WARN] MainUpdater:1122 - Updater busy. Cannot search thirdparties
2025-10-14 09:57:20,134 [INFO] ThirdPartyUpdaterWithRetryManager:92 - Updater plugin is busy. [4/15]
2025-10-14 09:57:20,282 [INFO] ServerAccessManage:362 - Download File mcusFeaturesAndDescription.json._tmp_
2025-10-14 09:57:23,138 [WARN] MainUpdater:1122 - Updater busy. Cannot search thirdparties
2025-10-14 09:57:23,138 [INFO] ThirdPartyUpdaterWithRetryManager:92 - Updater plugin is busy. [5/15]
2025-10-14 09:57:23,392 [INFO] LoadUrlFilesThread:145 - End of LoadUrlFiles Thread
2025-10-14 09:57:23,539 [INFO] ServerAccessManage:362 - Download File boardsDocs.json._tmp_
2025-10-14 09:57:23,677 [INFO] LoadUrlFilesThread:145 - End of LoadUrlFiles Thread
2025-10-14 09:57:23,830 [INFO] ServerAccessManage:362 - Download File boards.json._tmp_
2025-10-14 09:57:24,039 [INFO] LoadUrlFilesThread:145 - End of LoadUrlFiles Thread
2025-10-14 09:57:24,109 [INFO] ServerAccessManage:362 - Download File cube-finder-db.zip
2025-10-14 09:57:26,139 [WARN] MainUpdater:1122 - Updater busy. Cannot search thirdparties
2025-10-14 09:57:26,139 [INFO] ThirdPartyUpdaterWithRetryManager:92 - Updater plugin is busy. [6/15]
2025-10-14 09:57:29,159 [WARN] MainUpdater:1122 - Updater busy. Cannot search thirdparties
2025-10-14 09:57:29,159 [INFO] ThirdPartyUpdaterWithRetryManager:92 - Updater plugin is busy. [7/15]
2025-10-14 09:57:32,159 [WARN] MainUpdater:1122 - Updater busy. Cannot search thirdparties
2025-10-14 09:57:32,159 [INFO] ThirdPartyUpdaterWithRetryManager:92 - Updater plugin is busy. [8/15]
2025-10-14 09:57:35,179 [WARN] MainUpdater:1122 - Updater busy. Cannot search thirdparties
2025-10-14 09:57:35,179 [INFO] ThirdPartyUpdaterWithRetryManager:92 - Updater plugin is busy. [9/15]
2025-10-14 09:57:36,184 [INFO] FileExtend:235 - Unzip File : cube-finder-db.zip
2025-10-14 09:57:36,184 [INFO] FileExtend:250 - Standard Zip Deflate
2025-10-14 09:57:37,629 [INFO] LoadUrlFilesThread:145 - End of LoadUrlFiles Thread
2025-10-14 09:57:38,194 [WARN] MainUpdater:1122 - Updater busy. Cannot search thirdparties
2025-10-14 09:57:38,194 [INFO] ThirdPartyUpdaterWithRetryManager:92 - Updater plugin is busy. [10/15]
2025-10-14 09:57:38,660 [INFO] ServerAccessManage:362 - Download File crdb.zip
2025-10-14 09:57:40,149 [INFO] FileExtend:235 - Unzip File : crdb.zip
2025-10-14 09:57:40,150 [INFO] FileExtend:250 - Standard Zip Deflate
2025-10-14 09:57:40,280 [INFO] LoadUrlFilesThread:145 - End of LoadUrlFiles Thread
2025-10-14 09:57:40,398 [INFO] ServerAccessManage:362 - Download File tutoVideoDB.zip
2025-10-14 09:57:40,420 [INFO] FileExtend:235 - Unzip File : tutoVideoDB.zip
2025-10-14 09:57:40,420 [INFO] FileExtend:250 - Standard Zip Deflate
2025-10-14 09:57:40,540 [INFO] LoadUrlFilesThread:145 - End of LoadUrlFiles Thread
2025-10-14 09:57:40,540 [INFO] DbMcusAds:47 - JSON generation date=Thu Oct 02 16:36:05 ICT 2025 (1759397765645)
2025-10-14 09:57:40,574 [INFO] DbMcusDocs:143 - JSON generation date=Tue Nov 16 23:17:54 ICT 2021 (1637079474)
2025-10-14 09:57:40,574 [INFO] DbMcusXml:100 - Load MCU database from D:\251\vxl\cube\STM32CubeIDE_1.7.0\STM32CubeIDE\plugins\com.st.stm32cube.common.mx_6.3.0.202107141111\\db\/mcu/families.xml
2025-10-14 09:57:41,359 [ERROR] Engine:463 - C:\Users\DELL\.stm32cubemx\thirdparties\pdsc\Avnet-IotConnect.X-CUBE-IoTC-DA16k-PMOD.1.0.0.pdsc: PDSC version is not supported
2025-10-14 09:57:41,369 [ERROR] Engine:463 - C:\Users\DELL\.stm32cubemx\thirdparties\pdsc\STMicroelectronics.X-CUBE-IPS.3.2.0.pdsc: PDSC version is not supported
2025-10-14 09:57:41,422 [ERROR] Engine:463 - C:\Users\DELL\.stm32cubemx\thirdparties\pdsc\WES.I-CUBE-Cesium.1.4.0.pdsc: PDSC version is not supported
2025-10-14 09:57:41,426 [ERROR] Engine:463 - C:\Users\DELL\.stm32cubemx\thirdparties\pdsc\STMicroelectronics.X-CUBE-FREERTOS.1.3.1.pdsc: PDSC version is not supported
2025-10-14 09:57:41,432 [WARN] PackLoader:238 - Cannot read IP mode file for STMicroelectronics.X-CUBE-TOUCHGFX.4.26.0
2025-10-14 09:57:41,449 [WARN] PackLoader:238 - Cannot read IP mode file for STMicroelectronics.X-CUBE-TOUCHGFX.4.25.0
2025-10-14 09:57:41,449 [ERROR] Engine:463 - C:\Users\DELL\.stm32cubemx\thirdparties\pdsc\STMicroelectronics.X-CUBE-ST67W61.1.1.0.pdsc: PDSC version is not supported
2025-10-14 09:57:41,459 [INFO] DbMcusJson:93 - JSON generation date=Tue Nov 16 23:17:54 ICT 2021 (1637079474)
2025-10-14 09:57:41,475 [ERROR] Engine:463 - C:\Users\DELL\.stm32cubemx\thirdparties\pdsc\STMicroelectronics.X-CUBE-IPS.3.1.0.pdsc: PDSC version is not supported
2025-10-14 09:57:41,475 [INFO] ThirdParty:915 - Integrity check success = true
2025-10-14 09:57:41,475 [INFO] IntegrityCheckThread:94 - exiting critical section [integrity check]
2025-10-14 09:57:41,475 [INFO] IntegrityCheckThread:97 - End integrity checks thread
2025-10-14 09:57:42,139 [INFO] DbMcus:175 - Found 1951 MCUs (1903 are supported by CubeMX, 1914 are visible in CubeMX)
2025-10-14 09:57:42,156 [INFO] ApiDb:251 - Load user favorites file C:\Users\DELL/.stm32cubeide/favorites.mcus.txt: 0 item(s)
2025-10-14 09:57:42,156 [INFO] ApiDb:255 - User favorites MCUs=[]
2025-10-14 09:57:42,156 [INFO] DbMcus:187 - Set 0 / 0 favorites MCUs
2025-10-14 09:57:42,572 [INFO] DbMcusDocs:79 - Found 682 MCUs documents
2025-10-14 09:57:42,572 [INFO] ApiDb:276 - Save user favorites file C:\Users\DELL/.stm32cubeide/favorites.mcus.txt: 0 item(s)
2025-10-14 09:57:42,572 [INFO] ApiDb:280 - User favorites MCUs=[]
2025-10-14 09:57:42,572 [INFO] DbMcusXml:100 - Load MCU database from D:\251\vxl\cube\STM32CubeIDE_1.7.0\STM32CubeIDE\plugins\com.st.stm32cube.common.mx_6.3.0.202107141111\\db\/mcu/families.xml
2025-10-14 09:57:43,689 [INFO] DbMcusJson:93 - JSON generation date=Tue Nov 16 23:17:54 ICT 2021 (1637079474)
2025-10-14 09:57:44,229 [INFO] DbMcus:175 - Found 1951 MCUs (1903 are supported by CubeMX, 1914 are visible in CubeMX)
2025-10-14 09:57:44,229 [INFO] ApiDb:251 - Load user favorites file C:\Users\DELL/.stm32cubeide/favorites.mcus.txt: 0 item(s)
2025-10-14 09:57:44,234 [INFO] ApiDb:255 - User favorites MCUs=[]
2025-10-14 09:57:44,234 [INFO] DbMcus:187 - Set 0 / 0 favorites MCUs
2025-10-14 09:57:44,239 [INFO] DbBoardsDocs:143 - JSON generation date=Tue Nov 16 23:17:54 ICT 2021 (1637079474)
2025-10-14 09:57:44,344 [INFO] DbBoardsPdsc:90 - Found 25 items
2025-10-14 09:57:44,368 [INFO] DbBoardsPdsc:90 - Found 9 items
2025-10-14 09:57:44,389 [INFO] DbBoardsPdsc:90 - Found 33 items
2025-10-14 09:57:44,404 [INFO] DbBoardsPdsc:90 - Found 1 items
2025-10-14 09:57:44,425 [INFO] DbBoardsPdsc:90 - Found 48 items
2025-10-14 09:57:44,448 [INFO] DbBoardsPdsc:90 - Found 43 items
2025-10-14 09:57:44,475 [INFO] DbBoardsPdsc:90 - Found 2 items
2025-10-14 09:57:44,501 [INFO] DbBoardsPdsc:90 - Found 5 items
2025-10-14 09:57:44,501 [WARN] DbBoardsPdsc:254 - Board STM32H7B3I-DK: unknown feature type=Audio, name=, username=Audio stereo codec with Headphone Amp (CS42L51-CNZ), n=1
2025-10-14 09:57:44,501 [WARN] DbBoardsPdsc:254 - Board STM32H735G-DK: unknown feature type=Audio, name=, username=Audio stereo codec with Headphone Amp (WM8994ECS/R), n=1
2025-10-14 09:57:44,509 [WARN] DbBoardsPdsc:254 - Board STM32H7B3I-EVAL: unknown feature type=Audio, name=, username=Multi-Channel Audio Codec (CS42L51-CNZ), n=1
2025-10-14 09:57:44,509 [WARN] DbBoardsPdsc:254 - Board STM32H7B3I-EVAL: unknown feature type=Meter, name=, username=Power-metering and Temperature-monitoring with sigma-delta modulators, n=1
2025-10-14 09:57:44,509 [WARN] DbBoardsPdsc:254 - Board STM32H7B3I-EVAL: unknown feature type=Motor, name=, username=Motor Control, n=1
2025-10-14 09:57:44,511 [WARN] DbBoardsPdsc:254 - Board STM32U575I-EV: unknown feature type=joystick, name=, username=4-direction joystick with selection button, n=1
2025-10-14 09:57:44,530 [INFO] DbBoardsJson:86 - JSON generation date=Tue Nov 16 23:17:54 ICT 2021 (1637079474)
2025-10-14 09:57:44,540 [INFO] DbBoards:117 - Found 167 boards (163 are supported by CubeMX)
2025-10-14 09:57:44,542 [INFO] DbBoardsDocs:143 - JSON generation date=Tue Nov 16 23:17:54 ICT 2021 (1637079474)
2025-10-14 09:57:44,542 [INFO] DbBoardsDocs:79 - Found 209 boards documents
2025-10-14 09:57:44,551 [WARN] DbBoards:127 - board B-L475E-IOT01A2 has no document id list !
2025-10-14 09:57:44,554 [WARN] DbBoards:127 - board NUCLEO-H743ZI has no document id list !
2025-10-14 09:57:44,554 [WARN] DbBoards:127 - board NUCLEO-WL55JC2 has no document id list !
2025-10-14 09:57:44,554 [WARN] DbBoards:127 - board P-NUCLEO-WB55-Nucleo has no document id list !
2025-10-14 09:57:44,554 [WARN] DbBoards:127 - board P-NUCLEO-WB55-USBDongle has no document id list !
2025-10-14 09:57:44,554 [WARN] DbBoards:127 - board STEVAL-BFA001V1B has no document id list !
2025-10-14 09:57:44,554 [WARN] DbBoards:127 - board STEVAL-BFA001V2B has no document id list !
2025-10-14 09:57:44,554 [WARN] DbBoards:127 - board STEVAL-IDP005V1 has no document id list !
2025-10-14 09:57:44,554 [WARN] DbBoards:127 - board STEVAL-IDP005V2 has no document id list !
2025-10-14 09:57:44,554 [WARN] DbBoards:127 - board STEVAL-MKSBOX1V1 has no document id list !
2025-10-14 09:57:44,554 [WARN] DbBoards:127 - board STEVAL-STWINKT1 has no document id list !
2025-10-14 09:57:44,554 [WARN] DbBoards:127 - board STEVAL-STWINKT1B has no document id list !
2025-10-14 09:57:44,554 [WARN] DbBoards:127 - board STM32439I-EVAL2 has no document id list !
2025-10-14 09:57:44,554 [WARN] DbBoards:127 - board STM32F401C-DISCO has no document id list !
2025-10-14 09:57:44,554 [WARN] DbBoards:127 - board STM32F769I-DISC1 has no document id list !
2025-10-14 09:57:44,559 [WARN] DbBoards:127 - board STM32G474E-EVAL1 has no document id list !
2025-10-14 09:57:44,559 [WARN] DbBoards:127 - board STM32H743I-EVAL2 has no document id list !
2025-10-14 09:57:44,559 [WARN] DbBoards:127 - board STM32H747I-DISC1 has no document id list !
2025-10-14 09:57:44,559 [WARN] DbBoards:127 - board STM32H753I-EVAL2 has no document id list !
2025-10-14 09:57:44,559 [WARN] DbBoards:127 - board STM32L-DISCOVERY has no document id list !
2025-10-14 09:57:44,833 [ERROR] DbBoards:189 - Image file not found for board B-U585I-IOT02A: D:\251\vxl\cube\STM32CubeIDE_1.7.0\STM32CubeIDE\plugins\com.st.stm32cube.common.mx_6.3.0.202107141111\\db\/plugins/mcufinder/images/boards/B-U585I-IOT02A_small.jpg
2025-10-14 09:57:44,999 [ERROR] DbBoards:189 - Image file not found for board NUCLEO-F413ZH: D:\251\vxl\cube\STM32CubeIDE_1.7.0\STM32CubeIDE\plugins\com.st.stm32cube.common.mx_6.3.0.202107141111\\db\/plugins/mcufinder/images/boards/nucleo-f413zh_small.jpg
2025-10-14 09:57:45,260 [ERROR] DbBoards:189 - Image file not found for board NUCLEO-L552ZE-Q: D:\251\vxl\cube\STM32CubeIDE_1.7.0\STM32CubeIDE\plugins\com.st.stm32cube.common.mx_6.3.0.202107141111\\db\/plugins/mcufinder/images/boards/nucleo_l552ze_q_small.jpg
2025-10-14 09:57:45,260 [ERROR] DbBoards:189 - Image file not found for board NUCLEO-U575ZI-Q: D:\251\vxl\cube\STM32CubeIDE_1.7.0\STM32CubeIDE\plugins\com.st.stm32cube.common.mx_6.3.0.202107141111\\db\/plugins/mcufinder/images/boards/nucleo-u575zi-q_small.jpg
2025-10-14 09:57:45,260 [ERROR] DbBoards:189 - Image file not found for board NUCLEO-WB15CC: D:\251\vxl\cube\STM32CubeIDE_1.7.0\STM32CubeIDE\plugins\com.st.stm32cube.common.mx_6.3.0.202107141111\\db\/plugins/mcufinder/images/boards/nucleo-wb15cc_small.jpg
2025-10-14 09:57:45,260 [ERROR] DbBoards:189 - Image file not found for board NUCLEO-WB55RG: D:\251\vxl\cube\STM32CubeIDE_1.7.0\STM32CubeIDE\plugins\com.st.stm32cube.common.mx_6.3.0.202107141111\\db\/plugins/mcufinder/images/boards/nucleo-wb55rg_small.jpg
2025-10-14 09:57:47,039 [INFO] ApiDb:251 - Load user favorites file C:\Users\DELL/.stm32cubeide/favorites.boards.txt: 0 item(s)
2025-10-14 09:57:47,039 [INFO] ApiDb:255 - User favorites Boards=[]
2025-10-14 09:57:47,039 [INFO] DbBoards:206 - Set 0 / 0 favorites Boards
2025-10-14 09:57:47,049 [INFO] DbBoardsDocs:79 - Found 418 boards documents
2025-10-14 09:57:47,049 [INFO] ApiDb:276 - Save user favorites file C:\Users\DELL/.stm32cubeide/favorites.boards.txt: 0 item(s)
2025-10-14 09:57:47,049 [INFO] ApiDb:280 - User favorites Boards=[]
2025-10-14 09:57:47,049 [INFO] DbBoardsPdsc:90 - Found 25 items
2025-10-14 09:57:47,049 [INFO] DbBoardsPdsc:90 - Found 9 items
2025-10-14 09:57:47,059 [INFO] DbBoardsPdsc:90 - Found 33 items
2025-10-14 09:57:47,059 [INFO] DbBoardsPdsc:90 - Found 1 items
2025-10-14 09:57:47,059 [INFO] DbBoardsPdsc:90 - Found 48 items
2025-10-14 09:57:47,069 [INFO] DbBoardsPdsc:90 - Found 43 items
2025-10-14 09:57:47,069 [INFO] DbBoardsPdsc:90 - Found 2 items
2025-10-14 09:57:47,069 [INFO] DbBoardsPdsc:90 - Found 5 items
2025-10-14 09:57:47,069 [WARN] DbBoardsPdsc:254 - Board STM32H7B3I-DK: unknown feature type=Audio, name=, username=Audio stereo codec with Headphone Amp (CS42L51-CNZ), n=1
2025-10-14 09:57:47,069 [WARN] DbBoardsPdsc:254 - Board STM32H735G-DK: unknown feature type=Audio, name=, username=Audio stereo codec with Headphone Amp (WM8994ECS/R), n=1
2025-10-14 09:57:47,069 [WARN] DbBoardsPdsc:254 - Board STM32H7B3I-EVAL: unknown feature type=Audio, name=, username=Multi-Channel Audio Codec (CS42L51-CNZ), n=1
2025-10-14 09:57:47,069 [WARN] DbBoardsPdsc:254 - Board STM32H7B3I-EVAL: unknown feature type=Meter, name=, username=Power-metering and Temperature-monitoring with sigma-delta modulators, n=1
2025-10-14 09:57:47,069 [WARN] DbBoardsPdsc:254 - Board STM32H7B3I-EVAL: unknown feature type=Motor, name=, username=Motor Control, n=1
2025-10-14 09:57:47,069 [WARN] DbBoardsPdsc:254 - Board STM32U575I-EV: unknown feature type=joystick, name=, username=4-direction joystick with selection button, n=1
2025-10-14 09:57:47,089 [INFO] DbBoardsJson:86 - JSON generation date=Tue Nov 16 23:17:54 ICT 2021 (1637079474)
2025-10-14 09:57:47,094 [INFO] DbBoards:117 - Found 167 boards (163 are supported by CubeMX)
2025-10-14 09:57:47,094 [WARN] DbBoards:127 - board B-L475E-IOT01A2 has no document id list !
2025-10-14 09:57:47,094 [WARN] DbBoards:127 - board NUCLEO-H743ZI has no document id list !
2025-10-14 09:57:47,099 [WARN] DbBoards:127 - board NUCLEO-WL55JC2 has no document id list !
2025-10-14 09:57:47,099 [WARN] DbBoards:127 - board P-NUCLEO-WB55-Nucleo has no document id list !
2025-10-14 09:57:47,099 [WARN] DbBoards:127 - board P-NUCLEO-WB55-USBDongle has no document id list !
2025-10-14 09:57:47,099 [WARN] DbBoards:127 - board STEVAL-BFA001V1B has no document id list !
2025-10-14 09:57:47,099 [WARN] DbBoards:127 - board STEVAL-BFA001V2B has no document id list !
2025-10-14 09:57:47,099 [WARN] DbBoards:127 - board STEVAL-IDP005V1 has no document id list !
2025-10-14 09:57:47,099 [WARN] DbBoards:127 - board STEVAL-IDP005V2 has no document id list !
2025-10-14 09:57:47,099 [WARN] DbBoards:127 - board STEVAL-MKSBOX1V1 has no document id list !
2025-10-14 09:57:47,099 [WARN] DbBoards:127 - board STEVAL-STWINKT1 has no document id list !
2025-10-14 09:57:47,099 [WARN] DbBoards:127 - board STEVAL-STWINKT1B has no document id list !
2025-10-14 09:57:47,099 [WARN] DbBoards:127 - board STM32439I-EVAL2 has no document id list !
2025-10-14 09:57:47,099 [WARN] DbBoards:127 - board STM32F401C-DISCO has no document id list !
2025-10-14 09:57:47,099 [WARN] DbBoards:127 - board STM32F769I-DISC1 has no document id list !
2025-10-14 09:57:47,099 [WARN] DbBoards:127 - board STM32G474E-EVAL1 has no document id list !
2025-10-14 09:57:47,099 [WARN] DbBoards:127 - board STM32H743I-EVAL2 has no document id list !
2025-10-14 09:57:47,099 [WARN] DbBoards:127 - board STM32H747I-DISC1 has no document id list !
2025-10-14 09:57:47,099 [WARN] DbBoards:127 - board STM32H753I-EVAL2 has no document id list !
2025-10-14 09:57:47,099 [WARN] DbBoards:127 - board STM32L-DISCOVERY has no document id list !
2025-10-14 09:57:47,180 [ERROR] DbBoards:189 - Image file not found for board B-U585I-IOT02A: D:\251\vxl\cube\STM32CubeIDE_1.7.0\STM32CubeIDE\plugins\com.st.stm32cube.common.mx_6.3.0.202107141111\\db\/plugins/mcufinder/images/boards/B-U585I-IOT02A_small.jpg
2025-10-14 09:57:47,259 [ERROR] DbBoards:189 - Image file not found for board NUCLEO-F413ZH: D:\251\vxl\cube\STM32CubeIDE_1.7.0\STM32CubeIDE\plugins\com.st.stm32cube.common.mx_6.3.0.202107141111\\db\/plugins/mcufinder/images/boards/nucleo-f413zh_small.jpg
2025-10-14 09:57:47,459 [ERROR] DbBoards:189 - Image file not found for board NUCLEO-L552ZE-Q: D:\251\vxl\cube\STM32CubeIDE_1.7.0\STM32CubeIDE\plugins\com.st.stm32cube.common.mx_6.3.0.202107141111\\db\/plugins/mcufinder/images/boards/nucleo_l552ze_q_small.jpg
2025-10-14 09:57:47,459 [ERROR] DbBoards:189 - Image file not found for board NUCLEO-U575ZI-Q: D:\251\vxl\cube\STM32CubeIDE_1.7.0\STM32CubeIDE\plugins\com.st.stm32cube.common.mx_6.3.0.202107141111\\db\/plugins/mcufinder/images/boards/nucleo-u575zi-q_small.jpg
2025-10-14 09:57:47,459 [ERROR] DbBoards:189 - Image file not found for board NUCLEO-WB15CC: D:\251\vxl\cube\STM32CubeIDE_1.7.0\STM32CubeIDE\plugins\com.st.stm32cube.common.mx_6.3.0.202107141111\\db\/plugins/mcufinder/images/boards/nucleo-wb15cc_small.jpg
2025-10-14 09:57:47,459 [ERROR] DbBoards:189 - Image file not found for board NUCLEO-WB55RG: D:\251\vxl\cube\STM32CubeIDE_1.7.0\STM32CubeIDE\plugins\com.st.stm32cube.common.mx_6.3.0.202107141111\\db\/plugins/mcufinder/images/boards/nucleo-wb55rg_small.jpg
2025-10-14 09:57:48,239 [INFO] ApiDb:251 - Load user favorites file C:\Users\DELL/.stm32cubeide/favorites.boards.txt: 0 item(s)
2025-10-14 09:57:48,239 [INFO] ApiDb:255 - User favorites Boards=[]
2025-10-14 09:57:48,239 [INFO] DbBoards:206 - Set 0 / 0 favorites Boards
2025-10-14 09:57:48,429 [INFO] ServerAccessManage:362 - Download File 
2025-10-14 09:57:48,489 [INFO] LoadUrlFilesThread:172 - End of LoadServerUrlFiles without Thread
2025-10-14 09:57:48,489 [INFO] TargetSelectorAdapter:224 - Refresh data is successful
2025-10-14 09:57:48,699 [INFO] ApiDb:479 - Connected to CubeFinder SQLite database (C:\Users\DELL\.stmcufinder\plugins\mcufinder\mcu\cube-finder-db.db)
2025-10-14 09:57:49,836 [ERROR] DbExamplesSqlite:446 - Missing JSON key: board_cpn
2025-10-14 09:57:49,839 [ERROR] DbExamplesSqlite:446 - Missing JSON key: board_cpn
2025-10-14 09:57:49,839 [ERROR] DbExamplesSqlite:446 - Missing JSON key: board_cpn
2025-10-14 09:57:49,839 [ERROR] DbExamplesSqlite:446 - Missing JSON key: board_cpn
2025-10-14 09:57:50,184 [ERROR] DbExamplesSqlite:446 - Missing JSON key: board_cpn
2025-10-14 09:57:50,184 [ERROR] DbExamplesSqlite:446 - Missing JSON key: board_cpn
2025-10-14 09:57:50,189 [INFO] DbExamplesSqlite:411 - Ignored 33 examples not supported by CubeIDE
2025-10-14 09:57:50,189 [INFO] DbExamplesSqlite:412 - Found 10871 examples active
2025-10-14 09:57:50,189 [INFO] DbExamplesSqlite:413 - Found 0 examples obsolete
2025-10-14 09:57:50,189 [INFO] DbExamplesSqlite:414 - Found 0 examples under development
2025-10-14 09:57:50,189 [INFO] DbExamplesSqlite:415 - Found 65 examples not building
2025-10-14 09:57:50,299 [INFO] DbExamplesSqlite:108 - CubeFinder database Data Model version=2.1
2025-10-14 09:57:50,299 [INFO] DbExamplesSqlite:109 - CubeFinder database Configuration version=3.0.39
2025-10-14 09:57:50,299 [INFO] DbExamplesSqlite:110 - CubeFinder database generation date=2025-08-25 (1756130511)
2025-10-14 09:57:50,299 [INFO] DbExamplesSqlite:111 - CubeFinder database FW Pack versions=[FP-ATR-ASTRA1_V2.0.0, FP-SNS-FLIGHT1_V5.1.0, FP-SNS-MOTENV1_V5.0.0, FP-SNS-MOTENVWB1_V1.4.0, FP-SNS-SMARTAG2_V1.2.0, FP-SNS-STBOX1_V2.1.0, STM32Cube_FW_C0_V1.4.0, STM32Cube_FW_F4_V1.28.3, STM32Cube_FW_F7_V1.17.4, STM32Cube_FW_G0_V1.6.2, STM32Cube_FW_G4_V1.6.1, STM32Cube_FW_H5_V1.5.0, STM32Cube_FW_H7RS_V1.2.0, STM32Cube_FW_H7_V1.12.1, STM32Cube_FW_L0_V1.12.2, STM32Cube_FW_L4_V1.18.1, STM32Cube_FW_L5_V1.5.1, STM32Cube_FW_N6_V1.2.0, STM32Cube_FW_U0_V1.3.0, STM32Cube_FW_U3_V1.2.0, STM32Cube_FW_U5_V1.8.0, STM32Cube_FW_WB0_V1.3.0, STM32Cube_FW_WBA_V1.7.0, STM32Cube_FW_WB_V1.23.0, STM32Cube_FW_WL3_V1.2.0, STM32Cube_FW_WL_V1.3.1, X-CUBE-ALGOBUILD_V1.4.0, X-CUBE-ALS_V1.0.2, X-CUBE-AZRTOS-F4_V1.1.0, X-CUBE-AZRTOS-F7_V1.1.0, X-CUBE-AZRTOS-G0_V1.1.0, X-CUBE-AZRTOS-G4_V2.0.0, X-CUBE-AZRTOS-H7RS_V1.1.0, X-CUBE-AZRTOS-H7_V3.4.0, X-CUBE-AZRTOS-L4_V2.0.0, X-CUBE-AZRTOS-L5_V2.0.0, X-CUBE-AZRTOS-WB_V2.0.0, X-CUBE-AZRTOS-WL_V2.0.0, X-CUBE-BLE1_V7.1.0, X-CUBE-BLE2_V3.3.0, X-CUBE-BLEMGR_V4.1.0, X-CUBE-EEPRMA1_V5.2.0, X-CUBE-FREERTOS_V1.3.1, X-CUBE-GNSS1_V6.0.0, X-CUBE-MEMS1_V11.3.0, X-CUBE-NFC4_V3.0.0, X-CUBE-NFC7_V2.0.0, X-CUBE-SFXS2LP1_V4.0.0, X-CUBE-ST67W61_V1.0.0, X-CUBE-SUBG2_V5.0.0, X-CUBE-TOF1_V3.4.3]
2025-10-14 09:57:50,302 [INFO] DbExamples:130 - Found 10903 examples
2025-10-14 09:57:51,496 [ERROR] DbExamples:206 - Found 10903 examples with invalid data (board or MCU)
2025-10-14 09:57:51,497 [INFO] DbExamples:222 - Found 97 boards with related examples
2025-10-14 09:57:51,497 [INFO] DbExamples:235 - Found 0 MCUs with related examples
2025-10-14 09:57:51,524 [INFO] ApiDb:242 - User favorites file not found: C:\Users\DELL/.stm32cubeide/favorites.examples.txt
2025-10-14 09:57:51,524 [INFO] DbExamples:256 - Set 0 / 0 favorites Examples
2025-10-14 09:57:52,119 [INFO] McuFinderGlobals:52 - Set McuFinderConnectedMode to false
2025-10-14 09:57:52,229 [INFO] CrossSelectorPresenter:1330 - Cross Selector saved comparison directory: C:\Users\DELL\.stmcufinder\plugins\mcufinder\mcu\cs_comparisons_mx
2025-10-14 09:57:52,240 [INFO] MultiScanPanel:197 - Auto-refresh data requested => check proxy status ongoing
2025-10-14 09:57:52,240 [INFO] MultiScanPanel:201 - Proxy status is invalid
2025-10-14 09:57:52,253 [INFO] FinderPluginLoader:87 - Searching for filters in installed packs
2025-10-14 09:57:52,759 [INFO] DetailPanel:309 - Set advertising image to C:/Users/DELL/STM32Cube/Repository/\en.mcu-finder-stm32n6dk.jpg
2025-10-14 09:59:21,276 [INFO] MainUpdater:2671 - connection check result : 10
2025-10-14 09:59:21,276 [INFO] MainUpdater:2671 - connection check result : 10
2025-10-14 09:59:21,393 [INFO] MicroXplorer:448 - Change Database Path : 
2025-10-14 09:59:21,393 [INFO] MicroXplorer:478 - Change Database Version : DB.6.0.30
2025-10-14 09:59:21,394 [WARN] ThirdParty:813 - waiting for thirdparty lock release [close project]
2025-10-14 09:59:21,394 [INFO] ThirdParty:815 - entering critical section [close project]
2025-10-14 09:59:21,395 [INFO] ThirdParty:825 - exiting critical section [close project]
2025-10-14 09:59:21,397 [INFO] PinOutPanel:1463 - setPackage(No Configuration,No Configuration)
2025-10-14 09:59:21,397 [INFO] UtilMem:74 - Begin LoadConfig() Used Memory: 909705224 Bytes (1073741824)
2025-10-14 09:59:21,398 [INFO] MicroXplorer:448 - Change Database Path : 
2025-10-14 09:59:21,399 [INFO] MicroXplorer:478 - Change Database Version : DB.6.0.30
2025-10-14 09:59:21,399 [INFO] OpenFileManager:313 - Change cursor
2025-10-14 09:59:22,646 [INFO] Context:592 - Trying to add GPIOservice into a context  which must be forbidden
2025-10-14 09:59:22,961 [INFO] ImportTextPane:167 - (OptionalMessage_ERROR) Unable to find key (Mcu.ThirdPartyNb) in loaded IOC file
2025-10-14 09:59:22,961 [INFO] ImportTextPane:167 - (OptionalMessage_ERROR) Unable to find key (Mcu.PinsNb) in loaded IOC file
2025-10-14 09:59:22,961 [INFO] ImportTextPane:167 - (OptionalMessage_ERROR) Unable to find key (Mcu.IPNb) in loaded IOC file
2025-10-14 09:59:23,021 [INFO] RtosManager:484 - Registered RTOS mode: class=CMSIS, group=RTOS, mode=CMSIS_V1, owner=FREERTOS
2025-10-14 09:59:23,021 [INFO] RtosManager:484 - Registered RTOS mode: class=CMSIS, group=RTOS2, mode=CMSIS_V2, owner=FREERTOS
2025-10-14 09:59:23,021 [INFO] RtosManager:484 - Registered RTOS mode: class=RTOS, group=Core, mode=CMSIS_V1, owner=FREERTOS
2025-10-14 09:59:23,021 [INFO] RtosManager:484 - Registered RTOS mode: class=RTOS, group=Core, mode=CMSIS_V2, owner=FREERTOS
2025-10-14 09:59:23,021 [WARN] ModelIntegratedComponent:181 - Missing modes for component STMicroelectronics:FreeRTOS:0.0.1:STMicroelectronics:RTOS:FreeRTOS:Core:::10.2.0:
2025-10-14 09:59:23,021 [WARN] ModelIntegratedComponent:60 - No mode defined for component null
2025-10-14 09:59:23,021 [WARN] ModelIntegratedComponent:60 - No mode defined for component null
2025-10-14 09:59:23,021 [WARN] ModelIntegratedComponent:60 - No mode defined for component null
2025-10-14 09:59:23,021 [WARN] ModelIntegratedComponent:60 - No mode defined for component null
2025-10-14 09:59:23,021 [WARN] ModelIntegratedComponent:60 - No mode defined for component null
2025-10-14 09:59:23,021 [WARN] ModelIntegratedComponent:60 - No mode defined for component null
2025-10-14 09:59:23,031 [WARN] ModelIntegratedComponent:60 - No mode defined for component null
2025-10-14 09:59:23,031 [WARN] ModelIntegratedComponent:60 - No mode defined for component null
2025-10-14 09:59:23,031 [WARN] ModelIntegratedComponent:60 - No mode defined for component null
2025-10-14 09:59:23,031 [WARN] ModelIntegratedComponent:60 - No mode defined for component null
2025-10-14 09:59:23,031 [WARN] ModelIntegratedComponent:60 - No mode defined for component null
2025-10-14 09:59:23,031 [WARN] ModelIntegratedComponent:60 - No mode defined for component null
2025-10-14 09:59:23,031 [WARN] ModelIntegratedComponent:60 - No mode defined for component null
2025-10-14 09:59:23,031 [WARN] ModelIntegratedComponent:60 - No mode defined for component null
2025-10-14 09:59:23,031 [WARN] ModelIntegratedComponent:60 - No mode defined for component null
2025-10-14 09:59:23,031 [WARN] ModelIntegratedComponent:60 - No mode defined for component null
2025-10-14 09:59:23,031 [WARN] ModelIntegratedComponent:60 - No mode defined for component null
2025-10-14 09:59:23,031 [WARN] ModelIntegratedComponent:60 - No mode defined for component null
2025-10-14 09:59:23,031 [WARN] ModelIntegratedComponent:60 - No mode defined for component null
2025-10-14 09:59:23,031 [WARN] ModelIntegratedComponent:60 - No mode defined for component null
2025-10-14 09:59:23,031 [WARN] ModelIntegratedComponent:60 - No mode defined for component null
2025-10-14 09:59:23,031 [WARN] ModelIntegratedComponent:60 - No mode defined for component null
2025-10-14 09:59:23,031 [WARN] ModelIntegratedComponent:60 - No mode defined for component null
2025-10-14 09:59:23,031 [WARN] ModelIntegratedComponent:60 - No mode defined for component null
2025-10-14 09:59:23,031 [WARN] ModelIntegratedComponent:60 - No mode defined for component null
2025-10-14 09:59:23,031 [WARN] ModelIntegratedComponent:60 - No mode defined for component null
2025-10-14 09:59:23,031 [WARN] ModelIntegratedComponent:60 - No mode defined for component null
2025-10-14 09:59:23,031 [WARN] ModelIntegratedComponent:60 - No mode defined for component null
2025-10-14 09:59:23,031 [WARN] ModelIntegratedComponent:60 - No mode defined for component null
2025-10-14 09:59:23,031 [WARN] ModelIntegratedComponent:60 - No mode defined for component null
2025-10-14 09:59:23,031 [WARN] ModelIntegratedComponent:60 - No mode defined for component null
2025-10-14 09:59:23,141 [INFO] UtilMem:74 - End LoadConfig() Used Memory: 917692864 Bytes (1073741824)
2025-10-14 09:59:23,201 [WARN] ThirdParty:779 - waiting for thirdparty lock release [change project]
2025-10-14 09:59:23,201 [INFO] ThirdParty:781 - entering critical section [change project]
2025-10-14 09:59:23,211 [INFO] ThirdParty:967 - CMSIS Pack Vendor :STMicroelectronics USB_HOST 2.0.0
2025-10-14 09:59:23,211 [INFO] ThirdParty:967 - CMSIS Pack Vendor :STMicroelectronics FreeRTOS 0.0.1
2025-10-14 09:59:23,211 [INFO] ThirdParty:967 - CMSIS Pack Vendor :STMicroelectronics USB_DEVICE 1.0.0
2025-10-14 09:59:23,211 [INFO] ThirdParty:967 - CMSIS Pack Vendor :STMicroelectronics USB_DEVICE 3.0.0
2025-10-14 09:59:23,211 [INFO] ThirdParty:967 - CMSIS Pack Vendor :STMicroelectronics HAL Drivers 0.0.0
2025-10-14 09:59:23,211 [INFO] ThirdParty:967 - CMSIS Pack Vendor :STMicroelectronics MBEDTLS 2.16.2
2025-10-14 09:59:23,211 [INFO] ThirdParty:967 - CMSIS Pack Vendor :STMicroelectronics ThreadX 0.0.2
2025-10-14 09:59:23,211 [INFO] ThirdParty:967 - CMSIS Pack Vendor :STMicroelectronics lwIP 2.0.3
2025-10-14 09:59:23,211 [INFO] ThirdParty:967 - CMSIS Pack Vendor :STMicroelectronics lwIP 2.1.2
2025-10-14 09:59:23,211 [INFO] ThirdParty:967 - CMSIS Pack Vendor :STMicroelectronics MBEDTLS 2.14.1
2025-10-14 09:59:23,211 [INFO] ThirdParty:967 - CMSIS Pack Vendor :STMicroelectronics USB_HOST 1.0.0
2025-10-14 09:59:23,211 [INFO] ThirdParty:967 - CMSIS Pack Vendor :STMicroelectronics X-CUBE-TOUCHGFX 4.26.0
2025-10-14 09:59:23,211 [INFO] ThirdParty:967 - CMSIS Pack Vendor :STMicroelectronics X-CUBE-TOUCHGFX 4.25.0
2025-10-14 09:59:23,211 [INFO] ThirdParty:967 - CMSIS Pack Vendor :STMicroelectronics PDM2PCM 3.1.0
2025-10-14 09:59:23,211 [INFO] ThirdParty:967 - CMSIS Pack Vendor :STMicroelectronics PDM2PCM 3.2.0
2025-10-14 09:59:23,211 [INFO] ThirdParty:967 - CMSIS Pack Vendor :STMicroelectronics USB_DEVICE 2.0.0
2025-10-14 09:59:23,211 [INFO] ThirdParty:967 - CMSIS Pack Vendor :STMicroelectronics PDM2PCM 3.3.0
2025-10-14 09:59:23,211 [INFO] ThirdParty:787 - exiting critical section [change project]
2025-10-14 09:59:23,551 [INFO] PinOutPanel:1463 - setPackage(No Configuration,No Configuration)
2025-10-14 09:59:23,551 [INFO] PinOutPanel:1463 - setPackage(STM32F103C6Ux,UFQFPN48)
2025-10-14 09:59:24,095 [INFO] UtilMem:74 - Before build in PCC Used Memory: 913742216 Bytes (1073741824)
2025-10-14 09:59:24,971 [INFO] UtilMem:74 - After build in PCC Used Memory: 946422568 Bytes (1073741824)
2025-10-14 09:59:24,991 [INFO] IPUIPlugin:74 - create IPUIPlugin
2025-10-14 09:59:24,991 [INFO] IPUIPlugin:74 - create IPUIPlugin
2025-10-14 09:59:24,991 [INFO] IPUIPlugin:74 - create IPUIPlugin
2025-10-14 09:59:24,991 [INFO] IPUIPlugin:74 - create IPUIPlugin
2025-10-14 09:59:24,991 [INFO] IPUIPlugin:74 - create IPUIPlugin
2025-10-14 09:59:24,991 [INFO] IPUIPlugin:74 - create IPUIPlugin
2025-10-14 09:59:24,991 [INFO] IPUIPlugin:74 - create IPUIPlugin
2025-10-14 09:59:24,991 [INFO] IPUIPlugin:74 - create IPUIPlugin
2025-10-14 09:59:24,991 [INFO] IPUIPlugin:74 - create IPUIPlugin
2025-10-14 09:59:24,991 [INFO] IPUIPlugin:74 - create IPUIPlugin
2025-10-14 09:59:24,991 [INFO] IPUIPlugin:74 - create IPUIPlugin
2025-10-14 09:59:24,991 [INFO] IPUIPlugin:74 - create IPUIPlugin
2025-10-14 09:59:24,991 [INFO] IPUIPlugin:74 - create IPUIPlugin
2025-10-14 09:59:24,991 [INFO] IPUIPlugin:74 - create IPUIPlugin
2025-10-14 09:59:24,991 [INFO] IPUIPlugin:74 - create IPUIPlugin
2025-10-14 09:59:24,991 [INFO] IPUIPlugin:74 - create IPUIPlugin
2025-10-14 09:59:25,001 [INFO] IPUIPlugin:74 - create IPUIPlugin
2025-10-14 09:59:25,001 [INFO] IPUIPlugin:74 - create IPUIPlugin
2025-10-14 09:59:25,002 [INFO] IPUIPlugin:74 - create IPUIPlugin
2025-10-14 09:59:25,002 [INFO] IPUIPlugin:74 - create IPUIPlugin
2025-10-14 09:59:25,003 [INFO] IPUIPlugin:74 - create IPUIPlugin
2025-10-14 09:59:25,003 [INFO] IPUIPlugin:74 - create IPUIPlugin
2025-10-14 09:59:25,004 [INFO] IPUIPlugin:74 - create IPUIPlugin
2025-10-14 09:59:25,224 [INFO] OpenFileManager:333 - Restore cursor
2025-10-14 09:59:25,573 [INFO] UtilMem:74 - End SaveConfig() Used Memory: 918350856 Bytes (1073741824)
2025-10-14 09:59:25,761 [INFO] UtilMem:74 - End SaveConfig() Used Memory: 929358856 Bytes (1073741824)
2025-10-14 09:59:26,191 [INFO] BlockDiagram:2740 - set Specific Code input for plugin: NVIC
2025-10-14 09:59:26,191 [INFO] BlockDiagram:2740 - set Specific Code input for plugin: SYS
2025-10-14 09:59:26,191 [INFO] BlockDiagram:2740 - set Specific Code input for plugin: RCC
2025-10-14 09:59:26,191 [INFO] CodeGenerator:663 - code generatio: config db path: D:\251\vxl\cube\STM32CubeIDE_1.7.0\STM32CubeIDE\plugins\com.st.stm32cube.common.mx_6.3.0.202107141111\\db\
2025-10-14 09:59:26,624 [INFO] CodeEngine:239 - oldGeneratedFile, D:\251\vxl\gitlab3\code\lab3\MXTmpFiles\license.tmp_save
2025-10-14 09:59:27,071 [INFO] CodeEngine:257 - Generated code: D:\251\vxl\gitlab3\code\lab3\MXTmpFiles\license.tmp
2025-10-14 09:59:27,381 [INFO] CodeEngine:239 - oldGeneratedFile, D:\251\vxl\gitlab3\code\lab3\Core\Src\stm32f1xx_it.c_save
2025-10-14 09:59:27,536 [INFO] CodeEngine:257 - Generated code: D:\251\vxl\gitlab3\code\lab3\Core\Src\stm32f1xx_it.c
2025-10-14 09:59:27,573 [INFO] CodeEngine:239 - oldGeneratedFile, D:\251\vxl\gitlab3\code\lab3\Core\Inc\stm32f1xx_it.h_save
2025-10-14 09:59:27,649 [INFO] CodeEngine:257 - Generated code: D:\251\vxl\gitlab3\code\lab3\Core\Inc\stm32f1xx_it.h
2025-10-14 09:59:27,676 [INFO] CodeEngine:239 - oldGeneratedFile, D:\251\vxl\gitlab3\code\lab3\Core\Src\stm32f1xx_hal_msp.c_save
2025-10-14 09:59:27,781 [INFO] CodeEngine:257 - Generated code: D:\251\vxl\gitlab3\code\lab3\Core\Src\stm32f1xx_hal_msp.c
2025-10-14 09:59:27,791 [INFO] CodeEngine:239 - oldGeneratedFile, D:\251\vxl\gitlab3\code\lab3\MXTmpFiles\system.tmp_save
2025-10-14 09:59:27,881 [INFO] CodeEngine:257 - Generated code: D:\251\vxl\gitlab3\code\lab3\MXTmpFiles\system.tmp
2025-10-14 09:59:27,931 [INFO] CodeEngine:239 - oldGeneratedFile, D:\251\vxl\gitlab3\code\lab3\Core\Inc\stm32f1xx_hal_conf.h_save
2025-10-14 09:59:28,011 [INFO] CodeEngine:257 - Generated code: D:\251\vxl\gitlab3\code\lab3\Core\Inc\stm32f1xx_hal_conf.h
2025-10-14 09:59:28,241 [INFO] CodeEngine:239 - oldGeneratedFile, D:\251\vxl\gitlab3\code\lab3\Core\Inc\main.h_save
2025-10-14 09:59:28,321 [INFO] CodeEngine:257 - Generated code: D:\251\vxl\gitlab3\code\lab3\Core\Inc\main.h
2025-10-14 09:59:28,341 [INFO] CodeEngine:239 - oldGeneratedFile, D:\251\vxl\gitlab3\code\lab3\Core\Src\main.c_save
2025-10-14 09:59:28,471 [INFO] CodeEngine:257 - Generated code: D:\251\vxl\gitlab3\code\lab3\Core\Src\main.c
2025-10-14 09:59:29,501 [INFO] ProjectBuilder:2578 - Time for Copy HAL[1] : 330mS.
2025-10-14 09:59:29,511 [INFO] ProjectBuilder:3622 - Project Generator version: 3.14.1
2025-10-14 09:59:30,331 [INFO] ConfigFileManager:1271 - The Die is : DIE412
2025-10-14 09:59:30,441 [INFO] ApiDbMcu:468 - Load IP Config File for FATFS
2025-10-14 09:59:30,501 [INFO] ApiDbMcu:468 - Load IP Config File for FREERTOS
2025-10-14 09:59:30,551 [INFO] ApiDbMcu:468 - Load IP Config File for USB_DEVICE
2025-10-14 09:59:39,228 [INFO] ProjectBuilder:3789 - Time for Generating toolchain IDE Files: 9717mS.
2025-10-14 09:59:39,239 [INFO] ProjectBuilder:2457 - Time for Copy CMSIS : 11mS.
2025-10-14 09:59:39,245 [INFO] ProjectBuilder:2457 - Time for Copy CMSIS : 0mS.
2025-10-14 09:59:40,056 [INFO] McuFinderGlobals:52 - Set McuFinderConnectedMode to true
2025-10-14 09:59:40,061 [INFO] ApiDb:276 - Save user favorites file C:\Users\DELL/.stm32cubeide/favorites.mcus.txt: 0 item(s)
2025-10-14 09:59:40,061 [INFO] ApiDb:280 - User favorites MCUs=[]
2025-10-14 10:01:18,105 [INFO] UtilMem:74 - End SaveConfig() Used Memory: 951417896 Bytes (1073741824)
2025-10-14 10:01:19,371 [INFO] UtilMem:74 - End SaveConfig() Used Memory: 849691504 Bytes (1073741824)
2025-10-14 10:01:24,492 [INFO] UtilMem:74 - End SaveConfig() Used Memory: 866752648 Bytes (1073741824)
2025-10-14 10:01:24,793 [INFO] BlockDiagram:2740 - set Specific Code input for plugin: NVIC
2025-10-14 10:01:24,793 [INFO] BlockDiagram:2740 - set Specific Code input for plugin: SYS
2025-10-14 10:01:24,793 [INFO] BlockDiagram:2740 - set Specific Code input for plugin: RCC
2025-10-14 10:01:24,793 [INFO] CodeGenerator:663 - code generatio: config db path: D:\251\vxl\cube\STM32CubeIDE_1.7.0\STM32CubeIDE\plugins\com.st.stm32cube.common.mx_6.3.0.202107141111\\db\
2025-10-14 10:01:25,151 [INFO] CodeEngine:239 - oldGeneratedFile, D:\251\vxl\gitlab3\code\lab3\MXTmpFiles\license.tmp_save
2025-10-14 10:01:25,223 [INFO] CodeEngine:257 - Generated code: D:\251\vxl\gitlab3\code\lab3\MXTmpFiles\license.tmp
2025-10-14 10:01:25,261 [INFO] CodeEngine:239 - oldGeneratedFile, D:\251\vxl\gitlab3\code\lab3\Core\Src\stm32f1xx_it.c_save
2025-10-14 10:01:25,411 [INFO] CodeEngine:257 - Generated code: D:\251\vxl\gitlab3\code\lab3\Core\Src\stm32f1xx_it.c
2025-10-14 10:01:25,425 [INFO] CodeEngine:239 - oldGeneratedFile, D:\251\vxl\gitlab3\code\lab3\Core\Inc\stm32f1xx_it.h_save
2025-10-14 10:01:25,526 [INFO] CodeEngine:257 - Generated code: D:\251\vxl\gitlab3\code\lab3\Core\Inc\stm32f1xx_it.h
2025-10-14 10:01:25,566 [INFO] CodeEngine:239 - oldGeneratedFile, D:\251\vxl\gitlab3\code\lab3\Core\Src\stm32f1xx_hal_msp.c_save
2025-10-14 10:01:25,711 [INFO] CodeEngine:257 - Generated code: D:\251\vxl\gitlab3\code\lab3\Core\Src\stm32f1xx_hal_msp.c
2025-10-14 10:01:25,718 [INFO] CodeEngine:239 - oldGeneratedFile, D:\251\vxl\gitlab3\code\lab3\MXTmpFiles\system.tmp_save
2025-10-14 10:01:25,761 [INFO] CodeEngine:257 - Generated code: D:\251\vxl\gitlab3\code\lab3\MXTmpFiles\system.tmp
2025-10-14 10:01:25,793 [INFO] CodeEngine:239 - oldGeneratedFile, D:\251\vxl\gitlab3\code\lab3\Core\Inc\stm32f1xx_hal_conf.h_save
2025-10-14 10:01:25,921 [INFO] CodeEngine:257 - Generated code: D:\251\vxl\gitlab3\code\lab3\Core\Inc\stm32f1xx_hal_conf.h
2025-10-14 10:01:25,960 [INFO] CodeEngine:239 - oldGeneratedFile, D:\251\vxl\gitlab3\code\lab3\Core\Inc\main.h_save
2025-10-14 10:01:26,031 [INFO] CodeEngine:257 - Generated code: D:\251\vxl\gitlab3\code\lab3\Core\Inc\main.h
2025-10-14 10:01:26,051 [INFO] CodeEngine:239 - oldGeneratedFile, D:\251\vxl\gitlab3\code\lab3\Core\Src\main.c_save
2025-10-14 10:01:26,161 [INFO] CodeEngine:257 - Generated code: D:\251\vxl\gitlab3\code\lab3\Core\Src\main.c
2025-10-14 10:01:27,711 [INFO] ProjectBuilder:2578 - Time for Copy HAL[1] : 840mS.
2025-10-14 10:01:27,711 [INFO] ProjectBuilder:3622 - Project Generator version: 3.14.1
2025-10-14 10:01:28,501 [INFO] ConfigFileManager:1271 - The Die is : DIE412
2025-10-14 10:01:31,121 [INFO] ProjectBuilder:3789 - Time for Generating toolchain IDE Files: 3410mS.
2025-10-14 10:01:31,126 [INFO] ProjectBuilder:2457 - Time for Copy CMSIS : 0mS.
2025-10-14 10:01:31,133 [INFO] ProjectBuilder:2457 - Time for Copy CMSIS : 0mS.
2025-10-14 10:05:01,891 [INFO] NvicIntPanel:96 - NVIC parent = com.st.microxplorer.plugins.ip.nvic.MultiNvicIntPanel[,0,0,450x190,layout=javax.swing.BoxLayout,alignmentX=0.0,alignmentY=0.0,border=,flags=9,maximumSize=,minimumSize=,preferredSize=]
2025-10-14 10:05:27,152 [INFO] UtilMem:74 - End SaveConfig() Used Memory: 956252368 Bytes (1073741824)
2025-10-14 10:05:29,265 [INFO] UtilMem:74 - End SaveConfig() Used Memory: 903391448 Bytes (1073741824)
2025-10-14 10:05:29,727 [INFO] UtilMem:74 - End SaveConfig() Used Memory: 934326488 Bytes (1073741824)
2025-10-14 10:05:29,969 [INFO] BlockDiagram:2740 - set Specific Code input for plugin: NVIC
2025-10-14 10:05:29,969 [INFO] BlockDiagram:2740 - set Specific Code input for plugin: SYS
2025-10-14 10:05:29,970 [INFO] BlockDiagram:2740 - set Specific Code input for plugin: GPIO
2025-10-14 10:05:29,970 [INFO] BlockDiagram:2740 - set Specific Code input for plugin: RCC
2025-10-14 10:05:29,970 [INFO] BlockDiagram:2740 - set Specific Code input for plugin: TIM1_8F1
2025-10-14 10:05:29,973 [INFO] CodeGenerator:663 - code generatio: config db path: D:\251\vxl\cube\STM32CubeIDE_1.7.0\STM32CubeIDE\plugins\com.st.stm32cube.common.mx_6.3.0.202107141111\\db\
2025-10-14 10:05:30,312 [INFO] CodeEngine:239 - oldGeneratedFile, D:\251\vxl\gitlab3\code\lab3\MXTmpFiles\license.tmp_save
2025-10-14 10:05:30,372 [INFO] CodeEngine:257 - Generated code: D:\251\vxl\gitlab3\code\lab3\MXTmpFiles\license.tmp
2025-10-14 10:05:30,521 [INFO] CodeEngine:239 - oldGeneratedFile, D:\251\vxl\gitlab3\code\lab3\MXTmpFiles\gpio.tmp_save
2025-10-14 10:05:30,616 [INFO] CodeEngine:257 - Generated code: D:\251\vxl\gitlab3\code\lab3\MXTmpFiles\gpio.tmp
2025-10-14 10:05:30,880 [INFO] CodeEngine:239 - oldGeneratedFile, D:\251\vxl\gitlab3\code\lab3\Core\Src\stm32f1xx_it.c_save
2025-10-14 10:05:31,015 [INFO] CodeEngine:257 - Generated code: D:\251\vxl\gitlab3\code\lab3\Core\Src\stm32f1xx_it.c
2025-10-14 10:05:31,026 [INFO] CodeEngine:239 - oldGeneratedFile, D:\251\vxl\gitlab3\code\lab3\Core\Inc\stm32f1xx_it.h_save
2025-10-14 10:05:31,148 [INFO] CodeEngine:257 - Generated code: D:\251\vxl\gitlab3\code\lab3\Core\Inc\stm32f1xx_it.h
2025-10-14 10:05:31,178 [INFO] CodeEngine:239 - oldGeneratedFile, D:\251\vxl\gitlab3\code\lab3\Core\Src\stm32f1xx_hal_msp.c_save
2025-10-14 10:05:31,325 [INFO] CodeEngine:257 - Generated code: D:\251\vxl\gitlab3\code\lab3\Core\Src\stm32f1xx_hal_msp.c
2025-10-14 10:05:31,332 [INFO] CodeEngine:239 - oldGeneratedFile, D:\251\vxl\gitlab3\code\lab3\MXTmpFiles\system.tmp_save
2025-10-14 10:05:31,405 [INFO] CodeEngine:257 - Generated code: D:\251\vxl\gitlab3\code\lab3\MXTmpFiles\system.tmp
2025-10-14 10:05:31,435 [INFO] CodeEngine:239 - oldGeneratedFile, D:\251\vxl\gitlab3\code\lab3\Core\Inc\stm32f1xx_hal_conf.h_save
2025-10-14 10:05:31,578 [INFO] CodeEngine:257 - Generated code: D:\251\vxl\gitlab3\code\lab3\Core\Inc\stm32f1xx_hal_conf.h
2025-10-14 10:05:31,601 [WARN] IPConfigManager:3148 - IP not found : TIM
2025-10-14 10:05:31,602 [WARN] CodeGenerator:3268 - IP not found : null
2025-10-14 10:05:31,634 [INFO] CodeEngine:239 - oldGeneratedFile, D:\251\vxl\gitlab3\code\lab3\Core\Inc\main.h_save
2025-10-14 10:05:31,775 [INFO] CodeEngine:257 - Generated code: D:\251\vxl\gitlab3\code\lab3\Core\Inc\main.h
2025-10-14 10:05:31,797 [INFO] CodeEngine:239 - oldGeneratedFile, D:\251\vxl\gitlab3\code\lab3\Core\Src\main.c_save
2025-10-14 10:05:31,984 [INFO] CodeEngine:257 - Generated code: D:\251\vxl\gitlab3\code\lab3\Core\Src\main.c
2025-10-14 10:05:33,114 [INFO] ProjectBuilder:2578 - Time for Copy HAL[1] : 444mS.
2025-10-14 10:05:33,122 [INFO] ProjectBuilder:3622 - Project Generator version: 3.14.1
2025-10-14 10:05:33,861 [INFO] ConfigFileManager:1271 - The Die is : DIE412
2025-10-14 10:05:35,705 [INFO] ProjectBuilder:3789 - Time for Generating toolchain IDE Files: 2583mS.
2025-10-14 10:05:35,709 [INFO] ProjectBuilder:2457 - Time for Copy CMSIS : 3mS.
2025-10-14 10:05:35,718 [INFO] ProjectBuilder:2457 - Time for Copy CMSIS : 0mS.
2025-10-15 08:51:36,463 [INFO] Activator:177 - 


2025-10-15 08:51:36,464 [INFO] Activator:178 - !SESSION log4j initialized
2025-10-15 09:14:10,778 [INFO] McuFinderGlobals:39 - Set McuFinder mode to 2 (CubeIDE integrated)
2025-10-15 09:14:11,558 [INFO] ApplicationProperties:181 - Using Application install path: D:\251\vxl\cube\STM32CubeIDE_1.7.0\STM32CubeIDE\plugins\com.st.stm32cube.common.mx_6.3.0.202107141111
2025-10-15 09:14:11,600 [INFO] DbMcusXml:74 - Set database path to: D:\251\vxl\cube\STM32CubeIDE_1.7.0\STM32CubeIDE\plugins\com.st.stm32cube.common.mx_6.3.0.202107141111\\db\/mcu/
2025-10-15 09:14:11,606 [INFO] DbBoardsPdsc:56 - Set plugin database path to: D:\251\vxl\cube\STM32CubeIDE_1.7.0\STM32CubeIDE\plugins\com.st.stm32cube.common.mx_6.3.0.202107141111\\db\/plugins/boardmanager/
2025-10-15 09:14:11,607 [INFO] DbMcus:258 - Set plugin images path to: D:\251\vxl\cube\STM32CubeIDE_1.7.0\STM32CubeIDE\plugins\com.st.stm32cube.common.mx_6.3.0.202107141111\\db\/plugins/mcufinder/images/
2025-10-15 09:14:11,607 [INFO] DbBoards:264 - Set plugin images path to: D:\251\vxl\cube\STM32CubeIDE_1.7.0\STM32CubeIDE\plugins\com.st.stm32cube.common.mx_6.3.0.202107141111\\db\/plugins/mcufinder/images/
2025-10-15 09:14:11,611 [INFO] DbExamples:333 - Set plugin images path to: D:\251\vxl\cube\STM32CubeIDE_1.7.0\STM32CubeIDE\plugins\com.st.stm32cube.common.mx_6.3.0.202107141111\\db\/plugins/mcufinder/images/
2025-10-15 09:14:11,684 [INFO] DbMcusAds:119 - Set database path to: C:\Users\DELL\.stmcufinder\plugins\mcufinder//mcu/
2025-10-15 09:14:11,684 [INFO] DbMcusDocs:110 - Set database path to: C:\Users\DELL\.stmcufinder\plugins\mcufinder//mcu/
2025-10-15 09:14:11,684 [INFO] DbMcusJson:64 - Set database path to: C:\Users\DELL\.stmcufinder\plugins\mcufinder//mcu/
2025-10-15 09:14:11,699 [INFO] DbBoardsDocs:110 - Set database path to: C:\Users\DELL\.stmcufinder\plugins\mcufinder//mcu/
2025-10-15 09:14:11,699 [INFO] DbBoardsJson:57 - Set database path to: C:\Users\DELL\.stmcufinder\plugins\mcufinder//mcu/
2025-10-15 09:14:11,745 [INFO] CrossReferenceDbSqlite:196 - Set database path to: C:\Users\DELL\.stmcufinder\plugins\mcufinder//mcu/cs/
2025-10-15 09:14:11,745 [INFO] DbExamplesSqlite:767 - Set database path to: C:\Users\DELL\.stmcufinder\plugins\mcufinder//mcu/
2025-10-15 09:14:12,011 [INFO] RulesReader:57 - Compatibility file has been processed (242 Rules)
2025-10-15 09:14:12,417 [INFO] DbMcusXml:74 - Set database path to: D:\251\vxl\cube\STM32CubeIDE_1.7.0\STM32CubeIDE\plugins\com.st.stm32cube.common.mx_6.3.0.202107141111\\db\/mcu/
2025-10-15 09:14:12,417 [INFO] DbBoardsPdsc:56 - Set plugin database path to: D:\251\vxl\cube\STM32CubeIDE_1.7.0\STM32CubeIDE\plugins\com.st.stm32cube.common.mx_6.3.0.202107141111\\db\/plugins/boardmanager/
2025-10-15 09:14:12,417 [INFO] DbMcus:258 - Set plugin images path to: D:\251\vxl\cube\STM32CubeIDE_1.7.0\STM32CubeIDE\plugins\com.st.stm32cube.common.mx_6.3.0.202107141111\\db\/plugins/mcufinder/images/
2025-10-15 09:14:12,417 [INFO] DbBoards:264 - Set plugin images path to: D:\251\vxl\cube\STM32CubeIDE_1.7.0\STM32CubeIDE\plugins\com.st.stm32cube.common.mx_6.3.0.202107141111\\db\/plugins/mcufinder/images/
2025-10-15 09:14:12,417 [INFO] DbExamples:333 - Set plugin images path to: D:\251\vxl\cube\STM32CubeIDE_1.7.0\STM32CubeIDE\plugins\com.st.stm32cube.common.mx_6.3.0.202107141111\\db\/plugins/mcufinder/images/
2025-10-15 09:14:12,417 [WARN] DbFile:35 - Overriding database path with different value: C:\Users\DELL\.stmcufinder\plugins\mcufinder/ => C:\Users\DELL\.stmcufinder\plugins\mcufinder
2025-10-15 09:14:12,417 [INFO] DbMcusAds:119 - Set database path to: C:\Users\DELL\.stmcufinder\plugins\mcufinder//mcu/
2025-10-15 09:14:12,417 [WARN] DbFile:35 - Overriding database path with different value: C:\Users\DELL\.stmcufinder\plugins\mcufinder/ => C:\Users\DELL\.stmcufinder\plugins\mcufinder
2025-10-15 09:14:12,417 [INFO] DbMcusDocs:110 - Set database path to: C:\Users\DELL\.stmcufinder\plugins\mcufinder//mcu/
2025-10-15 09:14:12,417 [WARN] DbFile:35 - Overriding database path with different value: C:\Users\DELL\.stmcufinder\plugins\mcufinder/ => C:\Users\DELL\.stmcufinder\plugins\mcufinder
2025-10-15 09:14:12,417 [INFO] DbMcusJson:64 - Set database path to: C:\Users\DELL\.stmcufinder\plugins\mcufinder//mcu/
2025-10-15 09:14:12,417 [WARN] DbFile:35 - Overriding database path with different value: C:\Users\DELL\.stmcufinder\plugins\mcufinder/ => C:\Users\DELL\.stmcufinder\plugins\mcufinder
2025-10-15 09:14:12,417 [INFO] DbBoardsDocs:110 - Set database path to: C:\Users\DELL\.stmcufinder\plugins\mcufinder//mcu/
2025-10-15 09:14:12,417 [WARN] DbFile:35 - Overriding database path with different value: C:\Users\DELL\.stmcufinder\plugins\mcufinder/ => C:\Users\DELL\.stmcufinder\plugins\mcufinder
2025-10-15 09:14:12,417 [INFO] DbBoardsJson:57 - Set database path to: C:\Users\DELL\.stmcufinder\plugins\mcufinder//mcu/
2025-10-15 09:14:12,417 [WARN] DbFile:35 - Overriding database path with different value: C:\Users\DELL\.stmcufinder\plugins\mcufinder/ => C:\Users\DELL\.stmcufinder\plugins\mcufinder
2025-10-15 09:14:12,417 [WARN] DbFile:35 - Overriding database path with different value: C:\Users\DELL\.stmcufinder\plugins\mcufinder/ => C:\Users\DELL\.stmcufinder\plugins\mcufinder
2025-10-15 09:14:12,417 [INFO] CrossReferenceDbSqlite:196 - Set database path to: C:\Users\DELL\.stmcufinder\plugins\mcufinder//mcu/cs/
2025-10-15 09:14:12,417 [WARN] DbFile:35 - Overriding database path with different value: C:\Users\DELL\.stmcufinder\plugins\mcufinder/ => C:\Users\DELL\.stmcufinder\plugins\mcufinder
2025-10-15 09:14:12,417 [INFO] DbExamplesSqlite:767 - Set database path to: C:\Users\DELL\.stmcufinder\plugins\mcufinder//mcu/
2025-10-15 09:14:12,621 [INFO] MainPanel:214 - HeapMemory: 952107008
2025-10-15 09:14:12,844 [INFO] DbMcusXml:74 - Set database path to: D:\251\vxl\cube\STM32CubeIDE_1.7.0\STM32CubeIDE\plugins\com.st.stm32cube.common.mx_6.3.0.202107141111\\db\/mcu/
2025-10-15 09:14:12,844 [INFO] DbBoardsPdsc:56 - Set plugin database path to: D:\251\vxl\cube\STM32CubeIDE_1.7.0\STM32CubeIDE\plugins\com.st.stm32cube.common.mx_6.3.0.202107141111\\db\/plugins/boardmanager/
2025-10-15 09:14:12,844 [INFO] DbMcus:258 - Set plugin images path to: D:\251\vxl\cube\STM32CubeIDE_1.7.0\STM32CubeIDE\plugins\com.st.stm32cube.common.mx_6.3.0.202107141111\\db\/plugins/mcufinder/images/
2025-10-15 09:14:12,844 [INFO] DbBoards:264 - Set plugin images path to: D:\251\vxl\cube\STM32CubeIDE_1.7.0\STM32CubeIDE\plugins\com.st.stm32cube.common.mx_6.3.0.202107141111\\db\/plugins/mcufinder/images/
2025-10-15 09:14:12,844 [INFO] DbExamples:333 - Set plugin images path to: D:\251\vxl\cube\STM32CubeIDE_1.7.0\STM32CubeIDE\plugins\com.st.stm32cube.common.mx_6.3.0.202107141111\\db\/plugins/mcufinder/images/
2025-10-15 09:14:12,844 [WARN] DbFile:35 - Overriding database path with different value: C:\Users\DELL\.stmcufinder\plugins\mcufinder/ => C:\Users\DELL\.stmcufinder\plugins\mcufinder
2025-10-15 09:14:12,844 [INFO] DbMcusAds:119 - Set database path to: C:\Users\DELL\.stmcufinder\plugins\mcufinder//mcu/
2025-10-15 09:14:12,844 [WARN] DbFile:35 - Overriding database path with different value: C:\Users\DELL\.stmcufinder\plugins\mcufinder/ => C:\Users\DELL\.stmcufinder\plugins\mcufinder
2025-10-15 09:14:12,844 [INFO] DbMcusDocs:110 - Set database path to: C:\Users\DELL\.stmcufinder\plugins\mcufinder//mcu/
2025-10-15 09:14:12,844 [WARN] DbFile:35 - Overriding database path with different value: C:\Users\DELL\.stmcufinder\plugins\mcufinder/ => C:\Users\DELL\.stmcufinder\plugins\mcufinder
2025-10-15 09:14:12,844 [INFO] DbMcusJson:64 - Set database path to: C:\Users\DELL\.stmcufinder\plugins\mcufinder//mcu/
2025-10-15 09:14:12,844 [WARN] DbFile:35 - Overriding database path with different value: C:\Users\DELL\.stmcufinder\plugins\mcufinder/ => C:\Users\DELL\.stmcufinder\plugins\mcufinder
2025-10-15 09:14:12,844 [INFO] DbBoardsDocs:110 - Set database path to: C:\Users\DELL\.stmcufinder\plugins\mcufinder//mcu/
2025-10-15 09:14:12,844 [WARN] DbFile:35 - Overriding database path with different value: C:\Users\DELL\.stmcufinder\plugins\mcufinder/ => C:\Users\DELL\.stmcufinder\plugins\mcufinder
2025-10-15 09:14:12,844 [INFO] DbBoardsJson:57 - Set database path to: C:\Users\DELL\.stmcufinder\plugins\mcufinder//mcu/
2025-10-15 09:14:12,844 [WARN] DbFile:35 - Overriding database path with different value: C:\Users\DELL\.stmcufinder\plugins\mcufinder/ => C:\Users\DELL\.stmcufinder\plugins\mcufinder
2025-10-15 09:14:12,844 [WARN] DbFile:35 - Overriding database path with different value: C:\Users\DELL\.stmcufinder\plugins\mcufinder/ => C:\Users\DELL\.stmcufinder\plugins\mcufinder
2025-10-15 09:14:12,844 [INFO] CrossReferenceDbSqlite:196 - Set database path to: C:\Users\DELL\.stmcufinder\plugins\mcufinder//mcu/cs/
2025-10-15 09:14:12,844 [WARN] DbFile:35 - Overriding database path with different value: C:\Users\DELL\.stmcufinder\plugins\mcufinder/ => C:\Users\DELL\.stmcufinder\plugins\mcufinder
2025-10-15 09:14:12,844 [INFO] DbExamplesSqlite:767 - Set database path to: C:\Users\DELL\.stmcufinder\plugins\mcufinder//mcu/
2025-10-15 09:14:12,880 [INFO] ApplicationProperties:181 - Using Application install path: D:\251\vxl\cube\STM32CubeIDE_1.7.0\STM32CubeIDE\plugins\com.st.stm32cube.common.mx_6.3.0.202107141111
2025-10-15 09:14:12,880 [INFO] PluginManage:188 - Search for loadable plugins [exclusion list=, ]
2025-10-15 09:14:12,896 [INFO] PluginManage:302 - Check plugin analytics
2025-10-15 09:14:13,154 [INFO] AnalyticsPlugin:257 - Accepted Software Licenses: 
2025-10-15 09:14:13,155 [INFO] AnalyticsPlugin:259 - Accepted CMSIS Pack Licenses: 
2025-10-15 09:14:13,156 [INFO] AnalyticsPlugin:261 - Accepted Firmware Licenses: 
2025-10-15 09:14:13,156 [INFO] PluginManage:352 - Loaded plugin analytics (category:tool,tabindex:-1)
2025-10-15 09:14:13,157 [INFO] PluginManage:302 - Check plugin clock
2025-10-15 09:14:13,199 [INFO] PluginManage:352 - Loaded plugin clock (category:base,tabindex:2)
2025-10-15 09:14:13,199 [INFO] PluginManage:302 - Check plugin ddr
2025-10-15 09:14:13,215 [INFO] PluginManage:352 - Loaded plugin ddr (category:tool,tabindex:6)
2025-10-15 09:14:13,215 [INFO] PluginManage:302 - Check plugin filemanager
2025-10-15 09:14:13,496 [INFO] PluginManage:352 - Loaded plugin filemanager (category:base,tabindex:10)
2025-10-15 09:14:13,496 [INFO] PluginManage:302 - Check plugin ipmanager
2025-10-15 09:14:13,509 [INFO] PluginManage:352 - Loaded plugin ipmanager (category:base,tabindex:5)
2025-10-15 09:14:13,509 [INFO] PluginManage:302 - Check plugin pinoutandconfiguration
2025-10-15 09:14:13,526 [INFO] PluginManage:352 - Loaded plugin pinoutandconfiguration (category:base,tabindex:1)
2025-10-15 09:14:13,526 [INFO] PluginManage:302 - Check plugin pinoutconfig
2025-10-15 09:14:13,588 [INFO] PluginManage:352 - Loaded plugin pinoutconfig (category:base,tabindex:0)
2025-10-15 09:14:13,589 [INFO] PluginManage:302 - Check plugin power
2025-10-15 09:14:13,672 [INFO] PluginManage:352 - Loaded plugin power (category:power,tabindex:4)
2025-10-15 09:14:13,672 [INFO] PluginManage:302 - Check plugin projectmanager
2025-10-15 09:14:13,690 [INFO] PluginManage:352 - Loaded plugin projectmanager (category:projectmanager,tabindex:3)
2025-10-15 09:14:13,690 [INFO] PluginManage:302 - Check plugin thirdparty
2025-10-15 09:14:14,158 [WARN] IntegrityCheckThread:78 - waiting for thirdparty lock release [integrity check]
2025-10-15 09:14:14,159 [INFO] IntegrityCheckThread:80 - entering critical section [integrity check]
2025-10-15 09:14:14,159 [INFO] PluginManage:352 - Loaded plugin thirdparty (category:base,tabindex:-1)
2025-10-15 09:14:14,159 [INFO] PluginManage:302 - Check plugin tools
2025-10-15 09:14:14,159 [INFO] ThirdPartyUpdaterWithRetryManager:66 - Updater plugin not ready yet. [1/15]
2025-10-15 09:14:14,238 [INFO] PluginManage:352 - Loaded plugin tools (category:base,tabindex:7)
2025-10-15 09:14:14,238 [INFO] PluginManage:302 - Check plugin tutovideos
2025-10-15 09:14:14,647 [INFO] PluginManage:352 - Loaded plugin tutovideos (category:base,tabindex:-1)
2025-10-15 09:14:14,647 [INFO] PluginManage:302 - Check plugin updater
2025-10-15 09:14:14,699 [INFO] PluginManage:352 - Loaded plugin updater (category:base,tabindex:12)
2025-10-15 09:14:14,699 [INFO] PluginManage:275 - PluginManage : Loaded plugins [13]
2025-10-15 09:14:14,923 [INFO] PinOutPanel:1463 - setPackage(No Configuration,No Configuration)
2025-10-15 09:14:15,059 [INFO] IPUIPlugin:74 - create IPUIPlugin
2025-10-15 09:14:15,059 [INFO] PluginManager:213 - loadIPPluginJar : add adc
2025-10-15 09:14:15,121 [INFO] IPUIPlugin:74 - create IPUIPlugin
2025-10-15 09:14:15,121 [INFO] PluginManager:213 - loadIPPluginJar : add aes
2025-10-15 09:14:15,168 [INFO] IPUIPlugin:74 - create IPUIPlugin
2025-10-15 09:14:15,184 [INFO] PluginManager:213 - loadIPPluginJar : add can
2025-10-15 09:14:15,230 [INFO] IPUIPlugin:74 - create IPUIPlugin
2025-10-15 09:14:15,230 [INFO] PluginManager:213 - loadIPPluginJar : add comp
2025-10-15 09:14:15,277 [INFO] IPUIPlugin:74 - create IPUIPlugin
2025-10-15 09:14:15,277 [INFO] PluginManager:213 - loadIPPluginJar : add cryp
2025-10-15 09:14:15,327 [INFO] IPUIPlugin:74 - create IPUIPlugin
2025-10-15 09:14:15,328 [INFO] PluginManager:213 - loadIPPluginJar : add dfsdm
2025-10-15 09:14:15,340 [INFO] IPUIPlugin:74 - create IPUIPlugin
2025-10-15 09:14:15,340 [INFO] PluginManager:213 - loadIPPluginJar : add dma
2025-10-15 09:14:15,402 [INFO] IPUIPlugin:74 - create IPUIPlugin
2025-10-15 09:14:15,402 [INFO] PluginManager:213 - loadIPPluginJar : add dma3
2025-10-15 09:14:15,441 [INFO] IPUIPlugin:74 - create IPUIPlugin
2025-10-15 09:14:15,441 [INFO] PluginManager:213 - loadIPPluginJar : add fatfs
2025-10-15 09:14:15,495 [INFO] IPUIPlugin:74 - create IPUIPlugin
2025-10-15 09:14:15,495 [INFO] PluginManager:213 - loadIPPluginJar : add fmc
2025-10-15 09:14:15,558 [INFO] IPUIPlugin:74 - create IPUIPlugin
2025-10-15 09:14:15,558 [INFO] PluginManager:213 - loadIPPluginJar : add freertos
2025-10-15 09:14:15,605 [INFO] IPUIPlugin:74 - create IPUIPlugin
2025-10-15 09:14:15,605 [INFO] PluginManager:213 - loadIPPluginJar : add genericplugin
2025-10-15 09:14:15,715 [INFO] IPUIPlugin:74 - create IPUIPlugin
2025-10-15 09:14:15,715 [INFO] PluginManager:213 - loadIPPluginJar : add gfxmmu
2025-10-15 09:14:16,029 [INFO] IPUIPlugin:74 - create IPUIPlugin
2025-10-15 09:14:16,029 [INFO] PluginManager:213 - loadIPPluginJar : add gic
2025-10-15 09:14:16,044 [INFO] IPUIPlugin:74 - create IPUIPlugin
2025-10-15 09:14:16,044 [INFO] PluginManager:213 - loadIPPluginJar : add gpio
2025-10-15 09:14:16,151 [INFO] IPUIPlugin:74 - create IPUIPlugin
2025-10-15 09:14:16,151 [INFO] PluginManager:213 - loadIPPluginJar : add gtzc
2025-10-15 09:14:16,182 [INFO] IPUIPlugin:74 - create IPUIPlugin
2025-10-15 09:14:16,182 [INFO] PluginManager:213 - loadIPPluginJar : add hash
2025-10-15 09:14:16,262 [INFO] IPUIPlugin:74 - create IPUIPlugin
2025-10-15 09:14:16,262 [INFO] PluginManager:213 - loadIPPluginJar : add i2c
2025-10-15 09:14:16,324 [INFO] IPUIPlugin:74 - create IPUIPlugin
2025-10-15 09:14:16,324 [INFO] PluginManager:213 - loadIPPluginJar : add i2s
2025-10-15 09:14:16,340 [INFO] IPUIPlugin:74 - create IPUIPlugin
2025-10-15 09:14:16,340 [INFO] PluginManager:213 - loadIPPluginJar : add ipddr
2025-10-15 09:14:16,465 [INFO] IPUIPlugin:74 - create IPUIPlugin
2025-10-15 09:14:16,465 [INFO] PluginManager:213 - loadIPPluginJar : add linkedlist
2025-10-15 09:14:16,526 [INFO] IPUIPlugin:74 - create IPUIPlugin
2025-10-15 09:14:16,526 [INFO] PluginManager:213 - loadIPPluginJar : add lorawan
2025-10-15 09:14:16,573 [INFO] IPUIPlugin:74 - create IPUIPlugin
2025-10-15 09:14:16,573 [INFO] PluginManager:213 - loadIPPluginJar : add ltdc
2025-10-15 09:14:16,589 [INFO] IPUIPlugin:74 - create IPUIPlugin
2025-10-15 09:14:16,589 [INFO] PluginManager:213 - loadIPPluginJar : add mdma
2025-10-15 09:14:16,605 [INFO] IPUIPlugin:74 - create IPUIPlugin
2025-10-15 09:14:16,605 [INFO] PluginManager:213 - loadIPPluginJar : add nvic
2025-10-15 09:14:16,651 [INFO] IPUIPlugin:74 - create IPUIPlugin
2025-10-15 09:14:16,651 [INFO] PluginManager:213 - loadIPPluginJar : add opamp
2025-10-15 09:14:16,740 [INFO] IPUIPlugin:74 - create IPUIPlugin
2025-10-15 09:14:16,741 [INFO] PluginManager:213 - loadIPPluginJar : add openamp
2025-10-15 09:14:16,792 [INFO] IPUIPlugin:74 - create IPUIPlugin
2025-10-15 09:14:16,792 [INFO] PluginManager:213 - loadIPPluginJar : add pdm2pcm
2025-10-15 09:14:16,807 [INFO] IPUIPlugin:74 - create IPUIPlugin
2025-10-15 09:14:16,807 [INFO] PluginManager:213 - loadIPPluginJar : add plateformsettings
2025-10-15 09:14:16,854 [INFO] IPUIPlugin:74 - create IPUIPlugin
2025-10-15 09:14:16,854 [INFO] PluginManager:213 - loadIPPluginJar : add quadspi
2025-10-15 09:14:16,904 [INFO] IPUIPlugin:74 - create IPUIPlugin
2025-10-15 09:14:16,904 [INFO] PluginManager:213 - loadIPPluginJar : add resmgrutility
2025-10-15 09:14:16,997 [INFO] IPUIPlugin:74 - create IPUIPlugin
2025-10-15 09:14:16,997 [INFO] PluginManager:213 - loadIPPluginJar : add sai
2025-10-15 09:14:17,043 [INFO] IPUIPlugin:74 - create IPUIPlugin
2025-10-15 09:14:17,043 [INFO] PluginManager:213 - loadIPPluginJar : add spi
2025-10-15 09:14:17,121 [INFO] IPUIPlugin:74 - create IPUIPlugin
2025-10-15 09:14:17,121 [INFO] PluginManager:213 - loadIPPluginJar : add stm32_wpan
2025-10-15 09:14:17,152 [INFO] IPUIPlugin:74 - create IPUIPlugin
2025-10-15 09:14:17,152 [INFO] PluginManager:213 - loadIPPluginJar : add tim
2025-10-15 09:14:17,168 [INFO] ThirdPartyUpdaterWithRetryManager:66 - Updater plugin not ready yet. [2/15]
2025-10-15 09:14:17,230 [INFO] IPUIPlugin:74 - create IPUIPlugin
2025-10-15 09:14:17,230 [INFO] PluginManager:213 - loadIPPluginJar : add touchsensing
2025-10-15 09:14:17,280 [INFO] IPUIPlugin:74 - create IPUIPlugin
2025-10-15 09:14:17,280 [INFO] PluginManager:213 - loadIPPluginJar : add tracer_emb
2025-10-15 09:14:17,309 [INFO] IPUIPlugin:74 - create IPUIPlugin
2025-10-15 09:14:17,309 [INFO] PluginManager:213 - loadIPPluginJar : add ts
2025-10-15 09:14:17,356 [INFO] IPUIPlugin:74 - create IPUIPlugin
2025-10-15 09:14:17,356 [INFO] PluginManager:213 - loadIPPluginJar : add tsc
2025-10-15 09:14:17,401 [INFO] IPUIPlugin:74 - create IPUIPlugin
2025-10-15 09:14:17,402 [INFO] PluginManager:213 - loadIPPluginJar : add ucpd
2025-10-15 09:14:17,449 [INFO] IPUIPlugin:74 - create IPUIPlugin
2025-10-15 09:14:17,449 [INFO] PluginManager:213 - loadIPPluginJar : add usart
2025-10-15 09:14:17,512 [INFO] IPUIPlugin:74 - create IPUIPlugin
2025-10-15 09:14:17,512 [INFO] PluginManager:213 - loadIPPluginJar : add usbx
2025-10-15 09:14:17,907 [FATAL] Updater:294 - Updater called before beeing initialized
2025-10-15 09:14:18,039 [FATAL] Updater:294 - Updater called before beeing initialized
2025-10-15 09:14:18,052 [INFO] DbMcusAds:47 - JSON generation date=Thu Oct 02 16:36:05 ICT 2025 (1759397765645)
2025-10-15 09:14:18,053 [FATAL] Updater:294 - Updater called before beeing initialized
2025-10-15 09:14:18,215 [WARN] DetailPanel:314 - Failed to get advertising image, set to default
2025-10-15 09:14:18,309 [FATAL] Updater:294 - Updater called before beeing initialized
2025-10-15 09:14:18,324 [FATAL] Updater:294 - Updater called before beeing initialized
2025-10-15 09:14:18,324 [FATAL] Updater:294 - Updater called before beeing initialized
2025-10-15 09:14:18,324 [WARN] DetailPanel:314 - Failed to get advertising image, set to default
2025-10-15 09:14:18,324 [FATAL] Updater:294 - Updater called before beeing initialized
2025-10-15 09:14:18,403 [ERROR] Updater:1075 - MainUpdater not yet initialized. External WinMGr cannot be set.
2025-10-15 09:14:18,419 [INFO] Updater:1012 - Updater Version found : 6.3.0
2025-10-15 09:14:18,450 [INFO] ApplicationProperties:181 - Using Application install path: D:\251\vxl\cube\STM32CubeIDE_1.7.0\STM32CubeIDE\plugins\com.st.stm32cube.common.mx_6.3.0.202107141111
2025-10-15 09:14:19,036 [INFO] MainUpdater:2671 - connection check result : 10
2025-10-15 09:14:19,037 [INFO] MainUpdater:265 - Updater Check For Update Now.
2025-10-15 09:14:19,037 [INFO] MicroXplorer:478 - Change Database Version : DB.6.0.30
2025-10-15 09:14:19,215 [INFO] CheckServerUpdateThread:112 - End of CheckServer Thread
2025-10-15 09:14:19,293 [INFO] MainUpdater:2671 - connection check result : 10
2025-10-15 09:14:19,296 [INFO] MainUpdater:2671 - connection check result : 10
2025-10-15 09:14:19,690 [INFO] MicroXplorer:448 - Change Database Path : 
2025-10-15 09:14:19,691 [INFO] MicroXplorer:478 - Change Database Version : DB.6.0.30
2025-10-15 09:14:19,691 [WARN] ThirdParty:813 - waiting for thirdparty lock release [close project]
2025-10-15 09:14:20,308 [ERROR] Engine:463 - C:\Users\DELL\.stm32cubemx\thirdparties\pdsc\Avnet-IotConnect.X-CUBE-IoTC-DA16k-PMOD.1.0.0.pdsc: PDSC version is not supported
2025-10-15 09:14:20,324 [ERROR] Engine:463 - C:\Users\DELL\.stm32cubemx\thirdparties\pdsc\STMicroelectronics.X-CUBE-IPS.3.2.0.pdsc: PDSC version is not supported
2025-10-15 09:14:20,340 [ERROR] Engine:463 - C:\Users\DELL\.stm32cubemx\thirdparties\pdsc\WES.I-CUBE-Cesium.1.4.0.pdsc: PDSC version is not supported
2025-10-15 09:14:20,355 [ERROR] Engine:463 - C:\Users\DELL\.stm32cubemx\thirdparties\pdsc\STMicroelectronics.X-CUBE-FREERTOS.1.3.1.pdsc: PDSC version is not supported
2025-10-15 09:14:20,402 [WARN] PackLoader:238 - Cannot read IP mode file for STMicroelectronics.X-CUBE-TOUCHGFX.4.26.0
2025-10-15 09:14:20,418 [WARN] PackLoader:238 - Cannot read IP mode file for STMicroelectronics.X-CUBE-TOUCHGFX.4.25.0
2025-10-15 09:14:20,433 [ERROR] Engine:463 - C:\Users\DELL\.stm32cubemx\thirdparties\pdsc\STMicroelectronics.X-CUBE-ST67W61.1.1.0.pdsc: PDSC version is not supported
2025-10-15 09:14:20,449 [ERROR] Engine:463 - C:\Users\DELL\.stm32cubemx\thirdparties\pdsc\STMicroelectronics.X-CUBE-IPS.3.1.0.pdsc: PDSC version is not supported
2025-10-15 09:14:20,449 [INFO] ThirdParty:915 - Integrity check success = true
2025-10-15 09:14:20,449 [INFO] IntegrityCheckThread:94 - exiting critical section [integrity check]
2025-10-15 09:14:20,449 [INFO] IntegrityCheckThread:97 - End integrity checks thread
2025-10-15 09:14:20,449 [INFO] ThirdParty:815 - entering critical section [close project]
2025-10-15 09:14:20,449 [INFO] ThirdParty:825 - exiting critical section [close project]
2025-10-15 09:14:20,449 [INFO] PinOutPanel:1463 - setPackage(No Configuration,No Configuration)
2025-10-15 09:14:20,449 [INFO] UtilMem:74 - Begin LoadConfig() Used Memory: 872022872 Bytes (952107008)
2025-10-15 09:14:20,449 [INFO] MicroXplorer:448 - Change Database Path : 
2025-10-15 09:14:20,449 [INFO] MicroXplorer:478 - Change Database Version : DB.6.0.30
2025-10-15 09:14:20,449 [INFO] OpenFileManager:313 - Change cursor
2025-10-15 09:14:22,027 [INFO] Context:592 - Trying to add GPIOservice into a context  which must be forbidden
2025-10-15 09:14:22,355 [INFO] RtosManager:484 - Registered RTOS mode: class=CMSIS, group=RTOS, mode=CMSIS_V1, owner=FREERTOS
2025-10-15 09:14:22,355 [INFO] RtosManager:484 - Registered RTOS mode: class=CMSIS, group=RTOS2, mode=CMSIS_V2, owner=FREERTOS
2025-10-15 09:14:22,355 [INFO] RtosManager:484 - Registered RTOS mode: class=RTOS, group=Core, mode=CMSIS_V1, owner=FREERTOS
2025-10-15 09:14:22,355 [INFO] RtosManager:484 - Registered RTOS mode: class=RTOS, group=Core, mode=CMSIS_V2, owner=FREERTOS
2025-10-15 09:14:22,355 [WARN] ModelIntegratedComponent:181 - Missing modes for component STMicroelectronics:FreeRTOS:0.0.1:STMicroelectronics:RTOS:FreeRTOS:Core:::10.2.0:
2025-10-15 09:14:22,371 [WARN] ModelIntegratedComponent:60 - No mode defined for component null
2025-10-15 09:14:22,371 [WARN] ModelIntegratedComponent:60 - No mode defined for component null
2025-10-15 09:14:22,371 [WARN] ModelIntegratedComponent:60 - No mode defined for component null
2025-10-15 09:14:22,371 [WARN] ModelIntegratedComponent:60 - No mode defined for component null
2025-10-15 09:14:22,372 [WARN] ModelIntegratedComponent:60 - No mode defined for component null
2025-10-15 09:14:22,372 [WARN] ModelIntegratedComponent:60 - No mode defined for component null
2025-10-15 09:14:22,372 [WARN] ModelIntegratedComponent:60 - No mode defined for component null
2025-10-15 09:14:22,372 [WARN] ModelIntegratedComponent:60 - No mode defined for component null
2025-10-15 09:14:22,372 [WARN] ModelIntegratedComponent:60 - No mode defined for component null
2025-10-15 09:14:22,372 [WARN] ModelIntegratedComponent:60 - No mode defined for component null
2025-10-15 09:14:22,372 [WARN] ModelIntegratedComponent:60 - No mode defined for component null
2025-10-15 09:14:22,372 [WARN] ModelIntegratedComponent:60 - No mode defined for component null
2025-10-15 09:14:22,372 [WARN] ModelIntegratedComponent:60 - No mode defined for component null
2025-10-15 09:14:22,372 [WARN] ModelIntegratedComponent:60 - No mode defined for component null
2025-10-15 09:14:22,372 [WARN] ModelIntegratedComponent:60 - No mode defined for component null
2025-10-15 09:14:22,372 [WARN] ModelIntegratedComponent:60 - No mode defined for component null
2025-10-15 09:14:22,372 [WARN] ModelIntegratedComponent:60 - No mode defined for component null
2025-10-15 09:14:22,372 [WARN] ModelIntegratedComponent:60 - No mode defined for component null
2025-10-15 09:14:22,372 [WARN] ModelIntegratedComponent:60 - No mode defined for component null
2025-10-15 09:14:22,372 [WARN] ModelIntegratedComponent:60 - No mode defined for component null
2025-10-15 09:14:22,372 [WARN] ModelIntegratedComponent:60 - No mode defined for component null
2025-10-15 09:14:22,373 [WARN] ModelIntegratedComponent:60 - No mode defined for component null
2025-10-15 09:14:22,373 [WARN] ModelIntegratedComponent:60 - No mode defined for component null
2025-10-15 09:14:22,373 [WARN] ModelIntegratedComponent:60 - No mode defined for component null
2025-10-15 09:14:22,373 [WARN] ModelIntegratedComponent:60 - No mode defined for component null
2025-10-15 09:14:22,373 [WARN] ModelIntegratedComponent:60 - No mode defined for component null
2025-10-15 09:14:22,373 [WARN] ModelIntegratedComponent:60 - No mode defined for component null
2025-10-15 09:14:22,373 [WARN] ModelIntegratedComponent:60 - No mode defined for component null
2025-10-15 09:14:22,373 [WARN] ModelIntegratedComponent:60 - No mode defined for component null
2025-10-15 09:14:22,373 [WARN] ModelIntegratedComponent:60 - No mode defined for component null
2025-10-15 09:14:22,373 [WARN] ModelIntegratedComponent:60 - No mode defined for component null
2025-10-15 09:14:22,460 [INFO] UtilMem:74 - End LoadConfig() Used Memory: 866884144 Bytes (952107008)
2025-10-15 09:14:22,476 [INFO] DbMcusXml:100 - Load MCU database from D:\251\vxl\cube\STM32CubeIDE_1.7.0\STM32CubeIDE\plugins\com.st.stm32cube.common.mx_6.3.0.202107141111\\db\/mcu/families.xml
2025-10-15 09:14:23,356 [INFO] DbMcusJson:93 - JSON generation date=Tue Nov 16 23:17:54 ICT 2021 (1637079474)
2025-10-15 09:14:24,074 [INFO] DbMcus:175 - Found 1951 MCUs (1903 are supported by CubeMX, 1914 are visible in CubeMX)
2025-10-15 09:14:24,074 [INFO] ApiDb:251 - Load user favorites file C:\Users\DELL/.stm32cubeide/favorites.mcus.txt: 0 item(s)
2025-10-15 09:14:24,074 [INFO] ApiDb:255 - User favorites MCUs=[]
2025-10-15 09:14:24,074 [INFO] DbMcus:187 - Set 0 / 0 favorites MCUs
2025-10-15 09:14:24,152 [WARN] ThirdParty:779 - waiting for thirdparty lock release [change project]
2025-10-15 09:14:24,152 [INFO] ThirdParty:781 - entering critical section [change project]
2025-10-15 09:14:24,152 [INFO] ThirdParty:967 - CMSIS Pack Vendor :STMicroelectronics USB_HOST 2.0.0
2025-10-15 09:14:24,152 [INFO] ThirdParty:967 - CMSIS Pack Vendor :STMicroelectronics FreeRTOS 0.0.1
2025-10-15 09:14:24,152 [INFO] ThirdParty:967 - CMSIS Pack Vendor :STMicroelectronics USB_DEVICE 1.0.0
2025-10-15 09:14:24,152 [INFO] ThirdParty:967 - CMSIS Pack Vendor :STMicroelectronics USB_DEVICE 3.0.0
2025-10-15 09:14:24,152 [INFO] ThirdParty:967 - CMSIS Pack Vendor :STMicroelectronics HAL Drivers 0.0.0
2025-10-15 09:14:24,152 [INFO] ThirdParty:967 - CMSIS Pack Vendor :STMicroelectronics MBEDTLS 2.16.2
2025-10-15 09:14:24,152 [INFO] ThirdParty:967 - CMSIS Pack Vendor :STMicroelectronics ThreadX 0.0.2
2025-10-15 09:14:24,152 [INFO] ThirdParty:967 - CMSIS Pack Vendor :STMicroelectronics lwIP 2.0.3
2025-10-15 09:14:24,152 [INFO] ThirdParty:967 - CMSIS Pack Vendor :STMicroelectronics lwIP 2.1.2
2025-10-15 09:14:24,152 [INFO] ThirdParty:967 - CMSIS Pack Vendor :STMicroelectronics MBEDTLS 2.14.1
2025-10-15 09:14:24,152 [INFO] ThirdParty:967 - CMSIS Pack Vendor :STMicroelectronics USB_HOST 1.0.0
2025-10-15 09:14:24,152 [INFO] ThirdParty:967 - CMSIS Pack Vendor :STMicroelectronics X-CUBE-TOUCHGFX 4.26.0
2025-10-15 09:14:24,152 [INFO] ThirdParty:967 - CMSIS Pack Vendor :STMicroelectronics X-CUBE-TOUCHGFX 4.25.0
2025-10-15 09:14:24,152 [INFO] ThirdParty:967 - CMSIS Pack Vendor :STMicroelectronics PDM2PCM 3.1.0
2025-10-15 09:14:24,152 [INFO] ThirdParty:967 - CMSIS Pack Vendor :STMicroelectronics PDM2PCM 3.2.0
2025-10-15 09:14:24,152 [INFO] ThirdParty:967 - CMSIS Pack Vendor :STMicroelectronics USB_DEVICE 2.0.0
2025-10-15 09:14:24,152 [INFO] ThirdParty:967 - CMSIS Pack Vendor :STMicroelectronics PDM2PCM 3.3.0
2025-10-15 09:14:24,152 [INFO] ThirdParty:787 - exiting critical section [change project]
2025-10-15 09:14:24,507 [INFO] PinOutPanel:1463 - setPackage(No Configuration,No Configuration)
2025-10-15 09:14:24,507 [INFO] PinOutPanel:1463 - setPackage(STM32F103C6Ux,UFQFPN48)
2025-10-15 09:14:25,173 [INFO] UtilMem:74 - Before build in PCC Used Memory: 1041762304 Bytes (1073741824)
2025-10-15 09:14:26,230 [INFO] UtilMem:74 - After build in PCC Used Memory: 1032318976 Bytes (1073741824)
2025-10-15 09:14:26,246 [INFO] IPUIPlugin:74 - create IPUIPlugin
2025-10-15 09:14:26,246 [INFO] IPUIPlugin:74 - create IPUIPlugin
2025-10-15 09:14:26,246 [INFO] IPUIPlugin:74 - create IPUIPlugin
2025-10-15 09:14:26,246 [INFO] IPUIPlugin:74 - create IPUIPlugin
2025-10-15 09:14:26,246 [INFO] IPUIPlugin:74 - create IPUIPlugin
2025-10-15 09:14:26,246 [INFO] IPUIPlugin:74 - create IPUIPlugin
2025-10-15 09:14:26,246 [INFO] IPUIPlugin:74 - create IPUIPlugin
2025-10-15 09:14:26,246 [INFO] IPUIPlugin:74 - create IPUIPlugin
2025-10-15 09:14:26,246 [INFO] IPUIPlugin:74 - create IPUIPlugin
2025-10-15 09:14:26,246 [INFO] IPUIPlugin:74 - create IPUIPlugin
2025-10-15 09:14:26,246 [INFO] IPUIPlugin:74 - create IPUIPlugin
2025-10-15 09:14:26,246 [INFO] IPUIPlugin:74 - create IPUIPlugin
2025-10-15 09:14:26,246 [INFO] IPUIPlugin:74 - create IPUIPlugin
2025-10-15 09:14:26,262 [INFO] IPUIPlugin:74 - create IPUIPlugin
2025-10-15 09:14:26,262 [INFO] IPUIPlugin:74 - create IPUIPlugin
2025-10-15 09:14:26,262 [INFO] IPUIPlugin:74 - create IPUIPlugin
2025-10-15 09:14:26,262 [INFO] IPUIPlugin:74 - create IPUIPlugin
2025-10-15 09:14:26,262 [INFO] IPUIPlugin:74 - create IPUIPlugin
2025-10-15 09:14:26,262 [INFO] IPUIPlugin:74 - create IPUIPlugin
2025-10-15 09:14:26,262 [INFO] IPUIPlugin:74 - create IPUIPlugin
2025-10-15 09:14:26,262 [INFO] IPUIPlugin:74 - create IPUIPlugin
2025-10-15 09:14:26,262 [INFO] IPUIPlugin:74 - create IPUIPlugin
2025-10-15 09:14:26,262 [INFO] IPUIPlugin:74 - create IPUIPlugin
2025-10-15 09:14:26,476 [INFO] OpenFileManager:333 - Restore cursor
2025-10-15 09:20:04,814 [INFO] UtilMem:74 - End SaveConfig() Used Memory: 941856496 Bytes (1073741824)
2025-10-15 09:20:04,866 [INFO] UtilMem:74 - End SaveConfig() Used Memory: 953557168 Bytes (1073741824)
2025-10-15 09:20:07,352 [INFO] UtilMem:74 - End SaveConfig() Used Memory: 948614280 Bytes (1073741824)
2025-10-15 09:20:07,722 [INFO] BlockDiagram:2740 - set Specific Code input for plugin: NVIC
2025-10-15 09:20:07,722 [INFO] BlockDiagram:2740 - set Specific Code input for plugin: SYS
2025-10-15 09:20:07,723 [INFO] BlockDiagram:2740 - set Specific Code input for plugin: GPIO
2025-10-15 09:20:07,723 [INFO] BlockDiagram:2740 - set Specific Code input for plugin: RCC
2025-10-15 09:20:07,723 [INFO] BlockDiagram:2740 - set Specific Code input for plugin: TIM1_8F1
2025-10-15 09:20:07,724 [INFO] CodeGenerator:663 - code generatio: config db path: D:\251\vxl\cube\STM32CubeIDE_1.7.0\STM32CubeIDE\plugins\com.st.stm32cube.common.mx_6.3.0.202107141111\\db\
2025-10-15 09:20:08,287 [INFO] CodeEngine:239 - oldGeneratedFile, D:\251\vxl\gitlab3\code\lab3\MXTmpFiles\license.tmp_save
2025-10-15 09:20:08,746 [INFO] CodeEngine:257 - Generated code: D:\251\vxl\gitlab3\code\lab3\MXTmpFiles\license.tmp
2025-10-15 09:20:09,071 [INFO] CodeEngine:239 - oldGeneratedFile, D:\251\vxl\gitlab3\code\lab3\MXTmpFiles\gpio.tmp_save
2025-10-15 09:20:09,154 [INFO] CodeEngine:257 - Generated code: D:\251\vxl\gitlab3\code\lab3\MXTmpFiles\gpio.tmp
2025-10-15 09:20:09,555 [INFO] CodeEngine:239 - oldGeneratedFile, D:\251\vxl\gitlab3\code\lab3\Core\Src\stm32f1xx_it.c_save
2025-10-15 09:20:09,728 [INFO] CodeEngine:257 - Generated code: D:\251\vxl\gitlab3\code\lab3\Core\Src\stm32f1xx_it.c
2025-10-15 09:20:09,774 [INFO] CodeEngine:239 - oldGeneratedFile, D:\251\vxl\gitlab3\code\lab3\Core\Inc\stm32f1xx_it.h_save
2025-10-15 09:20:09,891 [INFO] CodeEngine:257 - Generated code: D:\251\vxl\gitlab3\code\lab3\Core\Inc\stm32f1xx_it.h
2025-10-15 09:20:09,932 [INFO] CodeEngine:239 - oldGeneratedFile, D:\251\vxl\gitlab3\code\lab3\Core\Src\stm32f1xx_hal_msp.c_save
2025-10-15 09:20:10,120 [INFO] CodeEngine:257 - Generated code: D:\251\vxl\gitlab3\code\lab3\Core\Src\stm32f1xx_hal_msp.c
2025-10-15 09:20:10,136 [INFO] CodeEngine:239 - oldGeneratedFile, D:\251\vxl\gitlab3\code\lab3\MXTmpFiles\system.tmp_save
2025-10-15 09:20:10,215 [INFO] CodeEngine:257 - Generated code: D:\251\vxl\gitlab3\code\lab3\MXTmpFiles\system.tmp
2025-10-15 09:20:10,288 [INFO] CodeEngine:239 - oldGeneratedFile, D:\251\vxl\gitlab3\code\lab3\Core\Inc\stm32f1xx_hal_conf.h_save
2025-10-15 09:20:10,434 [INFO] CodeEngine:257 - Generated code: D:\251\vxl\gitlab3\code\lab3\Core\Inc\stm32f1xx_hal_conf.h
2025-10-15 09:20:10,481 [WARN] IPConfigManager:3148 - IP not found : TIM
2025-10-15 09:20:10,481 [WARN] CodeGenerator:3268 - IP not found : null
2025-10-15 09:20:10,542 [INFO] CodeEngine:239 - oldGeneratedFile, D:\251\vxl\gitlab3\code\lab3\Core\Inc\main.h_save
2025-10-15 09:20:10,642 [INFO] CodeEngine:257 - Generated code: D:\251\vxl\gitlab3\code\lab3\Core\Inc\main.h
2025-10-15 09:20:10,672 [INFO] CodeEngine:239 - oldGeneratedFile, D:\251\vxl\gitlab3\code\lab3\Core\Src\main.c_save
2025-10-15 09:20:10,845 [INFO] CodeEngine:257 - Generated code: D:\251\vxl\gitlab3\code\lab3\Core\Src\main.c
2025-10-15 09:20:12,592 [INFO] ProjectBuilder:2578 - Time for Copy HAL[1] : 581mS.
2025-10-15 09:20:12,603 [INFO] ProjectBuilder:3622 - Project Generator version: 3.14.1
2025-10-15 09:20:13,043 [INFO] ConfigFileManager:1271 - The Die is : DIE412
2025-10-15 09:20:13,129 [INFO] ApiDbMcu:468 - Load IP Config File for FATFS
2025-10-15 09:20:13,184 [INFO] ApiDbMcu:468 - Load IP Config File for FREERTOS
2025-10-15 09:20:13,252 [INFO] ApiDbMcu:468 - Load IP Config File for USB_DEVICE
2025-10-15 09:20:17,464 [INFO] ProjectBuilder:3789 - Time for Generating toolchain IDE Files: 4861mS.
2025-10-15 09:20:17,481 [INFO] ProjectBuilder:2457 - Time for Copy CMSIS : 17mS.
2025-10-15 09:20:17,481 [INFO] ProjectBuilder:2457 - Time for Copy CMSIS : 0mS.
2025-10-15 09:55:47,575 [INFO] UtilMem:74 - End SaveConfig() Used Memory: 896939360 Bytes (1073741824)
2025-10-15 09:55:47,637 [INFO] UtilMem:74 - End SaveConfig() Used Memory: 908283592 Bytes (1073741824)
2025-10-15 09:55:48,206 [INFO] UtilMem:74 - End SaveConfig() Used Memory: 947859640 Bytes (1073741824)
2025-10-15 09:55:48,481 [INFO] BlockDiagram:2740 - set Specific Code input for plugin: NVIC
2025-10-15 09:55:48,481 [INFO] BlockDiagram:2740 - set Specific Code input for plugin: SYS
2025-10-15 09:55:48,481 [INFO] BlockDiagram:2740 - set Specific Code input for plugin: GPIO
2025-10-15 09:55:48,481 [INFO] BlockDiagram:2740 - set Specific Code input for plugin: RCC
2025-10-15 09:55:48,481 [INFO] BlockDiagram:2740 - set Specific Code input for plugin: TIM1_8F1
2025-10-15 09:55:48,481 [INFO] CodeGenerator:663 - code generatio: config db path: D:\251\vxl\cube\STM32CubeIDE_1.7.0\STM32CubeIDE\plugins\com.st.stm32cube.common.mx_6.3.0.202107141111\\db\
2025-10-15 09:55:48,825 [INFO] CodeEngine:239 - oldGeneratedFile, D:\251\vxl\gitlab3\code\lab3\MXTmpFiles\license.tmp_save
2025-10-15 09:55:48,933 [INFO] CodeEngine:257 - Generated code: D:\251\vxl\gitlab3\code\lab3\MXTmpFiles\license.tmp
2025-10-15 09:55:49,009 [INFO] CodeEngine:239 - oldGeneratedFile, D:\251\vxl\gitlab3\code\lab3\MXTmpFiles\gpio.tmp_save
2025-10-15 09:55:49,106 [INFO] CodeEngine:257 - Generated code: D:\251\vxl\gitlab3\code\lab3\MXTmpFiles\gpio.tmp
2025-10-15 09:55:49,215 [INFO] CodeEngine:239 - oldGeneratedFile, D:\251\vxl\gitlab3\code\lab3\Core\Src\stm32f1xx_it.c_save
2025-10-15 09:55:49,345 [INFO] CodeEngine:257 - Generated code: D:\251\vxl\gitlab3\code\lab3\Core\Src\stm32f1xx_it.c
2025-10-15 09:55:49,355 [INFO] CodeEngine:239 - oldGeneratedFile, D:\251\vxl\gitlab3\code\lab3\Core\Inc\stm32f1xx_it.h_save
2025-10-15 09:55:49,418 [INFO] CodeEngine:257 - Generated code: D:\251\vxl\gitlab3\code\lab3\Core\Inc\stm32f1xx_it.h
2025-10-15 09:55:49,456 [INFO] CodeEngine:239 - oldGeneratedFile, D:\251\vxl\gitlab3\code\lab3\Core\Src\stm32f1xx_hal_msp.c_save
2025-10-15 09:55:49,545 [INFO] CodeEngine:257 - Generated code: D:\251\vxl\gitlab3\code\lab3\Core\Src\stm32f1xx_hal_msp.c
2025-10-15 09:55:49,553 [INFO] CodeEngine:239 - oldGeneratedFile, D:\251\vxl\gitlab3\code\lab3\MXTmpFiles\system.tmp_save
2025-10-15 09:55:49,636 [INFO] CodeEngine:257 - Generated code: D:\251\vxl\gitlab3\code\lab3\MXTmpFiles\system.tmp
2025-10-15 09:55:49,671 [INFO] CodeEngine:239 - oldGeneratedFile, D:\251\vxl\gitlab3\code\lab3\Core\Inc\stm32f1xx_hal_conf.h_save
2025-10-15 09:55:49,790 [INFO] CodeEngine:257 - Generated code: D:\251\vxl\gitlab3\code\lab3\Core\Inc\stm32f1xx_hal_conf.h
2025-10-15 09:55:49,808 [WARN] IPConfigManager:3148 - IP not found : TIM
2025-10-15 09:55:49,808 [WARN] CodeGenerator:3268 - IP not found : null
2025-10-15 09:55:49,840 [INFO] CodeEngine:239 - oldGeneratedFile, D:\251\vxl\gitlab3\code\lab3\Core\Inc\main.h_save
2025-10-15 09:55:49,949 [INFO] CodeEngine:257 - Generated code: D:\251\vxl\gitlab3\code\lab3\Core\Inc\main.h
2025-10-15 09:55:49,995 [INFO] CodeEngine:239 - oldGeneratedFile, D:\251\vxl\gitlab3\code\lab3\Core\Src\main.c_save
2025-10-15 09:55:50,153 [INFO] CodeEngine:257 - Generated code: D:\251\vxl\gitlab3\code\lab3\Core\Src\main.c
2025-10-15 09:55:51,758 [INFO] ProjectBuilder:2578 - Time for Copy HAL[1] : 873mS.
2025-10-15 09:55:51,762 [INFO] ProjectBuilder:3622 - Project Generator version: 3.14.1
2025-10-15 09:55:52,505 [INFO] ConfigFileManager:1271 - The Die is : DIE412
2025-10-15 09:55:54,434 [INFO] ProjectBuilder:3789 - Time for Generating toolchain IDE Files: 2672mS.
2025-10-15 09:55:54,449 [INFO] ProjectBuilder:2457 - Time for Copy CMSIS : 15mS.
2025-10-15 09:55:54,449 [INFO] ProjectBuilder:2457 - Time for Copy CMSIS : 0mS.
2025-10-15 10:01:16,622 [INFO] UtilMem:74 - End SaveConfig() Used Memory: 894495152 Bytes (1073741824)
2025-10-15 10:01:16,673 [INFO] UtilMem:74 - End SaveConfig() Used Memory: 905189688 Bytes (1073741824)
2025-10-15 10:01:17,183 [INFO] UtilMem:74 - End SaveConfig() Used Memory: 943110512 Bytes (1073741824)
2025-10-15 10:01:17,444 [INFO] BlockDiagram:2740 - set Specific Code input for plugin: NVIC
2025-10-15 10:01:17,444 [INFO] BlockDiagram:2740 - set Specific Code input for plugin: SYS
2025-10-15 10:01:17,444 [INFO] BlockDiagram:2740 - set Specific Code input for plugin: GPIO
2025-10-15 10:01:17,444 [INFO] BlockDiagram:2740 - set Specific Code input for plugin: RCC
2025-10-15 10:01:17,445 [INFO] BlockDiagram:2740 - set Specific Code input for plugin: TIM1_8F1
2025-10-15 10:01:17,446 [INFO] CodeGenerator:663 - code generatio: config db path: D:\251\vxl\cube\STM32CubeIDE_1.7.0\STM32CubeIDE\plugins\com.st.stm32cube.common.mx_6.3.0.202107141111\\db\
2025-10-15 10:01:17,803 [INFO] CodeEngine:239 - oldGeneratedFile, D:\251\vxl\gitlab3\code\lab3\MXTmpFiles\license.tmp_save
2025-10-15 10:01:17,894 [INFO] CodeEngine:257 - Generated code: D:\251\vxl\gitlab3\code\lab3\MXTmpFiles\license.tmp
2025-10-15 10:01:17,977 [INFO] CodeEngine:239 - oldGeneratedFile, D:\251\vxl\gitlab3\code\lab3\MXTmpFiles\gpio.tmp_save
2025-10-15 10:01:18,095 [INFO] CodeEngine:257 - Generated code: D:\251\vxl\gitlab3\code\lab3\MXTmpFiles\gpio.tmp
2025-10-15 10:01:18,209 [INFO] CodeEngine:239 - oldGeneratedFile, D:\251\vxl\gitlab3\code\lab3\Core\Src\stm32f1xx_it.c_save
2025-10-15 10:01:18,337 [INFO] CodeEngine:257 - Generated code: D:\251\vxl\gitlab3\code\lab3\Core\Src\stm32f1xx_it.c
2025-10-15 10:01:18,347 [INFO] CodeEngine:239 - oldGeneratedFile, D:\251\vxl\gitlab3\code\lab3\Core\Inc\stm32f1xx_it.h_save
2025-10-15 10:01:18,410 [INFO] CodeEngine:257 - Generated code: D:\251\vxl\gitlab3\code\lab3\Core\Inc\stm32f1xx_it.h
2025-10-15 10:01:18,437 [INFO] CodeEngine:239 - oldGeneratedFile, D:\251\vxl\gitlab3\code\lab3\Core\Src\stm32f1xx_hal_msp.c_save
2025-10-15 10:01:18,528 [INFO] CodeEngine:257 - Generated code: D:\251\vxl\gitlab3\code\lab3\Core\Src\stm32f1xx_hal_msp.c
2025-10-15 10:01:18,536 [INFO] CodeEngine:239 - oldGeneratedFile, D:\251\vxl\gitlab3\code\lab3\MXTmpFiles\system.tmp_save
2025-10-15 10:01:18,604 [INFO] CodeEngine:257 - Generated code: D:\251\vxl\gitlab3\code\lab3\MXTmpFiles\system.tmp
2025-10-15 10:01:18,632 [INFO] CodeEngine:239 - oldGeneratedFile, D:\251\vxl\gitlab3\code\lab3\Core\Inc\stm32f1xx_hal_conf.h_save
2025-10-15 10:01:18,798 [INFO] CodeEngine:257 - Generated code: D:\251\vxl\gitlab3\code\lab3\Core\Inc\stm32f1xx_hal_conf.h
2025-10-15 10:01:18,822 [WARN] IPConfigManager:3148 - IP not found : TIM
2025-10-15 10:01:18,823 [WARN] CodeGenerator:3268 - IP not found : null
2025-10-15 10:01:18,849 [INFO] CodeEngine:239 - oldGeneratedFile, D:\251\vxl\gitlab3\code\lab3\Core\Inc\main.h_save
2025-10-15 10:01:18,979 [INFO] CodeEngine:257 - Generated code: D:\251\vxl\gitlab3\code\lab3\Core\Inc\main.h
2025-10-15 10:01:19,000 [INFO] CodeEngine:239 - oldGeneratedFile, D:\251\vxl\gitlab3\code\lab3\Core\Src\main.c_save
2025-10-15 10:01:19,195 [INFO] CodeEngine:257 - Generated code: D:\251\vxl\gitlab3\code\lab3\Core\Src\main.c
2025-10-15 10:01:20,397 [INFO] ProjectBuilder:2578 - Time for Copy HAL[1] : 509mS.
2025-10-15 10:01:20,406 [INFO] ProjectBuilder:3622 - Project Generator version: 3.14.1
2025-10-15 10:01:21,127 [INFO] ConfigFileManager:1271 - The Die is : DIE412
2025-10-15 10:01:23,037 [INFO] ProjectBuilder:3789 - Time for Generating toolchain IDE Files: 2631mS.
2025-10-15 10:01:23,067 [INFO] ProjectBuilder:2457 - Time for Copy CMSIS : 30mS.
2025-10-15 10:01:23,076 [INFO] ProjectBuilder:2457 - Time for Copy CMSIS : 0mS.
2025-10-15 10:02:00,590 [INFO] UtilMem:74 - End SaveConfig() Used Memory: 951081104 Bytes (1073741824)
2025-10-15 10:02:00,645 [INFO] UtilMem:74 - End SaveConfig() Used Memory: 894122368 Bytes (1073741824)
2025-10-15 10:02:01,141 [INFO] UtilMem:74 - End SaveConfig() Used Memory: 895051128 Bytes (1073741824)
2025-10-15 10:02:01,430 [INFO] BlockDiagram:2740 - set Specific Code input for plugin: NVIC
2025-10-15 10:02:01,430 [INFO] BlockDiagram:2740 - set Specific Code input for plugin: SYS
2025-10-15 10:02:01,430 [INFO] BlockDiagram:2740 - set Specific Code input for plugin: GPIO
2025-10-15 10:02:01,430 [INFO] BlockDiagram:2740 - set Specific Code input for plugin: RCC
2025-10-15 10:02:01,430 [INFO] BlockDiagram:2740 - set Specific Code input for plugin: TIM1_8F1
2025-10-15 10:02:01,431 [INFO] CodeGenerator:663 - code generatio: config db path: D:\251\vxl\cube\STM32CubeIDE_1.7.0\STM32CubeIDE\plugins\com.st.stm32cube.common.mx_6.3.0.202107141111\\db\
2025-10-15 10:02:01,774 [INFO] CodeEngine:239 - oldGeneratedFile, D:\251\vxl\gitlab3\code\lab3\MXTmpFiles\license.tmp_save
2025-10-15 10:02:01,853 [INFO] CodeEngine:257 - Generated code: D:\251\vxl\gitlab3\code\lab3\MXTmpFiles\license.tmp
2025-10-15 10:02:01,939 [INFO] CodeEngine:239 - oldGeneratedFile, D:\251\vxl\gitlab3\code\lab3\MXTmpFiles\gpio.tmp_save
2025-10-15 10:02:02,025 [INFO] CodeEngine:257 - Generated code: D:\251\vxl\gitlab3\code\lab3\MXTmpFiles\gpio.tmp
2025-10-15 10:02:02,128 [INFO] CodeEngine:239 - oldGeneratedFile, D:\251\vxl\gitlab3\code\lab3\Core\Src\stm32f1xx_it.c_save
2025-10-15 10:02:02,254 [INFO] CodeEngine:257 - Generated code: D:\251\vxl\gitlab3\code\lab3\Core\Src\stm32f1xx_it.c
2025-10-15 10:02:02,264 [INFO] CodeEngine:239 - oldGeneratedFile, D:\251\vxl\gitlab3\code\lab3\Core\Inc\stm32f1xx_it.h_save
2025-10-15 10:02:02,364 [INFO] CodeEngine:257 - Generated code: D:\251\vxl\gitlab3\code\lab3\Core\Inc\stm32f1xx_it.h
2025-10-15 10:02:02,396 [INFO] CodeEngine:239 - oldGeneratedFile, D:\251\vxl\gitlab3\code\lab3\Core\Src\stm32f1xx_hal_msp.c_save
2025-10-15 10:02:02,532 [INFO] CodeEngine:257 - Generated code: D:\251\vxl\gitlab3\code\lab3\Core\Src\stm32f1xx_hal_msp.c
2025-10-15 10:02:02,538 [INFO] CodeEngine:239 - oldGeneratedFile, D:\251\vxl\gitlab3\code\lab3\MXTmpFiles\system.tmp_save
2025-10-15 10:02:02,601 [INFO] CodeEngine:257 - Generated code: D:\251\vxl\gitlab3\code\lab3\MXTmpFiles\system.tmp
2025-10-15 10:02:02,632 [INFO] CodeEngine:239 - oldGeneratedFile, D:\251\vxl\gitlab3\code\lab3\Core\Inc\stm32f1xx_hal_conf.h_save
2025-10-15 10:02:02,850 [INFO] CodeEngine:257 - Generated code: D:\251\vxl\gitlab3\code\lab3\Core\Inc\stm32f1xx_hal_conf.h
2025-10-15 10:02:02,873 [WARN] IPConfigManager:3148 - IP not found : TIM
2025-10-15 10:02:02,874 [WARN] CodeGenerator:3268 - IP not found : null
2025-10-15 10:02:02,902 [INFO] CodeEngine:239 - oldGeneratedFile, D:\251\vxl\gitlab3\code\lab3\Core\Inc\main.h_save
2025-10-15 10:02:03,050 [INFO] CodeEngine:257 - Generated code: D:\251\vxl\gitlab3\code\lab3\Core\Inc\main.h
2025-10-15 10:02:03,072 [INFO] CodeEngine:239 - oldGeneratedFile, D:\251\vxl\gitlab3\code\lab3\Core\Src\main.c_save
2025-10-15 10:02:03,274 [INFO] CodeEngine:257 - Generated code: D:\251\vxl\gitlab3\code\lab3\Core\Src\main.c
2025-10-15 10:02:04,833 [INFO] ProjectBuilder:2578 - Time for Copy HAL[1] : 842mS.
2025-10-15 10:02:04,842 [INFO] ProjectBuilder:3622 - Project Generator version: 3.14.1
2025-10-15 10:02:05,592 [INFO] ConfigFileManager:1271 - The Die is : DIE412
2025-10-15 10:02:07,514 [INFO] ProjectBuilder:3789 - Time for Generating toolchain IDE Files: 2672mS.
2025-10-15 10:02:07,517 [INFO] ProjectBuilder:2457 - Time for Copy CMSIS : 3mS.
2025-10-15 10:02:07,533 [INFO] ProjectBuilder:2457 - Time for Copy CMSIS : 0mS.
2025-10-15 19:36:52,481 [INFO] Activator:177 - 


2025-10-15 19:36:52,497 [INFO] Activator:178 - !SESSION log4j initialized
2025-10-15 19:38:34,603 [INFO] RetryExec:97 - I/O exception (org.apache.http.NoHttpResponseException) caught when processing request to {s}->https://sw-center.st.com:443: The target server failed to respond
2025-10-15 19:38:34,603 [INFO] RetryExec:113 - Retrying request to {s}->https://sw-center.st.com:443
2025-10-15 19:39:42,622 [INFO] RetryExec:97 - I/O exception (org.apache.http.NoHttpResponseException) caught when processing request to {s}->https://sw-center.st.com:443: The target server failed to respond
2025-10-15 19:39:42,622 [INFO] RetryExec:113 - Retrying request to {s}->https://sw-center.st.com:443
2025-10-16 13:03:38,344 [INFO] Activator:177 - 


2025-10-16 13:03:38,353 [INFO] Activator:178 - !SESSION log4j initialized
2025-10-16 13:09:29,132 [INFO] McuFinderGlobals:39 - Set McuFinder mode to 2 (CubeIDE integrated)
2025-10-16 13:09:29,956 [INFO] ApplicationProperties:181 - Using Application install path: D:\251\vxl\cube\STM32CubeIDE_1.7.0\STM32CubeIDE\plugins\com.st.stm32cube.common.mx_6.3.0.202107141111
2025-10-16 13:09:30,010 [INFO] DbMcusXml:74 - Set database path to: D:\251\vxl\cube\STM32CubeIDE_1.7.0\STM32CubeIDE\plugins\com.st.stm32cube.common.mx_6.3.0.202107141111\\db\/mcu/
2025-10-16 13:09:30,010 [INFO] DbBoardsPdsc:56 - Set plugin database path to: D:\251\vxl\cube\STM32CubeIDE_1.7.0\STM32CubeIDE\plugins\com.st.stm32cube.common.mx_6.3.0.202107141111\\db\/plugins/boardmanager/
2025-10-16 13:09:30,010 [INFO] DbMcus:258 - Set plugin images path to: D:\251\vxl\cube\STM32CubeIDE_1.7.0\STM32CubeIDE\plugins\com.st.stm32cube.common.mx_6.3.0.202107141111\\db\/plugins/mcufinder/images/
2025-10-16 13:09:30,010 [INFO] DbBoards:264 - Set plugin images path to: D:\251\vxl\cube\STM32CubeIDE_1.7.0\STM32CubeIDE\plugins\com.st.stm32cube.common.mx_6.3.0.202107141111\\db\/plugins/mcufinder/images/
2025-10-16 13:09:30,010 [INFO] DbExamples:333 - Set plugin images path to: D:\251\vxl\cube\STM32CubeIDE_1.7.0\STM32CubeIDE\plugins\com.st.stm32cube.common.mx_6.3.0.202107141111\\db\/plugins/mcufinder/images/
2025-10-16 13:09:30,134 [INFO] DbMcusAds:119 - Set database path to: C:\Users\DELL\.stmcufinder\plugins\mcufinder//mcu/
2025-10-16 13:09:30,134 [INFO] DbMcusDocs:110 - Set database path to: C:\Users\DELL\.stmcufinder\plugins\mcufinder//mcu/
2025-10-16 13:09:30,134 [INFO] DbMcusJson:64 - Set database path to: C:\Users\DELL\.stmcufinder\plugins\mcufinder//mcu/
2025-10-16 13:09:30,149 [INFO] DbBoardsDocs:110 - Set database path to: C:\Users\DELL\.stmcufinder\plugins\mcufinder//mcu/
2025-10-16 13:09:30,149 [INFO] DbBoardsJson:57 - Set database path to: C:\Users\DELL\.stmcufinder\plugins\mcufinder//mcu/
2025-10-16 13:09:30,286 [INFO] CrossReferenceDbSqlite:196 - Set database path to: C:\Users\DELL\.stmcufinder\plugins\mcufinder//mcu/cs/
2025-10-16 13:09:30,306 [INFO] DbExamplesSqlite:767 - Set database path to: C:\Users\DELL\.stmcufinder\plugins\mcufinder//mcu/
2025-10-16 13:09:30,540 [INFO] RulesReader:57 - Compatibility file has been processed (242 Rules)
2025-10-16 13:09:30,837 [INFO] DbMcusXml:74 - Set database path to: D:\251\vxl\cube\STM32CubeIDE_1.7.0\STM32CubeIDE\plugins\com.st.stm32cube.common.mx_6.3.0.202107141111\\db\/mcu/
2025-10-16 13:09:30,837 [INFO] DbBoardsPdsc:56 - Set plugin database path to: D:\251\vxl\cube\STM32CubeIDE_1.7.0\STM32CubeIDE\plugins\com.st.stm32cube.common.mx_6.3.0.202107141111\\db\/plugins/boardmanager/
2025-10-16 13:09:30,837 [INFO] DbMcus:258 - Set plugin images path to: D:\251\vxl\cube\STM32CubeIDE_1.7.0\STM32CubeIDE\plugins\com.st.stm32cube.common.mx_6.3.0.202107141111\\db\/plugins/mcufinder/images/
2025-10-16 13:09:30,837 [INFO] DbBoards:264 - Set plugin images path to: D:\251\vxl\cube\STM32CubeIDE_1.7.0\STM32CubeIDE\plugins\com.st.stm32cube.common.mx_6.3.0.202107141111\\db\/plugins/mcufinder/images/
2025-10-16 13:09:30,837 [INFO] DbExamples:333 - Set plugin images path to: D:\251\vxl\cube\STM32CubeIDE_1.7.0\STM32CubeIDE\plugins\com.st.stm32cube.common.mx_6.3.0.202107141111\\db\/plugins/mcufinder/images/
2025-10-16 13:09:30,837 [WARN] DbFile:35 - Overriding database path with different value: C:\Users\DELL\.stmcufinder\plugins\mcufinder/ => C:\Users\DELL\.stmcufinder\plugins\mcufinder
2025-10-16 13:09:30,837 [INFO] DbMcusAds:119 - Set database path to: C:\Users\DELL\.stmcufinder\plugins\mcufinder//mcu/
2025-10-16 13:09:30,837 [WARN] DbFile:35 - Overriding database path with different value: C:\Users\DELL\.stmcufinder\plugins\mcufinder/ => C:\Users\DELL\.stmcufinder\plugins\mcufinder
2025-10-16 13:09:30,837 [INFO] DbMcusDocs:110 - Set database path to: C:\Users\DELL\.stmcufinder\plugins\mcufinder//mcu/
2025-10-16 13:09:30,837 [WARN] DbFile:35 - Overriding database path with different value: C:\Users\DELL\.stmcufinder\plugins\mcufinder/ => C:\Users\DELL\.stmcufinder\plugins\mcufinder
2025-10-16 13:09:30,837 [INFO] DbMcusJson:64 - Set database path to: C:\Users\DELL\.stmcufinder\plugins\mcufinder//mcu/
2025-10-16 13:09:30,837 [WARN] DbFile:35 - Overriding database path with different value: C:\Users\DELL\.stmcufinder\plugins\mcufinder/ => C:\Users\DELL\.stmcufinder\plugins\mcufinder
2025-10-16 13:09:30,837 [INFO] DbBoardsDocs:110 - Set database path to: C:\Users\DELL\.stmcufinder\plugins\mcufinder//mcu/
2025-10-16 13:09:30,837 [WARN] DbFile:35 - Overriding database path with different value: C:\Users\DELL\.stmcufinder\plugins\mcufinder/ => C:\Users\DELL\.stmcufinder\plugins\mcufinder
2025-10-16 13:09:30,837 [INFO] DbBoardsJson:57 - Set database path to: C:\Users\DELL\.stmcufinder\plugins\mcufinder//mcu/
2025-10-16 13:09:30,837 [WARN] DbFile:35 - Overriding database path with different value: C:\Users\DELL\.stmcufinder\plugins\mcufinder/ => C:\Users\DELL\.stmcufinder\plugins\mcufinder
2025-10-16 13:09:30,837 [WARN] DbFile:35 - Overriding database path with different value: C:\Users\DELL\.stmcufinder\plugins\mcufinder/ => C:\Users\DELL\.stmcufinder\plugins\mcufinder
2025-10-16 13:09:30,837 [INFO] CrossReferenceDbSqlite:196 - Set database path to: C:\Users\DELL\.stmcufinder\plugins\mcufinder//mcu/cs/
2025-10-16 13:09:30,837 [WARN] DbFile:35 - Overriding database path with different value: C:\Users\DELL\.stmcufinder\plugins\mcufinder/ => C:\Users\DELL\.stmcufinder\plugins\mcufinder
2025-10-16 13:09:30,837 [INFO] DbExamplesSqlite:767 - Set database path to: C:\Users\DELL\.stmcufinder\plugins\mcufinder//mcu/
2025-10-16 13:09:31,025 [INFO] MainPanel:214 - HeapMemory: 948961280
2025-10-16 13:09:31,290 [INFO] DbMcusXml:74 - Set database path to: D:\251\vxl\cube\STM32CubeIDE_1.7.0\STM32CubeIDE\plugins\com.st.stm32cube.common.mx_6.3.0.202107141111\\db\/mcu/
2025-10-16 13:09:31,290 [INFO] DbBoardsPdsc:56 - Set plugin database path to: D:\251\vxl\cube\STM32CubeIDE_1.7.0\STM32CubeIDE\plugins\com.st.stm32cube.common.mx_6.3.0.202107141111\\db\/plugins/boardmanager/
2025-10-16 13:09:31,290 [INFO] DbMcus:258 - Set plugin images path to: D:\251\vxl\cube\STM32CubeIDE_1.7.0\STM32CubeIDE\plugins\com.st.stm32cube.common.mx_6.3.0.202107141111\\db\/plugins/mcufinder/images/
2025-10-16 13:09:31,290 [INFO] DbBoards:264 - Set plugin images path to: D:\251\vxl\cube\STM32CubeIDE_1.7.0\STM32CubeIDE\plugins\com.st.stm32cube.common.mx_6.3.0.202107141111\\db\/plugins/mcufinder/images/
2025-10-16 13:09:31,290 [INFO] DbExamples:333 - Set plugin images path to: D:\251\vxl\cube\STM32CubeIDE_1.7.0\STM32CubeIDE\plugins\com.st.stm32cube.common.mx_6.3.0.202107141111\\db\/plugins/mcufinder/images/
2025-10-16 13:09:31,290 [WARN] DbFile:35 - Overriding database path with different value: C:\Users\DELL\.stmcufinder\plugins\mcufinder/ => C:\Users\DELL\.stmcufinder\plugins\mcufinder
2025-10-16 13:09:31,290 [INFO] DbMcusAds:119 - Set database path to: C:\Users\DELL\.stmcufinder\plugins\mcufinder//mcu/
2025-10-16 13:09:31,290 [WARN] DbFile:35 - Overriding database path with different value: C:\Users\DELL\.stmcufinder\plugins\mcufinder/ => C:\Users\DELL\.stmcufinder\plugins\mcufinder
2025-10-16 13:09:31,290 [INFO] DbMcusDocs:110 - Set database path to: C:\Users\DELL\.stmcufinder\plugins\mcufinder//mcu/
2025-10-16 13:09:31,290 [WARN] DbFile:35 - Overriding database path with different value: C:\Users\DELL\.stmcufinder\plugins\mcufinder/ => C:\Users\DELL\.stmcufinder\plugins\mcufinder
2025-10-16 13:09:31,290 [INFO] DbMcusJson:64 - Set database path to: C:\Users\DELL\.stmcufinder\plugins\mcufinder//mcu/
2025-10-16 13:09:31,290 [WARN] DbFile:35 - Overriding database path with different value: C:\Users\DELL\.stmcufinder\plugins\mcufinder/ => C:\Users\DELL\.stmcufinder\plugins\mcufinder
2025-10-16 13:09:31,290 [INFO] DbBoardsDocs:110 - Set database path to: C:\Users\DELL\.stmcufinder\plugins\mcufinder//mcu/
2025-10-16 13:09:31,290 [WARN] DbFile:35 - Overriding database path with different value: C:\Users\DELL\.stmcufinder\plugins\mcufinder/ => C:\Users\DELL\.stmcufinder\plugins\mcufinder
2025-10-16 13:09:31,290 [INFO] DbBoardsJson:57 - Set database path to: C:\Users\DELL\.stmcufinder\plugins\mcufinder//mcu/
2025-10-16 13:09:31,290 [WARN] DbFile:35 - Overriding database path with different value: C:\Users\DELL\.stmcufinder\plugins\mcufinder/ => C:\Users\DELL\.stmcufinder\plugins\mcufinder
2025-10-16 13:09:31,290 [WARN] DbFile:35 - Overriding database path with different value: C:\Users\DELL\.stmcufinder\plugins\mcufinder/ => C:\Users\DELL\.stmcufinder\plugins\mcufinder
2025-10-16 13:09:31,290 [INFO] CrossReferenceDbSqlite:196 - Set database path to: C:\Users\DELL\.stmcufinder\plugins\mcufinder//mcu/cs/
2025-10-16 13:09:31,290 [WARN] DbFile:35 - Overriding database path with different value: C:\Users\DELL\.stmcufinder\plugins\mcufinder/ => C:\Users\DELL\.stmcufinder\plugins\mcufinder
2025-10-16 13:09:31,290 [INFO] DbExamplesSqlite:767 - Set database path to: C:\Users\DELL\.stmcufinder\plugins\mcufinder//mcu/
2025-10-16 13:09:31,321 [INFO] ApplicationProperties:181 - Using Application install path: D:\251\vxl\cube\STM32CubeIDE_1.7.0\STM32CubeIDE\plugins\com.st.stm32cube.common.mx_6.3.0.202107141111
2025-10-16 13:09:31,321 [INFO] PluginManage:188 - Search for loadable plugins [exclusion list=, ]
2025-10-16 13:09:31,321 [INFO] PluginManage:302 - Check plugin analytics
2025-10-16 13:09:31,560 [INFO] AnalyticsPlugin:257 - Accepted Software Licenses: 
2025-10-16 13:09:31,560 [INFO] AnalyticsPlugin:259 - Accepted CMSIS Pack Licenses: 
2025-10-16 13:09:31,560 [INFO] AnalyticsPlugin:261 - Accepted Firmware Licenses: 
2025-10-16 13:09:31,560 [INFO] PluginManage:352 - Loaded plugin analytics (category:tool,tabindex:-1)
2025-10-16 13:09:31,560 [INFO] PluginManage:302 - Check plugin clock
2025-10-16 13:09:31,594 [INFO] PluginManage:352 - Loaded plugin clock (category:base,tabindex:2)
2025-10-16 13:09:31,594 [INFO] PluginManage:302 - Check plugin ddr
2025-10-16 13:09:31,603 [INFO] PluginManage:352 - Loaded plugin ddr (category:tool,tabindex:6)
2025-10-16 13:09:31,603 [INFO] PluginManage:302 - Check plugin filemanager
2025-10-16 13:09:31,965 [INFO] PluginManage:352 - Loaded plugin filemanager (category:base,tabindex:10)
2025-10-16 13:09:31,965 [INFO] PluginManage:302 - Check plugin ipmanager
2025-10-16 13:09:31,990 [INFO] PluginManage:352 - Loaded plugin ipmanager (category:base,tabindex:5)
2025-10-16 13:09:31,990 [INFO] PluginManage:302 - Check plugin pinoutandconfiguration
2025-10-16 13:09:32,026 [INFO] PluginManage:352 - Loaded plugin pinoutandconfiguration (category:base,tabindex:1)
2025-10-16 13:09:32,026 [INFO] PluginManage:302 - Check plugin pinoutconfig
2025-10-16 13:09:32,072 [INFO] PluginManage:352 - Loaded plugin pinoutconfig (category:base,tabindex:0)
2025-10-16 13:09:32,072 [INFO] PluginManage:302 - Check plugin power
2025-10-16 13:09:32,165 [INFO] PluginManage:352 - Loaded plugin power (category:power,tabindex:4)
2025-10-16 13:09:32,165 [INFO] PluginManage:302 - Check plugin projectmanager
2025-10-16 13:09:32,181 [INFO] PluginManage:352 - Loaded plugin projectmanager (category:projectmanager,tabindex:3)
2025-10-16 13:09:32,181 [INFO] PluginManage:302 - Check plugin thirdparty
2025-10-16 13:09:32,689 [WARN] IntegrityCheckThread:78 - waiting for thirdparty lock release [integrity check]
2025-10-16 13:09:32,689 [INFO] PluginManage:352 - Loaded plugin thirdparty (category:base,tabindex:-1)
2025-10-16 13:09:32,689 [INFO] PluginManage:302 - Check plugin tools
2025-10-16 13:09:32,689 [INFO] IntegrityCheckThread:80 - entering critical section [integrity check]
2025-10-16 13:09:32,689 [INFO] ThirdPartyUpdaterWithRetryManager:66 - Updater plugin not ready yet. [1/15]
2025-10-16 13:09:32,752 [INFO] PluginManage:352 - Loaded plugin tools (category:base,tabindex:7)
2025-10-16 13:09:32,752 [INFO] PluginManage:302 - Check plugin tutovideos
2025-10-16 13:09:33,147 [INFO] PluginManage:352 - Loaded plugin tutovideos (category:base,tabindex:-1)
2025-10-16 13:09:33,147 [INFO] PluginManage:302 - Check plugin updater
2025-10-16 13:09:33,210 [INFO] PluginManage:352 - Loaded plugin updater (category:base,tabindex:12)
2025-10-16 13:09:33,210 [INFO] PluginManage:275 - PluginManage : Loaded plugins [13]
2025-10-16 13:09:33,400 [INFO] PinOutPanel:1463 - setPackage(No Configuration,No Configuration)
2025-10-16 13:09:33,542 [INFO] IPUIPlugin:74 - create IPUIPlugin
2025-10-16 13:09:33,543 [INFO] PluginManager:213 - loadIPPluginJar : add adc
2025-10-16 13:09:33,602 [INFO] IPUIPlugin:74 - create IPUIPlugin
2025-10-16 13:09:33,602 [INFO] PluginManager:213 - loadIPPluginJar : add aes
2025-10-16 13:09:33,664 [INFO] IPUIPlugin:74 - create IPUIPlugin
2025-10-16 13:09:33,664 [INFO] PluginManager:213 - loadIPPluginJar : add can
2025-10-16 13:09:33,711 [INFO] IPUIPlugin:74 - create IPUIPlugin
2025-10-16 13:09:33,711 [INFO] PluginManager:213 - loadIPPluginJar : add comp
2025-10-16 13:09:33,765 [INFO] IPUIPlugin:74 - create IPUIPlugin
2025-10-16 13:09:33,765 [INFO] PluginManager:213 - loadIPPluginJar : add cryp
2025-10-16 13:09:33,806 [INFO] IPUIPlugin:74 - create IPUIPlugin
2025-10-16 13:09:33,806 [INFO] PluginManager:213 - loadIPPluginJar : add dfsdm
2025-10-16 13:09:33,821 [INFO] IPUIPlugin:74 - create IPUIPlugin
2025-10-16 13:09:33,821 [INFO] PluginManager:213 - loadIPPluginJar : add dma
2025-10-16 13:09:33,884 [INFO] IPUIPlugin:74 - create IPUIPlugin
2025-10-16 13:09:33,884 [INFO] PluginManager:213 - loadIPPluginJar : add dma3
2025-10-16 13:09:33,931 [INFO] IPUIPlugin:74 - create IPUIPlugin
2025-10-16 13:09:33,931 [INFO] PluginManager:213 - loadIPPluginJar : add fatfs
2025-10-16 13:09:34,010 [INFO] IPUIPlugin:74 - create IPUIPlugin
2025-10-16 13:09:34,010 [INFO] PluginManager:213 - loadIPPluginJar : add fmc
2025-10-16 13:09:34,080 [INFO] IPUIPlugin:74 - create IPUIPlugin
2025-10-16 13:09:34,081 [INFO] PluginManager:213 - loadIPPluginJar : add freertos
2025-10-16 13:09:34,119 [INFO] IPUIPlugin:74 - create IPUIPlugin
2025-10-16 13:09:34,119 [INFO] PluginManager:213 - loadIPPluginJar : add genericplugin
2025-10-16 13:09:34,243 [INFO] IPUIPlugin:74 - create IPUIPlugin
2025-10-16 13:09:34,243 [INFO] PluginManager:213 - loadIPPluginJar : add gfxmmu
2025-10-16 13:09:34,416 [INFO] IPUIPlugin:74 - create IPUIPlugin
2025-10-16 13:09:34,416 [INFO] PluginManager:213 - loadIPPluginJar : add gic
2025-10-16 13:09:34,446 [INFO] IPUIPlugin:74 - create IPUIPlugin
2025-10-16 13:09:34,446 [INFO] PluginManager:213 - loadIPPluginJar : add gpio
2025-10-16 13:09:34,541 [INFO] IPUIPlugin:74 - create IPUIPlugin
2025-10-16 13:09:34,541 [INFO] PluginManager:213 - loadIPPluginJar : add gtzc
2025-10-16 13:09:34,588 [INFO] IPUIPlugin:74 - create IPUIPlugin
2025-10-16 13:09:34,588 [INFO] PluginManager:213 - loadIPPluginJar : add hash
2025-10-16 13:09:34,670 [INFO] IPUIPlugin:74 - create IPUIPlugin
2025-10-16 13:09:34,671 [INFO] PluginManager:213 - loadIPPluginJar : add i2c
2025-10-16 13:09:34,736 [INFO] IPUIPlugin:74 - create IPUIPlugin
2025-10-16 13:09:34,736 [INFO] PluginManager:213 - loadIPPluginJar : add i2s
2025-10-16 13:09:34,752 [INFO] IPUIPlugin:74 - create IPUIPlugin
2025-10-16 13:09:34,752 [INFO] PluginManager:213 - loadIPPluginJar : add ipddr
2025-10-16 13:09:34,868 [INFO] IPUIPlugin:74 - create IPUIPlugin
2025-10-16 13:09:34,868 [INFO] PluginManager:213 - loadIPPluginJar : add linkedlist
2025-10-16 13:09:34,915 [INFO] IPUIPlugin:74 - create IPUIPlugin
2025-10-16 13:09:34,915 [INFO] PluginManager:213 - loadIPPluginJar : add lorawan
2025-10-16 13:09:34,977 [INFO] IPUIPlugin:74 - create IPUIPlugin
2025-10-16 13:09:34,977 [INFO] PluginManager:213 - loadIPPluginJar : add ltdc
2025-10-16 13:09:34,993 [INFO] IPUIPlugin:74 - create IPUIPlugin
2025-10-16 13:09:34,993 [INFO] PluginManager:213 - loadIPPluginJar : add mdma
2025-10-16 13:09:35,009 [INFO] IPUIPlugin:74 - create IPUIPlugin
2025-10-16 13:09:35,009 [INFO] PluginManager:213 - loadIPPluginJar : add nvic
2025-10-16 13:09:35,069 [INFO] IPUIPlugin:74 - create IPUIPlugin
2025-10-16 13:09:35,069 [INFO] PluginManager:213 - loadIPPluginJar : add opamp
2025-10-16 13:09:35,150 [INFO] IPUIPlugin:74 - create IPUIPlugin
2025-10-16 13:09:35,150 [INFO] PluginManager:213 - loadIPPluginJar : add openamp
2025-10-16 13:09:35,212 [INFO] IPUIPlugin:74 - create IPUIPlugin
2025-10-16 13:09:35,212 [INFO] PluginManager:213 - loadIPPluginJar : add pdm2pcm
2025-10-16 13:09:35,228 [INFO] IPUIPlugin:74 - create IPUIPlugin
2025-10-16 13:09:35,243 [INFO] PluginManager:213 - loadIPPluginJar : add plateformsettings
2025-10-16 13:09:35,287 [INFO] IPUIPlugin:74 - create IPUIPlugin
2025-10-16 13:09:35,287 [INFO] PluginManager:213 - loadIPPluginJar : add quadspi
2025-10-16 13:09:35,321 [INFO] IPUIPlugin:74 - create IPUIPlugin
2025-10-16 13:09:35,321 [INFO] PluginManager:213 - loadIPPluginJar : add resmgrutility
2025-10-16 13:09:35,400 [INFO] IPUIPlugin:74 - create IPUIPlugin
2025-10-16 13:09:35,400 [INFO] PluginManager:213 - loadIPPluginJar : add sai
2025-10-16 13:09:35,474 [INFO] IPUIPlugin:74 - create IPUIPlugin
2025-10-16 13:09:35,474 [INFO] PluginManager:213 - loadIPPluginJar : add spi
2025-10-16 13:09:35,541 [INFO] IPUIPlugin:74 - create IPUIPlugin
2025-10-16 13:09:35,541 [INFO] PluginManager:213 - loadIPPluginJar : add stm32_wpan
2025-10-16 13:09:35,588 [INFO] IPUIPlugin:74 - create IPUIPlugin
2025-10-16 13:09:35,588 [INFO] PluginManager:213 - loadIPPluginJar : add tim
2025-10-16 13:09:35,666 [INFO] IPUIPlugin:74 - create IPUIPlugin
2025-10-16 13:09:35,666 [INFO] PluginManager:213 - loadIPPluginJar : add touchsensing
2025-10-16 13:09:35,698 [INFO] ThirdPartyUpdaterWithRetryManager:66 - Updater plugin not ready yet. [2/15]
2025-10-16 13:09:35,718 [INFO] IPUIPlugin:74 - create IPUIPlugin
2025-10-16 13:09:35,718 [INFO] PluginManager:213 - loadIPPluginJar : add tracer_emb
2025-10-16 13:09:35,759 [INFO] IPUIPlugin:74 - create IPUIPlugin
2025-10-16 13:09:35,759 [INFO] PluginManager:213 - loadIPPluginJar : add ts
2025-10-16 13:09:35,806 [INFO] IPUIPlugin:74 - create IPUIPlugin
2025-10-16 13:09:35,806 [INFO] PluginManager:213 - loadIPPluginJar : add tsc
2025-10-16 13:09:35,838 [INFO] IPUIPlugin:74 - create IPUIPlugin
2025-10-16 13:09:35,838 [INFO] PluginManager:213 - loadIPPluginJar : add ucpd
2025-10-16 13:09:35,903 [INFO] IPUIPlugin:74 - create IPUIPlugin
2025-10-16 13:09:35,903 [INFO] PluginManager:213 - loadIPPluginJar : add usart
2025-10-16 13:09:35,974 [INFO] IPUIPlugin:74 - create IPUIPlugin
2025-10-16 13:09:35,974 [INFO] PluginManager:213 - loadIPPluginJar : add usbx
2025-10-16 13:09:36,349 [FATAL] Updater:294 - Updater called before beeing initialized
2025-10-16 13:09:36,477 [FATAL] Updater:294 - Updater called before beeing initialized
2025-10-16 13:09:36,491 [INFO] DbMcusAds:47 - JSON generation date=Thu Oct 02 16:36:05 ICT 2025 (1759397765645)
2025-10-16 13:09:36,491 [FATAL] Updater:294 - Updater called before beeing initialized
2025-10-16 13:09:36,619 [WARN] DetailPanel:314 - Failed to get advertising image, set to default
2025-10-16 13:09:36,744 [FATAL] Updater:294 - Updater called before beeing initialized
2025-10-16 13:09:36,744 [FATAL] Updater:294 - Updater called before beeing initialized
2025-10-16 13:09:36,744 [FATAL] Updater:294 - Updater called before beeing initialized
2025-10-16 13:09:36,744 [WARN] DetailPanel:314 - Failed to get advertising image, set to default
2025-10-16 13:09:36,744 [FATAL] Updater:294 - Updater called before beeing initialized
2025-10-16 13:09:36,822 [ERROR] Updater:1075 - MainUpdater not yet initialized. External WinMGr cannot be set.
2025-10-16 13:09:36,838 [INFO] Updater:1012 - Updater Version found : 6.3.0
2025-10-16 13:09:36,885 [INFO] ApplicationProperties:181 - Using Application install path: D:\251\vxl\cube\STM32CubeIDE_1.7.0\STM32CubeIDE\plugins\com.st.stm32cube.common.mx_6.3.0.202107141111
2025-10-16 13:09:37,229 [INFO] MainUpdater:2671 - connection check result : 10
2025-10-16 13:09:37,229 [INFO] MainUpdater:265 - Updater Check For Update Now.
2025-10-16 13:09:37,229 [INFO] MicroXplorer:478 - Change Database Version : DB.6.0.30
2025-10-16 13:09:37,432 [INFO] CheckServerUpdateThread:112 - End of CheckServer Thread
2025-10-16 13:09:37,516 [INFO] MainUpdater:2671 - connection check result : 10
2025-10-16 13:09:37,566 [INFO] MainUpdater:2671 - connection check result : 10
2025-10-16 13:09:37,954 [INFO] MicroXplorer:448 - Change Database Path : 
2025-10-16 13:09:37,954 [INFO] MicroXplorer:478 - Change Database Version : DB.6.0.30
2025-10-16 13:09:37,955 [WARN] ThirdParty:813 - waiting for thirdparty lock release [close project]
2025-10-16 13:09:38,854 [ERROR] Engine:463 - C:\Users\DELL\.stm32cubemx\thirdparties\pdsc\Avnet-IotConnect.X-CUBE-IoTC-DA16k-PMOD.1.0.0.pdsc: PDSC version is not supported
2025-10-16 13:09:38,875 [ERROR] Engine:463 - C:\Users\DELL\.stm32cubemx\thirdparties\pdsc\STMicroelectronics.X-CUBE-IPS.3.2.0.pdsc: PDSC version is not supported
2025-10-16 13:09:38,890 [ERROR] Engine:463 - C:\Users\DELL\.stm32cubemx\thirdparties\pdsc\WES.I-CUBE-Cesium.1.4.0.pdsc: PDSC version is not supported
2025-10-16 13:09:38,903 [ERROR] Engine:463 - C:\Users\DELL\.stm32cubemx\thirdparties\pdsc\STMicroelectronics.X-CUBE-FREERTOS.1.3.1.pdsc: PDSC version is not supported
2025-10-16 13:09:38,953 [WARN] PackLoader:238 - Cannot read IP mode file for STMicroelectronics.X-CUBE-TOUCHGFX.4.26.0
2025-10-16 13:09:38,967 [WARN] PackLoader:238 - Cannot read IP mode file for STMicroelectronics.X-CUBE-TOUCHGFX.4.25.0
2025-10-16 13:09:38,975 [ERROR] Engine:463 - C:\Users\DELL\.stm32cubemx\thirdparties\pdsc\STMicroelectronics.X-CUBE-ST67W61.1.1.0.pdsc: PDSC version is not supported
2025-10-16 13:09:38,998 [ERROR] Engine:463 - C:\Users\DELL\.stm32cubemx\thirdparties\pdsc\STMicroelectronics.X-CUBE-IPS.3.1.0.pdsc: PDSC version is not supported
2025-10-16 13:09:38,999 [INFO] ThirdParty:915 - Integrity check success = true
2025-10-16 13:09:38,999 [INFO] IntegrityCheckThread:94 - exiting critical section [integrity check]
2025-10-16 13:09:38,999 [INFO] IntegrityCheckThread:97 - End integrity checks thread
2025-10-16 13:09:38,999 [INFO] ThirdParty:815 - entering critical section [close project]
2025-10-16 13:09:39,000 [INFO] ThirdParty:825 - exiting critical section [close project]
2025-10-16 13:09:39,005 [INFO] PinOutPanel:1463 - setPackage(No Configuration,No Configuration)
2025-10-16 13:09:39,005 [INFO] UtilMem:74 - Begin LoadConfig() Used Memory: 860830224 Bytes (948961280)
2025-10-16 13:09:39,006 [INFO] MicroXplorer:448 - Change Database Path : 
2025-10-16 13:09:39,006 [INFO] MicroXplorer:478 - Change Database Version : DB.6.0.30
2025-10-16 13:09:39,006 [INFO] OpenFileManager:313 - Change cursor
2025-10-16 13:09:40,244 [INFO] Context:592 - Trying to add GPIOservice into a context  which must be forbidden
2025-10-16 13:09:40,532 [INFO] RtosManager:484 - Registered RTOS mode: class=CMSIS, group=RTOS, mode=CMSIS_V1, owner=FREERTOS
2025-10-16 13:09:40,532 [INFO] RtosManager:484 - Registered RTOS mode: class=CMSIS, group=RTOS2, mode=CMSIS_V2, owner=FREERTOS
2025-10-16 13:09:40,532 [INFO] RtosManager:484 - Registered RTOS mode: class=RTOS, group=Core, mode=CMSIS_V1, owner=FREERTOS
2025-10-16 13:09:40,532 [INFO] RtosManager:484 - Registered RTOS mode: class=RTOS, group=Core, mode=CMSIS_V2, owner=FREERTOS
2025-10-16 13:09:40,532 [WARN] ModelIntegratedComponent:181 - Missing modes for component STMicroelectronics:FreeRTOS:0.0.1:STMicroelectronics:RTOS:FreeRTOS:Core:::10.2.0:
2025-10-16 13:09:40,534 [WARN] ModelIntegratedComponent:60 - No mode defined for component null
2025-10-16 13:09:40,535 [WARN] ModelIntegratedComponent:60 - No mode defined for component null
2025-10-16 13:09:40,535 [WARN] ModelIntegratedComponent:60 - No mode defined for component null
2025-10-16 13:09:40,535 [WARN] ModelIntegratedComponent:60 - No mode defined for component null
2025-10-16 13:09:40,535 [WARN] ModelIntegratedComponent:60 - No mode defined for component null
2025-10-16 13:09:40,535 [WARN] ModelIntegratedComponent:60 - No mode defined for component null
2025-10-16 13:09:40,535 [WARN] ModelIntegratedComponent:60 - No mode defined for component null
2025-10-16 13:09:40,535 [WARN] ModelIntegratedComponent:60 - No mode defined for component null
2025-10-16 13:09:40,535 [WARN] ModelIntegratedComponent:60 - No mode defined for component null
2025-10-16 13:09:40,535 [WARN] ModelIntegratedComponent:60 - No mode defined for component null
2025-10-16 13:09:40,535 [WARN] ModelIntegratedComponent:60 - No mode defined for component null
2025-10-16 13:09:40,535 [WARN] ModelIntegratedComponent:60 - No mode defined for component null
2025-10-16 13:09:40,535 [WARN] ModelIntegratedComponent:60 - No mode defined for component null
2025-10-16 13:09:40,535 [WARN] ModelIntegratedComponent:60 - No mode defined for component null
2025-10-16 13:09:40,536 [WARN] ModelIntegratedComponent:60 - No mode defined for component null
2025-10-16 13:09:40,536 [WARN] ModelIntegratedComponent:60 - No mode defined for component null
2025-10-16 13:09:40,536 [WARN] ModelIntegratedComponent:60 - No mode defined for component null
2025-10-16 13:09:40,536 [WARN] ModelIntegratedComponent:60 - No mode defined for component null
2025-10-16 13:09:40,536 [WARN] ModelIntegratedComponent:60 - No mode defined for component null
2025-10-16 13:09:40,536 [WARN] ModelIntegratedComponent:60 - No mode defined for component null
2025-10-16 13:09:40,536 [WARN] ModelIntegratedComponent:60 - No mode defined for component null
2025-10-16 13:09:40,536 [WARN] ModelIntegratedComponent:60 - No mode defined for component null
2025-10-16 13:09:40,536 [WARN] ModelIntegratedComponent:60 - No mode defined for component null
2025-10-16 13:09:40,536 [WARN] ModelIntegratedComponent:60 - No mode defined for component null
2025-10-16 13:09:40,536 [WARN] ModelIntegratedComponent:60 - No mode defined for component null
2025-10-16 13:09:40,536 [WARN] ModelIntegratedComponent:60 - No mode defined for component null
2025-10-16 13:09:40,536 [WARN] ModelIntegratedComponent:60 - No mode defined for component null
2025-10-16 13:09:40,537 [WARN] ModelIntegratedComponent:60 - No mode defined for component null
2025-10-16 13:09:40,537 [WARN] ModelIntegratedComponent:60 - No mode defined for component null
2025-10-16 13:09:40,537 [WARN] ModelIntegratedComponent:60 - No mode defined for component null
2025-10-16 13:09:40,537 [WARN] ModelIntegratedComponent:60 - No mode defined for component null
2025-10-16 13:09:40,620 [INFO] UtilMem:74 - End LoadConfig() Used Memory: 854726872 Bytes (948961280)
2025-10-16 13:09:40,622 [INFO] DbMcusXml:100 - Load MCU database from D:\251\vxl\cube\STM32CubeIDE_1.7.0\STM32CubeIDE\plugins\com.st.stm32cube.common.mx_6.3.0.202107141111\\db\/mcu/families.xml
2025-10-16 13:09:41,554 [INFO] DbMcusJson:93 - JSON generation date=Tue Nov 16 23:17:54 ICT 2021 (1637079474)
2025-10-16 13:09:42,313 [INFO] DbMcus:175 - Found 1951 MCUs (1903 are supported by CubeMX, 1914 are visible in CubeMX)
2025-10-16 13:09:42,322 [INFO] ApiDb:251 - Load user favorites file C:\Users\DELL/.stm32cubeide/favorites.mcus.txt: 0 item(s)
2025-10-16 13:09:42,323 [INFO] ApiDb:255 - User favorites MCUs=[]
2025-10-16 13:09:42,323 [INFO] DbMcus:187 - Set 0 / 0 favorites MCUs
2025-10-16 13:09:42,400 [WARN] ThirdParty:779 - waiting for thirdparty lock release [change project]
2025-10-16 13:09:42,400 [INFO] ThirdParty:781 - entering critical section [change project]
2025-10-16 13:09:42,400 [INFO] ThirdParty:967 - CMSIS Pack Vendor :STMicroelectronics USB_HOST 2.0.0
2025-10-16 13:09:42,400 [INFO] ThirdParty:967 - CMSIS Pack Vendor :STMicroelectronics FreeRTOS 0.0.1
2025-10-16 13:09:42,400 [INFO] ThirdParty:967 - CMSIS Pack Vendor :STMicroelectronics USB_DEVICE 1.0.0
2025-10-16 13:09:42,400 [INFO] ThirdParty:967 - CMSIS Pack Vendor :STMicroelectronics USB_DEVICE 3.0.0
2025-10-16 13:09:42,400 [INFO] ThirdParty:967 - CMSIS Pack Vendor :STMicroelectronics HAL Drivers 0.0.0
2025-10-16 13:09:42,400 [INFO] ThirdParty:967 - CMSIS Pack Vendor :STMicroelectronics MBEDTLS 2.16.2
2025-10-16 13:09:42,401 [INFO] ThirdParty:967 - CMSIS Pack Vendor :STMicroelectronics ThreadX 0.0.2
2025-10-16 13:09:42,401 [INFO] ThirdParty:967 - CMSIS Pack Vendor :STMicroelectronics lwIP 2.0.3
2025-10-16 13:09:42,401 [INFO] ThirdParty:967 - CMSIS Pack Vendor :STMicroelectronics lwIP 2.1.2
2025-10-16 13:09:42,401 [INFO] ThirdParty:967 - CMSIS Pack Vendor :STMicroelectronics MBEDTLS 2.14.1
2025-10-16 13:09:42,401 [INFO] ThirdParty:967 - CMSIS Pack Vendor :STMicroelectronics USB_HOST 1.0.0
2025-10-16 13:09:42,401 [INFO] ThirdParty:967 - CMSIS Pack Vendor :STMicroelectronics X-CUBE-TOUCHGFX 4.26.0
2025-10-16 13:09:42,401 [INFO] ThirdParty:967 - CMSIS Pack Vendor :STMicroelectronics X-CUBE-TOUCHGFX 4.25.0
2025-10-16 13:09:42,401 [INFO] ThirdParty:967 - CMSIS Pack Vendor :STMicroelectronics PDM2PCM 3.1.0
2025-10-16 13:09:42,401 [INFO] ThirdParty:967 - CMSIS Pack Vendor :STMicroelectronics PDM2PCM 3.2.0
2025-10-16 13:09:42,401 [INFO] ThirdParty:967 - CMSIS Pack Vendor :STMicroelectronics USB_DEVICE 2.0.0
2025-10-16 13:09:42,401 [INFO] ThirdParty:967 - CMSIS Pack Vendor :STMicroelectronics PDM2PCM 3.3.0
2025-10-16 13:09:42,401 [INFO] ThirdParty:787 - exiting critical section [change project]
2025-10-16 13:09:42,928 [INFO] PinOutPanel:1463 - setPackage(No Configuration,No Configuration)
2025-10-16 13:09:42,930 [INFO] PinOutPanel:1463 - setPackage(STM32F103C6Ux,UFQFPN48)
2025-10-16 13:09:43,522 [INFO] UtilMem:74 - Before build in PCC Used Memory: 1010560704 Bytes (1066401792)
2025-10-16 13:09:44,773 [INFO] UtilMem:74 - After build in PCC Used Memory: 1000190472 Bytes (1073741824)
2025-10-16 13:09:44,799 [INFO] IPUIPlugin:74 - create IPUIPlugin
2025-10-16 13:09:44,800 [INFO] IPUIPlugin:74 - create IPUIPlugin
2025-10-16 13:09:44,800 [INFO] IPUIPlugin:74 - create IPUIPlugin
2025-10-16 13:09:44,800 [INFO] IPUIPlugin:74 - create IPUIPlugin
2025-10-16 13:09:44,800 [INFO] IPUIPlugin:74 - create IPUIPlugin
2025-10-16 13:09:44,800 [INFO] IPUIPlugin:74 - create IPUIPlugin
2025-10-16 13:09:44,800 [INFO] IPUIPlugin:74 - create IPUIPlugin
2025-10-16 13:09:44,801 [INFO] IPUIPlugin:74 - create IPUIPlugin
2025-10-16 13:09:44,801 [INFO] IPUIPlugin:74 - create IPUIPlugin
2025-10-16 13:09:44,801 [INFO] IPUIPlugin:74 - create IPUIPlugin
2025-10-16 13:09:44,801 [INFO] IPUIPlugin:74 - create IPUIPlugin
2025-10-16 13:09:44,801 [INFO] IPUIPlugin:74 - create IPUIPlugin
2025-10-16 13:09:44,802 [INFO] IPUIPlugin:74 - create IPUIPlugin
2025-10-16 13:09:44,802 [INFO] IPUIPlugin:74 - create IPUIPlugin
2025-10-16 13:09:44,802 [INFO] IPUIPlugin:74 - create IPUIPlugin
2025-10-16 13:09:44,802 [INFO] IPUIPlugin:74 - create IPUIPlugin
2025-10-16 13:09:44,803 [INFO] IPUIPlugin:74 - create IPUIPlugin
2025-10-16 13:09:44,803 [INFO] IPUIPlugin:74 - create IPUIPlugin
2025-10-16 13:09:44,803 [INFO] IPUIPlugin:74 - create IPUIPlugin
2025-10-16 13:09:44,804 [INFO] IPUIPlugin:74 - create IPUIPlugin
2025-10-16 13:09:44,804 [INFO] IPUIPlugin:74 - create IPUIPlugin
2025-10-16 13:09:44,805 [INFO] IPUIPlugin:74 - create IPUIPlugin
2025-10-16 13:09:44,805 [INFO] IPUIPlugin:74 - create IPUIPlugin
2025-10-16 13:09:45,012 [INFO] OpenFileManager:333 - Restore cursor
2025-10-16 13:13:45,525 [INFO] UtilMem:74 - End SaveConfig() Used Memory: 954467736 Bytes (1073741824)
2025-10-16 13:13:45,588 [INFO] UtilMem:74 - End SaveConfig() Used Memory: 874560152 Bytes (1073741824)
2025-10-16 13:13:46,979 [INFO] UtilMem:74 - End SaveConfig() Used Memory: 948817856 Bytes (1073741824)
2025-10-16 13:13:47,515 [INFO] BlockDiagram:2740 - set Specific Code input for plugin: NVIC
2025-10-16 13:13:47,515 [INFO] BlockDiagram:2740 - set Specific Code input for plugin: SYS
2025-10-16 13:13:47,515 [INFO] BlockDiagram:2740 - set Specific Code input for plugin: GPIO
2025-10-16 13:13:47,515 [INFO] BlockDiagram:2740 - set Specific Code input for plugin: RCC
2025-10-16 13:13:47,515 [INFO] BlockDiagram:2740 - set Specific Code input for plugin: TIM1_8F1
2025-10-16 13:13:47,515 [INFO] CodeGenerator:663 - code generatio: config db path: D:\251\vxl\cube\STM32CubeIDE_1.7.0\STM32CubeIDE\plugins\com.st.stm32cube.common.mx_6.3.0.202107141111\\db\
2025-10-16 13:13:48,056 [INFO] CodeEngine:239 - oldGeneratedFile, D:\251\vxl\gitlab3\code\lab3\MXTmpFiles\license.tmp_save
2025-10-16 13:13:48,442 [INFO] CodeEngine:257 - Generated code: D:\251\vxl\gitlab3\code\lab3\MXTmpFiles\license.tmp
2025-10-16 13:13:48,774 [INFO] CodeEngine:239 - oldGeneratedFile, D:\251\vxl\gitlab3\code\lab3\MXTmpFiles\gpio.tmp_save
2025-10-16 13:13:48,900 [INFO] CodeEngine:257 - Generated code: D:\251\vxl\gitlab3\code\lab3\MXTmpFiles\gpio.tmp
2025-10-16 13:13:49,352 [INFO] CodeEngine:239 - oldGeneratedFile, D:\251\vxl\gitlab3\code\lab3\Core\Src\stm32f1xx_it.c_save
2025-10-16 13:13:49,557 [INFO] CodeEngine:257 - Generated code: D:\251\vxl\gitlab3\code\lab3\Core\Src\stm32f1xx_it.c
2025-10-16 13:13:49,604 [INFO] CodeEngine:239 - oldGeneratedFile, D:\251\vxl\gitlab3\code\lab3\Core\Inc\stm32f1xx_it.h_save
2025-10-16 13:13:49,719 [INFO] CodeEngine:257 - Generated code: D:\251\vxl\gitlab3\code\lab3\Core\Inc\stm32f1xx_it.h
2025-10-16 13:13:49,766 [INFO] CodeEngine:239 - oldGeneratedFile, D:\251\vxl\gitlab3\code\lab3\Core\Src\stm32f1xx_hal_msp.c_save
2025-10-16 13:13:49,961 [INFO] CodeEngine:257 - Generated code: D:\251\vxl\gitlab3\code\lab3\Core\Src\stm32f1xx_hal_msp.c
2025-10-16 13:13:49,984 [INFO] CodeEngine:239 - oldGeneratedFile, D:\251\vxl\gitlab3\code\lab3\MXTmpFiles\system.tmp_save
2025-10-16 13:13:50,047 [INFO] CodeEngine:257 - Generated code: D:\251\vxl\gitlab3\code\lab3\MXTmpFiles\system.tmp
2025-10-16 13:13:50,125 [INFO] CodeEngine:239 - oldGeneratedFile, D:\251\vxl\gitlab3\code\lab3\Core\Inc\stm32f1xx_hal_conf.h_save
2025-10-16 13:13:50,291 [INFO] CodeEngine:257 - Generated code: D:\251\vxl\gitlab3\code\lab3\Core\Inc\stm32f1xx_hal_conf.h
2025-10-16 13:13:50,322 [WARN] IPConfigManager:3148 - IP not found : TIM
2025-10-16 13:13:50,322 [WARN] CodeGenerator:3268 - IP not found : null
2025-10-16 13:13:50,384 [INFO] CodeEngine:239 - oldGeneratedFile, D:\251\vxl\gitlab3\code\lab3\Core\Inc\main.h_save
2025-10-16 13:13:50,525 [INFO] CodeEngine:257 - Generated code: D:\251\vxl\gitlab3\code\lab3\Core\Inc\main.h
2025-10-16 13:13:50,556 [INFO] CodeEngine:239 - oldGeneratedFile, D:\251\vxl\gitlab3\code\lab3\Core\Src\main.c_save
2025-10-16 13:13:50,713 [INFO] CodeEngine:257 - Generated code: D:\251\vxl\gitlab3\code\lab3\Core\Src\main.c
2025-10-16 13:13:52,603 [INFO] ProjectBuilder:2578 - Time for Copy HAL[1] : 687mS.
2025-10-16 13:13:52,603 [INFO] ProjectBuilder:3622 - Project Generator version: 3.14.1
2025-10-16 13:13:53,055 [INFO] ConfigFileManager:1271 - The Die is : DIE412
2025-10-16 13:13:53,133 [INFO] ApiDbMcu:468 - Load IP Config File for FATFS
2025-10-16 13:13:53,180 [INFO] ApiDbMcu:468 - Load IP Config File for FREERTOS
2025-10-16 13:13:53,244 [INFO] ApiDbMcu:468 - Load IP Config File for USB_DEVICE
2025-10-16 13:13:57,453 [INFO] ProjectBuilder:3789 - Time for Generating toolchain IDE Files: 4850mS.
2025-10-16 13:13:57,456 [INFO] ProjectBuilder:2457 - Time for Copy CMSIS : 3mS.
2025-10-16 13:13:57,465 [INFO] ProjectBuilder:2457 - Time for Copy CMSIS : 0mS.
2025-10-16 22:01:32,556 [INFO] Activator:177 - 


2025-10-16 22:01:32,556 [INFO] Activator:178 - !SESSION log4j initialized
2025-10-16 22:07:15,684 [INFO] RetryExec:97 - I/O exception (org.apache.http.NoHttpResponseException) caught when processing request to {s}->https://sw-center.st.com:443: The target server failed to respond
2025-10-16 22:07:15,687 [INFO] RetryExec:113 - Retrying request to {s}->https://sw-center.st.com:443
2025-10-17 08:14:42,845 [INFO] Activator:177 - 


2025-10-17 08:14:42,860 [INFO] Activator:178 - !SESSION log4j initialized
2025-10-17 08:32:22,147 [INFO] McuFinderGlobals:39 - Set McuFinder mode to 2 (CubeIDE integrated)
2025-10-17 08:32:22,850 [INFO] ApplicationProperties:181 - Using Application install path: D:\251\vxl\cube\STM32CubeIDE_1.7.0\STM32CubeIDE\plugins\com.st.stm32cube.common.mx_6.3.0.202107141111
2025-10-17 08:32:22,898 [INFO] DbMcusXml:74 - Set database path to: D:\251\vxl\cube\STM32CubeIDE_1.7.0\STM32CubeIDE\plugins\com.st.stm32cube.common.mx_6.3.0.202107141111\\db\/mcu/
2025-10-17 08:32:22,903 [INFO] DbBoardsPdsc:56 - Set plugin database path to: D:\251\vxl\cube\STM32CubeIDE_1.7.0\STM32CubeIDE\plugins\com.st.stm32cube.common.mx_6.3.0.202107141111\\db\/plugins/boardmanager/
2025-10-17 08:32:22,903 [INFO] DbMcus:258 - Set plugin images path to: D:\251\vxl\cube\STM32CubeIDE_1.7.0\STM32CubeIDE\plugins\com.st.stm32cube.common.mx_6.3.0.202107141111\\db\/plugins/mcufinder/images/
2025-10-17 08:32:22,903 [INFO] DbBoards:264 - Set plugin images path to: D:\251\vxl\cube\STM32CubeIDE_1.7.0\STM32CubeIDE\plugins\com.st.stm32cube.common.mx_6.3.0.202107141111\\db\/plugins/mcufinder/images/
2025-10-17 08:32:22,908 [INFO] DbExamples:333 - Set plugin images path to: D:\251\vxl\cube\STM32CubeIDE_1.7.0\STM32CubeIDE\plugins\com.st.stm32cube.common.mx_6.3.0.202107141111\\db\/plugins/mcufinder/images/
2025-10-17 08:32:22,927 [INFO] DbMcusAds:119 - Set database path to: C:\Users\DELL\.stmcufinder\plugins\mcufinder//mcu/
2025-10-17 08:32:22,929 [INFO] DbMcusDocs:110 - Set database path to: C:\Users\DELL\.stmcufinder\plugins\mcufinder//mcu/
2025-10-17 08:32:22,933 [INFO] DbMcusJson:64 - Set database path to: C:\Users\DELL\.stmcufinder\plugins\mcufinder//mcu/
2025-10-17 08:32:22,933 [INFO] DbBoardsDocs:110 - Set database path to: C:\Users\DELL\.stmcufinder\plugins\mcufinder//mcu/
2025-10-17 08:32:22,934 [INFO] DbBoardsJson:57 - Set database path to: C:\Users\DELL\.stmcufinder\plugins\mcufinder//mcu/
2025-10-17 08:32:23,002 [INFO] CrossReferenceDbSqlite:196 - Set database path to: C:\Users\DELL\.stmcufinder\plugins\mcufinder//mcu/cs/
2025-10-17 08:32:23,008 [INFO] DbExamplesSqlite:767 - Set database path to: C:\Users\DELL\.stmcufinder\plugins\mcufinder//mcu/
2025-10-17 08:32:23,172 [INFO] RulesReader:57 - Compatibility file has been processed (242 Rules)
2025-10-17 08:32:23,415 [INFO] DbMcusXml:74 - Set database path to: D:\251\vxl\cube\STM32CubeIDE_1.7.0\STM32CubeIDE\plugins\com.st.stm32cube.common.mx_6.3.0.202107141111\\db\/mcu/
2025-10-17 08:32:23,416 [INFO] DbBoardsPdsc:56 - Set plugin database path to: D:\251\vxl\cube\STM32CubeIDE_1.7.0\STM32CubeIDE\plugins\com.st.stm32cube.common.mx_6.3.0.202107141111\\db\/plugins/boardmanager/
2025-10-17 08:32:23,416 [INFO] DbMcus:258 - Set plugin images path to: D:\251\vxl\cube\STM32CubeIDE_1.7.0\STM32CubeIDE\plugins\com.st.stm32cube.common.mx_6.3.0.202107141111\\db\/plugins/mcufinder/images/
2025-10-17 08:32:23,417 [INFO] DbBoards:264 - Set plugin images path to: D:\251\vxl\cube\STM32CubeIDE_1.7.0\STM32CubeIDE\plugins\com.st.stm32cube.common.mx_6.3.0.202107141111\\db\/plugins/mcufinder/images/
2025-10-17 08:32:23,417 [INFO] DbExamples:333 - Set plugin images path to: D:\251\vxl\cube\STM32CubeIDE_1.7.0\STM32CubeIDE\plugins\com.st.stm32cube.common.mx_6.3.0.202107141111\\db\/plugins/mcufinder/images/
2025-10-17 08:32:23,417 [WARN] DbFile:35 - Overriding database path with different value: C:\Users\DELL\.stmcufinder\plugins\mcufinder/ => C:\Users\DELL\.stmcufinder\plugins\mcufinder
2025-10-17 08:32:23,417 [INFO] DbMcusAds:119 - Set database path to: C:\Users\DELL\.stmcufinder\plugins\mcufinder//mcu/
2025-10-17 08:32:23,417 [WARN] DbFile:35 - Overriding database path with different value: C:\Users\DELL\.stmcufinder\plugins\mcufinder/ => C:\Users\DELL\.stmcufinder\plugins\mcufinder
2025-10-17 08:32:23,417 [INFO] DbMcusDocs:110 - Set database path to: C:\Users\DELL\.stmcufinder\plugins\mcufinder//mcu/
2025-10-17 08:32:23,417 [WARN] DbFile:35 - Overriding database path with different value: C:\Users\DELL\.stmcufinder\plugins\mcufinder/ => C:\Users\DELL\.stmcufinder\plugins\mcufinder
2025-10-17 08:32:23,417 [INFO] DbMcusJson:64 - Set database path to: C:\Users\DELL\.stmcufinder\plugins\mcufinder//mcu/
2025-10-17 08:32:23,417 [WARN] DbFile:35 - Overriding database path with different value: C:\Users\DELL\.stmcufinder\plugins\mcufinder/ => C:\Users\DELL\.stmcufinder\plugins\mcufinder
2025-10-17 08:32:23,418 [INFO] DbBoardsDocs:110 - Set database path to: C:\Users\DELL\.stmcufinder\plugins\mcufinder//mcu/
2025-10-17 08:32:23,418 [WARN] DbFile:35 - Overriding database path with different value: C:\Users\DELL\.stmcufinder\plugins\mcufinder/ => C:\Users\DELL\.stmcufinder\plugins\mcufinder
2025-10-17 08:32:23,418 [INFO] DbBoardsJson:57 - Set database path to: C:\Users\DELL\.stmcufinder\plugins\mcufinder//mcu/
2025-10-17 08:32:23,418 [WARN] DbFile:35 - Overriding database path with different value: C:\Users\DELL\.stmcufinder\plugins\mcufinder/ => C:\Users\DELL\.stmcufinder\plugins\mcufinder
2025-10-17 08:32:23,418 [WARN] DbFile:35 - Overriding database path with different value: C:\Users\DELL\.stmcufinder\plugins\mcufinder/ => C:\Users\DELL\.stmcufinder\plugins\mcufinder
2025-10-17 08:32:23,418 [INFO] CrossReferenceDbSqlite:196 - Set database path to: C:\Users\DELL\.stmcufinder\plugins\mcufinder//mcu/cs/
2025-10-17 08:32:23,418 [WARN] DbFile:35 - Overriding database path with different value: C:\Users\DELL\.stmcufinder\plugins\mcufinder/ => C:\Users\DELL\.stmcufinder\plugins\mcufinder
2025-10-17 08:32:23,418 [INFO] DbExamplesSqlite:767 - Set database path to: C:\Users\DELL\.stmcufinder\plugins\mcufinder//mcu/
2025-10-17 08:32:23,591 [INFO] MainPanel:214 - HeapMemory: 268435456
2025-10-17 08:32:23,819 [INFO] DbMcusXml:74 - Set database path to: D:\251\vxl\cube\STM32CubeIDE_1.7.0\STM32CubeIDE\plugins\com.st.stm32cube.common.mx_6.3.0.202107141111\\db\/mcu/
2025-10-17 08:32:23,819 [INFO] DbBoardsPdsc:56 - Set plugin database path to: D:\251\vxl\cube\STM32CubeIDE_1.7.0\STM32CubeIDE\plugins\com.st.stm32cube.common.mx_6.3.0.202107141111\\db\/plugins/boardmanager/
2025-10-17 08:32:23,820 [INFO] DbMcus:258 - Set plugin images path to: D:\251\vxl\cube\STM32CubeIDE_1.7.0\STM32CubeIDE\plugins\com.st.stm32cube.common.mx_6.3.0.202107141111\\db\/plugins/mcufinder/images/
2025-10-17 08:32:23,820 [INFO] DbBoards:264 - Set plugin images path to: D:\251\vxl\cube\STM32CubeIDE_1.7.0\STM32CubeIDE\plugins\com.st.stm32cube.common.mx_6.3.0.202107141111\\db\/plugins/mcufinder/images/
2025-10-17 08:32:23,820 [INFO] DbExamples:333 - Set plugin images path to: D:\251\vxl\cube\STM32CubeIDE_1.7.0\STM32CubeIDE\plugins\com.st.stm32cube.common.mx_6.3.0.202107141111\\db\/plugins/mcufinder/images/
2025-10-17 08:32:23,821 [WARN] DbFile:35 - Overriding database path with different value: C:\Users\DELL\.stmcufinder\plugins\mcufinder/ => C:\Users\DELL\.stmcufinder\plugins\mcufinder
2025-10-17 08:32:23,821 [INFO] DbMcusAds:119 - Set database path to: C:\Users\DELL\.stmcufinder\plugins\mcufinder//mcu/
2025-10-17 08:32:23,822 [WARN] DbFile:35 - Overriding database path with different value: C:\Users\DELL\.stmcufinder\plugins\mcufinder/ => C:\Users\DELL\.stmcufinder\plugins\mcufinder
2025-10-17 08:32:23,822 [INFO] DbMcusDocs:110 - Set database path to: C:\Users\DELL\.stmcufinder\plugins\mcufinder//mcu/
2025-10-17 08:32:23,822 [WARN] DbFile:35 - Overriding database path with different value: C:\Users\DELL\.stmcufinder\plugins\mcufinder/ => C:\Users\DELL\.stmcufinder\plugins\mcufinder
2025-10-17 08:32:23,822 [INFO] DbMcusJson:64 - Set database path to: C:\Users\DELL\.stmcufinder\plugins\mcufinder//mcu/
2025-10-17 08:32:23,822 [WARN] DbFile:35 - Overriding database path with different value: C:\Users\DELL\.stmcufinder\plugins\mcufinder/ => C:\Users\DELL\.stmcufinder\plugins\mcufinder
2025-10-17 08:32:23,822 [INFO] DbBoardsDocs:110 - Set database path to: C:\Users\DELL\.stmcufinder\plugins\mcufinder//mcu/
2025-10-17 08:32:23,822 [WARN] DbFile:35 - Overriding database path with different value: C:\Users\DELL\.stmcufinder\plugins\mcufinder/ => C:\Users\DELL\.stmcufinder\plugins\mcufinder
2025-10-17 08:32:23,822 [INFO] DbBoardsJson:57 - Set database path to: C:\Users\DELL\.stmcufinder\plugins\mcufinder//mcu/
2025-10-17 08:32:23,822 [WARN] DbFile:35 - Overriding database path with different value: C:\Users\DELL\.stmcufinder\plugins\mcufinder/ => C:\Users\DELL\.stmcufinder\plugins\mcufinder
2025-10-17 08:32:23,823 [WARN] DbFile:35 - Overriding database path with different value: C:\Users\DELL\.stmcufinder\plugins\mcufinder/ => C:\Users\DELL\.stmcufinder\plugins\mcufinder
2025-10-17 08:32:23,823 [INFO] CrossReferenceDbSqlite:196 - Set database path to: C:\Users\DELL\.stmcufinder\plugins\mcufinder//mcu/cs/
2025-10-17 08:32:23,823 [WARN] DbFile:35 - Overriding database path with different value: C:\Users\DELL\.stmcufinder\plugins\mcufinder/ => C:\Users\DELL\.stmcufinder\plugins\mcufinder
2025-10-17 08:32:23,823 [INFO] DbExamplesSqlite:767 - Set database path to: C:\Users\DELL\.stmcufinder\plugins\mcufinder//mcu/
2025-10-17 08:32:23,866 [INFO] ApplicationProperties:181 - Using Application install path: D:\251\vxl\cube\STM32CubeIDE_1.7.0\STM32CubeIDE\plugins\com.st.stm32cube.common.mx_6.3.0.202107141111
2025-10-17 08:32:23,867 [INFO] PluginManage:188 - Search for loadable plugins [exclusion list=, ]
2025-10-17 08:32:23,869 [INFO] PluginManage:302 - Check plugin analytics
2025-10-17 08:32:24,165 [INFO] AnalyticsPlugin:257 - Accepted Software Licenses: 
2025-10-17 08:32:24,166 [INFO] AnalyticsPlugin:259 - Accepted CMSIS Pack Licenses: 
2025-10-17 08:32:24,166 [INFO] AnalyticsPlugin:261 - Accepted Firmware Licenses: 
2025-10-17 08:32:24,166 [INFO] PluginManage:352 - Loaded plugin analytics (category:tool,tabindex:-1)
2025-10-17 08:32:24,166 [INFO] PluginManage:302 - Check plugin clock
2025-10-17 08:32:24,211 [INFO] PluginManage:352 - Loaded plugin clock (category:base,tabindex:2)
2025-10-17 08:32:24,212 [INFO] PluginManage:302 - Check plugin ddr
2025-10-17 08:32:24,232 [INFO] PluginManage:352 - Loaded plugin ddr (category:tool,tabindex:6)
2025-10-17 08:32:24,232 [INFO] PluginManage:302 - Check plugin filemanager
2025-10-17 08:32:24,438 [INFO] PluginManage:352 - Loaded plugin filemanager (category:base,tabindex:10)
2025-10-17 08:32:24,438 [INFO] PluginManage:302 - Check plugin ipmanager
2025-10-17 08:32:24,461 [INFO] PluginManage:352 - Loaded plugin ipmanager (category:base,tabindex:5)
2025-10-17 08:32:24,461 [INFO] PluginManage:302 - Check plugin pinoutandconfiguration
2025-10-17 08:32:24,498 [INFO] PluginManage:352 - Loaded plugin pinoutandconfiguration (category:base,tabindex:1)
2025-10-17 08:32:24,498 [INFO] PluginManage:302 - Check plugin pinoutconfig
2025-10-17 08:32:24,562 [INFO] PluginManage:352 - Loaded plugin pinoutconfig (category:base,tabindex:0)
2025-10-17 08:32:24,562 [INFO] PluginManage:302 - Check plugin power
2025-10-17 08:32:24,642 [INFO] PluginManage:352 - Loaded plugin power (category:power,tabindex:4)
2025-10-17 08:32:24,642 [INFO] PluginManage:302 - Check plugin projectmanager
2025-10-17 08:32:24,665 [INFO] PluginManage:352 - Loaded plugin projectmanager (category:projectmanager,tabindex:3)
2025-10-17 08:32:24,665 [INFO] PluginManage:302 - Check plugin thirdparty
2025-10-17 08:32:25,113 [WARN] IntegrityCheckThread:78 - waiting for thirdparty lock release [integrity check]
2025-10-17 08:32:25,115 [INFO] IntegrityCheckThread:80 - entering critical section [integrity check]
2025-10-17 08:32:25,114 [INFO] PluginManage:352 - Loaded plugin thirdparty (category:base,tabindex:-1)
2025-10-17 08:32:25,115 [INFO] PluginManage:302 - Check plugin tools
2025-10-17 08:32:25,115 [INFO] ThirdPartyUpdaterWithRetryManager:66 - Updater plugin not ready yet. [1/15]
2025-10-17 08:32:25,216 [INFO] PluginManage:352 - Loaded plugin tools (category:base,tabindex:7)
2025-10-17 08:32:25,217 [INFO] PluginManage:302 - Check plugin tutovideos
2025-10-17 08:32:25,580 [INFO] PluginManage:352 - Loaded plugin tutovideos (category:base,tabindex:-1)
2025-10-17 08:32:25,580 [INFO] PluginManage:302 - Check plugin updater
2025-10-17 08:32:25,633 [INFO] PluginManage:352 - Loaded plugin updater (category:base,tabindex:12)
2025-10-17 08:32:25,634 [INFO] PluginManage:275 - PluginManage : Loaded plugins [13]
2025-10-17 08:32:25,810 [INFO] PinOutPanel:1463 - setPackage(No Configuration,No Configuration)
2025-10-17 08:32:25,920 [INFO] IPUIPlugin:74 - create IPUIPlugin
2025-10-17 08:32:25,921 [INFO] PluginManager:213 - loadIPPluginJar : add adc
2025-10-17 08:32:25,976 [INFO] IPUIPlugin:74 - create IPUIPlugin
2025-10-17 08:32:25,976 [INFO] PluginManager:213 - loadIPPluginJar : add aes
2025-10-17 08:32:26,036 [INFO] IPUIPlugin:74 - create IPUIPlugin
2025-10-17 08:32:26,037 [INFO] PluginManager:213 - loadIPPluginJar : add can
2025-10-17 08:32:26,040 [INFO] IPUIPlugin:74 - create IPUIPlugin
2025-10-17 08:32:26,040 [INFO] PluginManager:213 - loadIPPluginJar : add comp
2025-10-17 08:32:26,087 [INFO] IPUIPlugin:74 - create IPUIPlugin
2025-10-17 08:32:26,087 [INFO] PluginManager:213 - loadIPPluginJar : add cryp
2025-10-17 08:32:26,137 [INFO] IPUIPlugin:74 - create IPUIPlugin
2025-10-17 08:32:26,137 [INFO] PluginManager:213 - loadIPPluginJar : add dfsdm
2025-10-17 08:32:26,153 [INFO] IPUIPlugin:74 - create IPUIPlugin
2025-10-17 08:32:26,154 [INFO] PluginManager:213 - loadIPPluginJar : add dma
2025-10-17 08:32:26,217 [INFO] IPUIPlugin:74 - create IPUIPlugin
2025-10-17 08:32:26,217 [INFO] PluginManager:213 - loadIPPluginJar : add dma3
2025-10-17 08:32:26,222 [INFO] IPUIPlugin:74 - create IPUIPlugin
2025-10-17 08:32:26,222 [INFO] PluginManager:213 - loadIPPluginJar : add fatfs
2025-10-17 08:32:26,313 [INFO] IPUIPlugin:74 - create IPUIPlugin
2025-10-17 08:32:26,313 [INFO] PluginManager:213 - loadIPPluginJar : add fmc
2025-10-17 08:32:26,361 [INFO] IPUIPlugin:74 - create IPUIPlugin
2025-10-17 08:32:26,361 [INFO] PluginManager:213 - loadIPPluginJar : add freertos
2025-10-17 08:32:26,402 [INFO] IPUIPlugin:74 - create IPUIPlugin
2025-10-17 08:32:26,403 [INFO] PluginManager:213 - loadIPPluginJar : add genericplugin
2025-10-17 08:32:26,519 [INFO] IPUIPlugin:74 - create IPUIPlugin
2025-10-17 08:32:26,519 [INFO] PluginManager:213 - loadIPPluginJar : add gfxmmu
2025-10-17 08:32:26,690 [INFO] IPUIPlugin:74 - create IPUIPlugin
2025-10-17 08:32:26,690 [INFO] PluginManager:213 - loadIPPluginJar : add gic
2025-10-17 08:32:26,749 [INFO] IPUIPlugin:74 - create IPUIPlugin
2025-10-17 08:32:26,750 [INFO] PluginManager:213 - loadIPPluginJar : add gpio
2025-10-17 08:32:26,846 [INFO] IPUIPlugin:74 - create IPUIPlugin
2025-10-17 08:32:26,847 [INFO] PluginManager:213 - loadIPPluginJar : add gtzc
2025-10-17 08:32:26,894 [INFO] IPUIPlugin:74 - create IPUIPlugin
2025-10-17 08:32:26,894 [INFO] PluginManager:213 - loadIPPluginJar : add hash
2025-10-17 08:32:26,967 [INFO] IPUIPlugin:74 - create IPUIPlugin
2025-10-17 08:32:26,967 [INFO] PluginManager:213 - loadIPPluginJar : add i2c
2025-10-17 08:32:27,026 [INFO] IPUIPlugin:74 - create IPUIPlugin
2025-10-17 08:32:27,026 [INFO] PluginManager:213 - loadIPPluginJar : add i2s
2025-10-17 08:32:27,041 [INFO] IPUIPlugin:74 - create IPUIPlugin
2025-10-17 08:32:27,041 [INFO] PluginManager:213 - loadIPPluginJar : add ipddr
2025-10-17 08:32:27,153 [INFO] IPUIPlugin:74 - create IPUIPlugin
2025-10-17 08:32:27,153 [INFO] PluginManager:213 - loadIPPluginJar : add linkedlist
2025-10-17 08:32:27,211 [INFO] IPUIPlugin:74 - create IPUIPlugin
2025-10-17 08:32:27,211 [INFO] PluginManager:213 - loadIPPluginJar : add lorawan
2025-10-17 08:32:27,274 [INFO] IPUIPlugin:74 - create IPUIPlugin
2025-10-17 08:32:27,274 [INFO] PluginManager:213 - loadIPPluginJar : add ltdc
2025-10-17 08:32:27,290 [INFO] IPUIPlugin:74 - create IPUIPlugin
2025-10-17 08:32:27,291 [INFO] PluginManager:213 - loadIPPluginJar : add mdma
2025-10-17 08:32:27,305 [INFO] IPUIPlugin:74 - create IPUIPlugin
2025-10-17 08:32:27,306 [INFO] PluginManager:213 - loadIPPluginJar : add nvic
2025-10-17 08:32:27,364 [INFO] IPUIPlugin:74 - create IPUIPlugin
2025-10-17 08:32:27,365 [INFO] PluginManager:213 - loadIPPluginJar : add opamp
2025-10-17 08:32:27,449 [INFO] IPUIPlugin:74 - create IPUIPlugin
2025-10-17 08:32:27,449 [INFO] PluginManager:213 - loadIPPluginJar : add openamp
2025-10-17 08:32:27,513 [INFO] IPUIPlugin:74 - create IPUIPlugin
2025-10-17 08:32:27,513 [INFO] PluginManager:213 - loadIPPluginJar : add pdm2pcm
2025-10-17 08:32:27,533 [INFO] IPUIPlugin:74 - create IPUIPlugin
2025-10-17 08:32:27,535 [INFO] PluginManager:213 - loadIPPluginJar : add plateformsettings
2025-10-17 08:32:27,578 [INFO] IPUIPlugin:74 - create IPUIPlugin
2025-10-17 08:32:27,578 [INFO] PluginManager:213 - loadIPPluginJar : add quadspi
2025-10-17 08:32:27,605 [INFO] IPUIPlugin:74 - create IPUIPlugin
2025-10-17 08:32:27,605 [INFO] PluginManager:213 - loadIPPluginJar : add resmgrutility
2025-10-17 08:32:27,675 [INFO] IPUIPlugin:74 - create IPUIPlugin
2025-10-17 08:32:27,676 [INFO] PluginManager:213 - loadIPPluginJar : add sai
2025-10-17 08:32:27,733 [INFO] IPUIPlugin:74 - create IPUIPlugin
2025-10-17 08:32:27,733 [INFO] PluginManager:213 - loadIPPluginJar : add spi
2025-10-17 08:32:27,807 [INFO] IPUIPlugin:74 - create IPUIPlugin
2025-10-17 08:32:27,807 [INFO] PluginManager:213 - loadIPPluginJar : add stm32_wpan
2025-10-17 08:32:27,851 [INFO] IPUIPlugin:74 - create IPUIPlugin
2025-10-17 08:32:27,851 [INFO] PluginManager:213 - loadIPPluginJar : add tim
2025-10-17 08:32:27,931 [INFO] IPUIPlugin:74 - create IPUIPlugin
2025-10-17 08:32:27,931 [INFO] PluginManager:213 - loadIPPluginJar : add touchsensing
2025-10-17 08:32:27,973 [INFO] IPUIPlugin:74 - create IPUIPlugin
2025-10-17 08:32:27,973 [INFO] PluginManager:213 - loadIPPluginJar : add tracer_emb
2025-10-17 08:32:28,018 [INFO] IPUIPlugin:74 - create IPUIPlugin
2025-10-17 08:32:28,019 [INFO] PluginManager:213 - loadIPPluginJar : add ts
2025-10-17 08:32:28,063 [INFO] IPUIPlugin:74 - create IPUIPlugin
2025-10-17 08:32:28,063 [INFO] PluginManager:213 - loadIPPluginJar : add tsc
2025-10-17 08:32:28,104 [INFO] IPUIPlugin:74 - create IPUIPlugin
2025-10-17 08:32:28,104 [INFO] PluginManager:213 - loadIPPluginJar : add ucpd
2025-10-17 08:32:28,117 [INFO] ThirdPartyUpdaterWithRetryManager:66 - Updater plugin not ready yet. [2/15]
2025-10-17 08:32:28,171 [INFO] IPUIPlugin:74 - create IPUIPlugin
2025-10-17 08:32:28,172 [INFO] PluginManager:213 - loadIPPluginJar : add usart
2025-10-17 08:32:28,231 [INFO] IPUIPlugin:74 - create IPUIPlugin
2025-10-17 08:32:28,231 [INFO] PluginManager:213 - loadIPPluginJar : add usbx
2025-10-17 08:32:28,639 [FATAL] Updater:294 - Updater called before beeing initialized
2025-10-17 08:32:28,753 [FATAL] Updater:294 - Updater called before beeing initialized
2025-10-17 08:32:28,765 [INFO] DbMcusAds:47 - JSON generation date=Thu Oct 02 16:36:05 ICT 2025 (1759397765645)
2025-10-17 08:32:28,766 [FATAL] Updater:294 - Updater called before beeing initialized
2025-10-17 08:32:28,889 [WARN] DetailPanel:314 - Failed to get advertising image, set to default
2025-10-17 08:32:28,989 [FATAL] Updater:294 - Updater called before beeing initialized
2025-10-17 08:32:28,993 [FATAL] Updater:294 - Updater called before beeing initialized
2025-10-17 08:32:28,993 [FATAL] Updater:294 - Updater called before beeing initialized
2025-10-17 08:32:28,993 [WARN] DetailPanel:314 - Failed to get advertising image, set to default
2025-10-17 08:32:28,994 [FATAL] Updater:294 - Updater called before beeing initialized
2025-10-17 08:32:29,062 [ERROR] Updater:1075 - MainUpdater not yet initialized. External WinMGr cannot be set.
2025-10-17 08:32:29,091 [INFO] Updater:1012 - Updater Version found : 6.3.0
2025-10-17 08:32:29,135 [INFO] ApplicationProperties:181 - Using Application install path: D:\251\vxl\cube\STM32CubeIDE_1.7.0\STM32CubeIDE\plugins\com.st.stm32cube.common.mx_6.3.0.202107141111
2025-10-17 08:32:29,450 [INFO] MainUpdater:2671 - connection check result : 10
2025-10-17 08:32:29,451 [INFO] MainUpdater:265 - Updater Check For Update Now.
2025-10-17 08:32:29,451 [INFO] MicroXplorer:478 - Change Database Version : DB.6.0.30
2025-10-17 08:32:29,628 [INFO] CheckServerUpdateThread:112 - End of CheckServer Thread
2025-10-17 08:32:29,698 [INFO] MainUpdater:2671 - connection check result : 10
2025-10-17 08:32:29,718 [INFO] MainUpdater:2671 - connection check result : 10
2025-10-17 08:32:30,037 [INFO] MicroXplorer:448 - Change Database Path : 
2025-10-17 08:32:30,038 [INFO] MicroXplorer:478 - Change Database Version : DB.6.0.30
2025-10-17 08:32:30,038 [WARN] ThirdParty:813 - waiting for thirdparty lock release [close project]
2025-10-17 08:32:31,283 [ERROR] Engine:463 - C:\Users\DELL\.stm32cubemx\thirdparties\pdsc\Avnet-IotConnect.X-CUBE-IoTC-DA16k-PMOD.1.0.0.pdsc: PDSC version is not supported
2025-10-17 08:32:31,309 [ERROR] Engine:463 - C:\Users\DELL\.stm32cubemx\thirdparties\pdsc\STMicroelectronics.X-CUBE-IPS.3.2.0.pdsc: PDSC version is not supported
2025-10-17 08:32:31,325 [ERROR] Engine:463 - C:\Users\DELL\.stm32cubemx\thirdparties\pdsc\WES.I-CUBE-Cesium.1.4.0.pdsc: PDSC version is not supported
2025-10-17 08:32:31,336 [ERROR] Engine:463 - C:\Users\DELL\.stm32cubemx\thirdparties\pdsc\STMicroelectronics.X-CUBE-FREERTOS.1.3.1.pdsc: PDSC version is not supported
2025-10-17 08:32:31,390 [WARN] PackLoader:238 - Cannot read IP mode file for STMicroelectronics.X-CUBE-TOUCHGFX.4.26.0
2025-10-17 08:32:31,404 [WARN] PackLoader:238 - Cannot read IP mode file for STMicroelectronics.X-CUBE-TOUCHGFX.4.25.0
2025-10-17 08:32:31,417 [ERROR] Engine:463 - C:\Users\DELL\.stm32cubemx\thirdparties\pdsc\STMicroelectronics.X-CUBE-ST67W61.1.1.0.pdsc: PDSC version is not supported
2025-10-17 08:32:31,434 [ERROR] Engine:463 - C:\Users\DELL\.stm32cubemx\thirdparties\pdsc\STMicroelectronics.X-CUBE-IPS.3.1.0.pdsc: PDSC version is not supported
2025-10-17 08:32:31,434 [INFO] ThirdParty:915 - Integrity check success = true
2025-10-17 08:32:31,435 [INFO] IntegrityCheckThread:94 - exiting critical section [integrity check]
2025-10-17 08:32:31,435 [INFO] IntegrityCheckThread:97 - End integrity checks thread
2025-10-17 08:32:31,435 [INFO] ThirdParty:815 - entering critical section [close project]
2025-10-17 08:32:31,436 [INFO] ThirdParty:825 - exiting critical section [close project]
2025-10-17 08:32:31,441 [INFO] PinOutPanel:1463 - setPackage(No Configuration,No Configuration)
2025-10-17 08:32:31,441 [INFO] UtilMem:74 - Begin LoadConfig() Used Memory: 161896896 Bytes (268435456)
2025-10-17 08:32:31,442 [INFO] MicroXplorer:448 - Change Database Path : 
2025-10-17 08:32:31,442 [INFO] MicroXplorer:478 - Change Database Version : DB.6.0.30
2025-10-17 08:32:31,442 [INFO] OpenFileManager:313 - Change cursor
2025-10-17 08:32:32,657 [INFO] Context:592 - Trying to add GPIOservice into a context  which must be forbidden
2025-10-17 08:32:32,932 [INFO] RtosManager:484 - Registered RTOS mode: class=CMSIS, group=RTOS, mode=CMSIS_V1, owner=FREERTOS
2025-10-17 08:32:32,932 [INFO] RtosManager:484 - Registered RTOS mode: class=CMSIS, group=RTOS2, mode=CMSIS_V2, owner=FREERTOS
2025-10-17 08:32:32,932 [INFO] RtosManager:484 - Registered RTOS mode: class=RTOS, group=Core, mode=CMSIS_V1, owner=FREERTOS
2025-10-17 08:32:32,933 [INFO] RtosManager:484 - Registered RTOS mode: class=RTOS, group=Core, mode=CMSIS_V2, owner=FREERTOS
2025-10-17 08:32:32,933 [WARN] ModelIntegratedComponent:181 - Missing modes for component STMicroelectronics:FreeRTOS:0.0.1:STMicroelectronics:RTOS:FreeRTOS:Core:::10.2.0:
2025-10-17 08:32:32,935 [WARN] ModelIntegratedComponent:60 - No mode defined for component null
2025-10-17 08:32:32,936 [WARN] ModelIntegratedComponent:60 - No mode defined for component null
2025-10-17 08:32:32,936 [WARN] ModelIntegratedComponent:60 - No mode defined for component null
2025-10-17 08:32:32,936 [WARN] ModelIntegratedComponent:60 - No mode defined for component null
2025-10-17 08:32:32,936 [WARN] ModelIntegratedComponent:60 - No mode defined for component null
2025-10-17 08:32:32,936 [WARN] ModelIntegratedComponent:60 - No mode defined for component null
2025-10-17 08:32:32,936 [WARN] ModelIntegratedComponent:60 - No mode defined for component null
2025-10-17 08:32:32,936 [WARN] ModelIntegratedComponent:60 - No mode defined for component null
2025-10-17 08:32:32,936 [WARN] ModelIntegratedComponent:60 - No mode defined for component null
2025-10-17 08:32:32,936 [WARN] ModelIntegratedComponent:60 - No mode defined for component null
2025-10-17 08:32:32,936 [WARN] ModelIntegratedComponent:60 - No mode defined for component null
2025-10-17 08:32:32,936 [WARN] ModelIntegratedComponent:60 - No mode defined for component null
2025-10-17 08:32:32,936 [WARN] ModelIntegratedComponent:60 - No mode defined for component null
2025-10-17 08:32:32,937 [WARN] ModelIntegratedComponent:60 - No mode defined for component null
2025-10-17 08:32:32,937 [WARN] ModelIntegratedComponent:60 - No mode defined for component null
2025-10-17 08:32:32,937 [WARN] ModelIntegratedComponent:60 - No mode defined for component null
2025-10-17 08:32:32,937 [WARN] ModelIntegratedComponent:60 - No mode defined for component null
2025-10-17 08:32:32,937 [WARN] ModelIntegratedComponent:60 - No mode defined for component null
2025-10-17 08:32:32,937 [WARN] ModelIntegratedComponent:60 - No mode defined for component null
2025-10-17 08:32:32,937 [WARN] ModelIntegratedComponent:60 - No mode defined for component null
2025-10-17 08:32:32,937 [WARN] ModelIntegratedComponent:60 - No mode defined for component null
2025-10-17 08:32:32,937 [WARN] ModelIntegratedComponent:60 - No mode defined for component null
2025-10-17 08:32:32,937 [WARN] ModelIntegratedComponent:60 - No mode defined for component null
2025-10-17 08:32:32,937 [WARN] ModelIntegratedComponent:60 - No mode defined for component null
2025-10-17 08:32:32,937 [WARN] ModelIntegratedComponent:60 - No mode defined for component null
2025-10-17 08:32:32,938 [WARN] ModelIntegratedComponent:60 - No mode defined for component null
2025-10-17 08:32:32,938 [WARN] ModelIntegratedComponent:60 - No mode defined for component null
2025-10-17 08:32:32,938 [WARN] ModelIntegratedComponent:60 - No mode defined for component null
2025-10-17 08:32:32,938 [WARN] ModelIntegratedComponent:60 - No mode defined for component null
2025-10-17 08:32:32,938 [WARN] ModelIntegratedComponent:60 - No mode defined for component null
2025-10-17 08:32:32,938 [WARN] ModelIntegratedComponent:60 - No mode defined for component null
2025-10-17 08:32:33,008 [INFO] UtilMem:74 - End LoadConfig() Used Memory: 163889440 Bytes (268435456)
2025-10-17 08:32:33,010 [INFO] DbMcusXml:100 - Load MCU database from D:\251\vxl\cube\STM32CubeIDE_1.7.0\STM32CubeIDE\plugins\com.st.stm32cube.common.mx_6.3.0.202107141111\\db\/mcu/families.xml
2025-10-17 08:32:33,856 [INFO] DbMcusJson:93 - JSON generation date=Tue Nov 16 23:17:54 ICT 2021 (1637079474)
2025-10-17 08:32:34,515 [INFO] DbMcus:175 - Found 1951 MCUs (1903 are supported by CubeMX, 1914 are visible in CubeMX)
2025-10-17 08:32:34,516 [INFO] ApiDb:251 - Load user favorites file C:\Users\DELL/.stm32cubeide/favorites.mcus.txt: 0 item(s)
2025-10-17 08:32:34,516 [INFO] ApiDb:255 - User favorites MCUs=[]
2025-10-17 08:32:34,516 [INFO] DbMcus:187 - Set 0 / 0 favorites MCUs
2025-10-17 08:32:34,580 [WARN] ThirdParty:779 - waiting for thirdparty lock release [change project]
2025-10-17 08:32:34,580 [INFO] ThirdParty:781 - entering critical section [change project]
2025-10-17 08:32:34,580 [INFO] ThirdParty:967 - CMSIS Pack Vendor :STMicroelectronics USB_HOST 2.0.0
2025-10-17 08:32:34,581 [INFO] ThirdParty:967 - CMSIS Pack Vendor :STMicroelectronics FreeRTOS 0.0.1
2025-10-17 08:32:34,581 [INFO] ThirdParty:967 - CMSIS Pack Vendor :STMicroelectronics USB_DEVICE 1.0.0
2025-10-17 08:32:34,581 [INFO] ThirdParty:967 - CMSIS Pack Vendor :STMicroelectronics USB_DEVICE 3.0.0
2025-10-17 08:32:34,581 [INFO] ThirdParty:967 - CMSIS Pack Vendor :STMicroelectronics HAL Drivers 0.0.0
2025-10-17 08:32:34,581 [INFO] ThirdParty:967 - CMSIS Pack Vendor :STMicroelectronics MBEDTLS 2.16.2
2025-10-17 08:32:34,581 [INFO] ThirdParty:967 - CMSIS Pack Vendor :STMicroelectronics ThreadX 0.0.2
2025-10-17 08:32:34,581 [INFO] ThirdParty:967 - CMSIS Pack Vendor :STMicroelectronics lwIP 2.0.3
2025-10-17 08:32:34,581 [INFO] ThirdParty:967 - CMSIS Pack Vendor :STMicroelectronics lwIP 2.1.2
2025-10-17 08:32:34,581 [INFO] ThirdParty:967 - CMSIS Pack Vendor :STMicroelectronics MBEDTLS 2.14.1
2025-10-17 08:32:34,582 [INFO] ThirdParty:967 - CMSIS Pack Vendor :STMicroelectronics USB_HOST 1.0.0
2025-10-17 08:32:34,582 [INFO] ThirdParty:967 - CMSIS Pack Vendor :STMicroelectronics X-CUBE-TOUCHGFX 4.26.0
2025-10-17 08:32:34,582 [INFO] ThirdParty:967 - CMSIS Pack Vendor :STMicroelectronics X-CUBE-TOUCHGFX 4.25.0
2025-10-17 08:32:34,582 [INFO] ThirdParty:967 - CMSIS Pack Vendor :STMicroelectronics PDM2PCM 3.1.0
2025-10-17 08:32:34,582 [INFO] ThirdParty:967 - CMSIS Pack Vendor :STMicroelectronics PDM2PCM 3.2.0
2025-10-17 08:32:34,582 [INFO] ThirdParty:967 - CMSIS Pack Vendor :STMicroelectronics USB_DEVICE 2.0.0
2025-10-17 08:32:34,582 [INFO] ThirdParty:967 - CMSIS Pack Vendor :STMicroelectronics PDM2PCM 3.3.0
2025-10-17 08:32:34,582 [INFO] ThirdParty:787 - exiting critical section [change project]
2025-10-17 08:32:34,910 [INFO] PinOutPanel:1463 - setPackage(No Configuration,No Configuration)
2025-10-17 08:32:34,911 [INFO] PinOutPanel:1463 - setPackage(STM32F103C6Ux,UFQFPN48)
2025-10-17 08:32:35,569 [INFO] UtilMem:74 - Before build in PCC Used Memory: 291692240 Bytes (463470592)
2025-10-17 08:32:36,536 [INFO] UtilMem:74 - After build in PCC Used Memory: 243773400 Bytes (463470592)
2025-10-17 08:32:36,554 [INFO] IPUIPlugin:74 - create IPUIPlugin
2025-10-17 08:32:36,554 [INFO] IPUIPlugin:74 - create IPUIPlugin
2025-10-17 08:32:36,554 [INFO] IPUIPlugin:74 - create IPUIPlugin
2025-10-17 08:32:36,554 [INFO] IPUIPlugin:74 - create IPUIPlugin
2025-10-17 08:32:36,554 [INFO] IPUIPlugin:74 - create IPUIPlugin
2025-10-17 08:32:36,555 [INFO] IPUIPlugin:74 - create IPUIPlugin
2025-10-17 08:32:36,555 [INFO] IPUIPlugin:74 - create IPUIPlugin
2025-10-17 08:32:36,555 [INFO] IPUIPlugin:74 - create IPUIPlugin
2025-10-17 08:32:36,555 [INFO] IPUIPlugin:74 - create IPUIPlugin
2025-10-17 08:32:36,555 [INFO] IPUIPlugin:74 - create IPUIPlugin
2025-10-17 08:32:36,555 [INFO] IPUIPlugin:74 - create IPUIPlugin
2025-10-17 08:32:36,556 [INFO] IPUIPlugin:74 - create IPUIPlugin
2025-10-17 08:32:36,556 [INFO] IPUIPlugin:74 - create IPUIPlugin
2025-10-17 08:32:36,556 [INFO] IPUIPlugin:74 - create IPUIPlugin
2025-10-17 08:32:36,556 [INFO] IPUIPlugin:74 - create IPUIPlugin
2025-10-17 08:32:36,557 [INFO] IPUIPlugin:74 - create IPUIPlugin
2025-10-17 08:32:36,557 [INFO] IPUIPlugin:74 - create IPUIPlugin
2025-10-17 08:32:36,558 [INFO] IPUIPlugin:74 - create IPUIPlugin
2025-10-17 08:32:36,558 [INFO] IPUIPlugin:74 - create IPUIPlugin
2025-10-17 08:32:36,559 [INFO] IPUIPlugin:74 - create IPUIPlugin
2025-10-17 08:32:36,559 [INFO] IPUIPlugin:74 - create IPUIPlugin
2025-10-17 08:32:36,560 [INFO] IPUIPlugin:74 - create IPUIPlugin
2025-10-17 08:32:36,560 [INFO] IPUIPlugin:74 - create IPUIPlugin
2025-10-17 08:32:36,731 [INFO] OpenFileManager:333 - Restore cursor
2025-10-17 08:33:18,220 [INFO] NvicIntPanel:96 - NVIC parent = com.st.microxplorer.plugins.ip.nvic.MultiNvicIntPanel[,0,0,0x0,invalid,layout=javax.swing.BoxLayout,alignmentX=0.0,alignmentY=0.0,border=,flags=9,maximumSize=,minimumSize=,preferredSize=]
2025-10-17 10:09:16,510 [INFO] NvicIntPanel:96 - NVIC parent = com.st.microxplorer.plugins.ip.nvic.MultiNvicIntPanel[,0,0,0x0,invalid,layout=javax.swing.BoxLayout,alignmentX=0.0,alignmentY=0.0,border=,flags=9,maximumSize=,minimumSize=,preferredSize=]
2025-10-17 10:09:19,910 [INFO] NvicIntPanel:96 - NVIC parent = com.st.microxplorer.plugins.ip.nvic.MultiNvicIntPanel[,0,0,0x0,invalid,layout=javax.swing.BoxLayout,alignmentX=0.0,alignmentY=0.0,border=,flags=9,maximumSize=,minimumSize=,preferredSize=]
2025-10-17 10:09:30,758 [INFO] UtilMem:74 - End SaveConfig() Used Memory: 209004144 Bytes (463470592)
2025-10-17 10:09:30,812 [INFO] UtilMem:74 - End SaveConfig() Used Memory: 219585368 Bytes (463470592)
2025-10-17 10:09:31,956 [INFO] UtilMem:74 - End SaveConfig() Used Memory: 238135592 Bytes (463470592)
2025-10-17 10:09:32,377 [INFO] BlockDiagram:2740 - set Specific Code input for plugin: NVIC
2025-10-17 10:09:32,377 [INFO] BlockDiagram:2740 - set Specific Code input for plugin: SYS
2025-10-17 10:09:32,378 [INFO] BlockDiagram:2740 - set Specific Code input for plugin: GPIO
2025-10-17 10:09:32,378 [INFO] BlockDiagram:2740 - set Specific Code input for plugin: RCC
2025-10-17 10:09:32,378 [INFO] BlockDiagram:2740 - set Specific Code input for plugin: TIM1_8F1
2025-10-17 10:09:32,379 [INFO] CodeGenerator:663 - code generatio: config db path: D:\251\vxl\cube\STM32CubeIDE_1.7.0\STM32CubeIDE\plugins\com.st.stm32cube.common.mx_6.3.0.202107141111\\db\
2025-10-17 10:09:32,874 [INFO] CodeEngine:239 - oldGeneratedFile, D:\251\vxl\gitlab3\code\lab3\MXTmpFiles\license.tmp_save
2025-10-17 10:09:33,379 [INFO] CodeEngine:257 - Generated code: D:\251\vxl\gitlab3\code\lab3\MXTmpFiles\license.tmp
2025-10-17 10:09:33,717 [INFO] CodeEngine:239 - oldGeneratedFile, D:\251\vxl\gitlab3\code\lab3\MXTmpFiles\gpio.tmp_save
2025-10-17 10:09:33,800 [INFO] CodeEngine:257 - Generated code: D:\251\vxl\gitlab3\code\lab3\MXTmpFiles\gpio.tmp
2025-10-17 10:09:34,164 [INFO] CodeEngine:239 - oldGeneratedFile, D:\251\vxl\gitlab3\code\lab3\Core\Src\stm32f1xx_it.c_save
2025-10-17 10:09:34,291 [INFO] CodeEngine:257 - Generated code: D:\251\vxl\gitlab3\code\lab3\Core\Src\stm32f1xx_it.c
2025-10-17 10:09:34,336 [INFO] CodeEngine:239 - oldGeneratedFile, D:\251\vxl\gitlab3\code\lab3\Core\Inc\stm32f1xx_it.h_save
2025-10-17 10:09:34,426 [INFO] CodeEngine:257 - Generated code: D:\251\vxl\gitlab3\code\lab3\Core\Inc\stm32f1xx_it.h
2025-10-17 10:09:34,481 [INFO] CodeEngine:239 - oldGeneratedFile, D:\251\vxl\gitlab3\code\lab3\Core\Src\stm32f1xx_hal_msp.c_save
2025-10-17 10:09:34,617 [INFO] CodeEngine:257 - Generated code: D:\251\vxl\gitlab3\code\lab3\Core\Src\stm32f1xx_hal_msp.c
2025-10-17 10:09:34,637 [INFO] CodeEngine:239 - oldGeneratedFile, D:\251\vxl\gitlab3\code\lab3\MXTmpFiles\system.tmp_save
2025-10-17 10:09:34,688 [INFO] CodeEngine:257 - Generated code: D:\251\vxl\gitlab3\code\lab3\MXTmpFiles\system.tmp
2025-10-17 10:09:34,744 [INFO] CodeEngine:239 - oldGeneratedFile, D:\251\vxl\gitlab3\code\lab3\Core\Inc\stm32f1xx_hal_conf.h_save
2025-10-17 10:09:34,846 [INFO] CodeEngine:257 - Generated code: D:\251\vxl\gitlab3\code\lab3\Core\Inc\stm32f1xx_hal_conf.h
2025-10-17 10:09:34,909 [WARN] IPConfigManager:3148 - IP not found : TIM
2025-10-17 10:09:34,911 [WARN] CodeGenerator:3268 - IP not found : null
2025-10-17 10:09:34,969 [INFO] CodeEngine:239 - oldGeneratedFile, D:\251\vxl\gitlab3\code\lab3\Core\Inc\main.h_save
2025-10-17 10:09:35,101 [INFO] CodeEngine:257 - Generated code: D:\251\vxl\gitlab3\code\lab3\Core\Inc\main.h
2025-10-17 10:09:35,132 [INFO] CodeEngine:239 - oldGeneratedFile, D:\251\vxl\gitlab3\code\lab3\Core\Src\main.c_save
2025-10-17 10:09:35,295 [INFO] CodeEngine:257 - Generated code: D:\251\vxl\gitlab3\code\lab3\Core\Src\main.c
2025-10-17 10:09:36,612 [INFO] ProjectBuilder:2578 - Time for Copy HAL[1] : 656mS.
2025-10-17 10:09:36,620 [INFO] ProjectBuilder:3622 - Project Generator version: 3.14.1
2025-10-17 10:09:37,127 [INFO] ConfigFileManager:1271 - The Die is : DIE412
2025-10-17 10:09:37,206 [INFO] ApiDbMcu:468 - Load IP Config File for FATFS
2025-10-17 10:09:37,255 [INFO] ApiDbMcu:468 - Load IP Config File for FREERTOS
2025-10-17 10:09:37,298 [INFO] ApiDbMcu:468 - Load IP Config File for USB_DEVICE
2025-10-17 10:09:40,983 [INFO] ProjectBuilder:3789 - Time for Generating toolchain IDE Files: 4363mS.
2025-10-17 10:09:41,002 [INFO] ProjectBuilder:2457 - Time for Copy CMSIS : 19mS.
2025-10-17 10:09:41,011 [INFO] ProjectBuilder:2457 - Time for Copy CMSIS : 0mS.
2025-10-18 10:39:53,238 [INFO] Activator:177 - 


2025-10-18 10:39:53,254 [INFO] Activator:178 - !SESSION log4j initialized
2025-10-18 10:40:34,757 [INFO] McuFinderGlobals:39 - Set McuFinder mode to 2 (CubeIDE integrated)
2025-10-18 10:40:35,471 [INFO] ApplicationProperties:181 - Using Application install path: D:\251\vxl\cube\STM32CubeIDE_1.7.0\STM32CubeIDE\plugins\com.st.stm32cube.common.mx_6.3.0.202107141111
2025-10-18 10:40:35,518 [INFO] DbMcusXml:74 - Set database path to: D:\251\vxl\cube\STM32CubeIDE_1.7.0\STM32CubeIDE\plugins\com.st.stm32cube.common.mx_6.3.0.202107141111\\db\/mcu/
2025-10-18 10:40:35,534 [INFO] DbBoardsPdsc:56 - Set plugin database path to: D:\251\vxl\cube\STM32CubeIDE_1.7.0\STM32CubeIDE\plugins\com.st.stm32cube.common.mx_6.3.0.202107141111\\db\/plugins/boardmanager/
2025-10-18 10:40:35,534 [INFO] DbMcus:258 - Set plugin images path to: D:\251\vxl\cube\STM32CubeIDE_1.7.0\STM32CubeIDE\plugins\com.st.stm32cube.common.mx_6.3.0.202107141111\\db\/plugins/mcufinder/images/
2025-10-18 10:40:35,534 [INFO] DbBoards:264 - Set plugin images path to: D:\251\vxl\cube\STM32CubeIDE_1.7.0\STM32CubeIDE\plugins\com.st.stm32cube.common.mx_6.3.0.202107141111\\db\/plugins/mcufinder/images/
2025-10-18 10:40:35,534 [INFO] DbExamples:333 - Set plugin images path to: D:\251\vxl\cube\STM32CubeIDE_1.7.0\STM32CubeIDE\plugins\com.st.stm32cube.common.mx_6.3.0.202107141111\\db\/plugins/mcufinder/images/
2025-10-18 10:40:35,599 [INFO] DbMcusAds:119 - Set database path to: C:\Users\DELL\.stmcufinder\plugins\mcufinder//mcu/
2025-10-18 10:40:35,599 [INFO] DbMcusDocs:110 - Set database path to: C:\Users\DELL\.stmcufinder\plugins\mcufinder//mcu/
2025-10-18 10:40:35,599 [INFO] DbMcusJson:64 - Set database path to: C:\Users\DELL\.stmcufinder\plugins\mcufinder//mcu/
2025-10-18 10:40:35,599 [INFO] DbBoardsDocs:110 - Set database path to: C:\Users\DELL\.stmcufinder\plugins\mcufinder//mcu/
2025-10-18 10:40:35,615 [INFO] DbBoardsJson:57 - Set database path to: C:\Users\DELL\.stmcufinder\plugins\mcufinder//mcu/
2025-10-18 10:40:35,630 [INFO] CrossReferenceDbSqlite:196 - Set database path to: C:\Users\DELL\.stmcufinder\plugins\mcufinder//mcu/cs/
2025-10-18 10:40:35,630 [INFO] DbExamplesSqlite:767 - Set database path to: C:\Users\DELL\.stmcufinder\plugins\mcufinder//mcu/
2025-10-18 10:40:35,880 [INFO] RulesReader:57 - Compatibility file has been processed (242 Rules)
2025-10-18 10:40:36,177 [INFO] DbMcusXml:74 - Set database path to: D:\251\vxl\cube\STM32CubeIDE_1.7.0\STM32CubeIDE\plugins\com.st.stm32cube.common.mx_6.3.0.202107141111\\db\/mcu/
2025-10-18 10:40:36,177 [INFO] DbBoardsPdsc:56 - Set plugin database path to: D:\251\vxl\cube\STM32CubeIDE_1.7.0\STM32CubeIDE\plugins\com.st.stm32cube.common.mx_6.3.0.202107141111\\db\/plugins/boardmanager/
2025-10-18 10:40:36,177 [INFO] DbMcus:258 - Set plugin images path to: D:\251\vxl\cube\STM32CubeIDE_1.7.0\STM32CubeIDE\plugins\com.st.stm32cube.common.mx_6.3.0.202107141111\\db\/plugins/mcufinder/images/
2025-10-18 10:40:36,177 [INFO] DbBoards:264 - Set plugin images path to: D:\251\vxl\cube\STM32CubeIDE_1.7.0\STM32CubeIDE\plugins\com.st.stm32cube.common.mx_6.3.0.202107141111\\db\/plugins/mcufinder/images/
2025-10-18 10:40:36,177 [INFO] DbExamples:333 - Set plugin images path to: D:\251\vxl\cube\STM32CubeIDE_1.7.0\STM32CubeIDE\plugins\com.st.stm32cube.common.mx_6.3.0.202107141111\\db\/plugins/mcufinder/images/
2025-10-18 10:40:36,177 [WARN] DbFile:35 - Overriding database path with different value: C:\Users\DELL\.stmcufinder\plugins\mcufinder/ => C:\Users\DELL\.stmcufinder\plugins\mcufinder
2025-10-18 10:40:36,177 [INFO] DbMcusAds:119 - Set database path to: C:\Users\DELL\.stmcufinder\plugins\mcufinder//mcu/
2025-10-18 10:40:36,177 [WARN] DbFile:35 - Overriding database path with different value: C:\Users\DELL\.stmcufinder\plugins\mcufinder/ => C:\Users\DELL\.stmcufinder\plugins\mcufinder
2025-10-18 10:40:36,177 [INFO] DbMcusDocs:110 - Set database path to: C:\Users\DELL\.stmcufinder\plugins\mcufinder//mcu/
2025-10-18 10:40:36,177 [WARN] DbFile:35 - Overriding database path with different value: C:\Users\DELL\.stmcufinder\plugins\mcufinder/ => C:\Users\DELL\.stmcufinder\plugins\mcufinder
2025-10-18 10:40:36,177 [INFO] DbMcusJson:64 - Set database path to: C:\Users\DELL\.stmcufinder\plugins\mcufinder//mcu/
2025-10-18 10:40:36,177 [WARN] DbFile:35 - Overriding database path with different value: C:\Users\DELL\.stmcufinder\plugins\mcufinder/ => C:\Users\DELL\.stmcufinder\plugins\mcufinder
2025-10-18 10:40:36,177 [INFO] DbBoardsDocs:110 - Set database path to: C:\Users\DELL\.stmcufinder\plugins\mcufinder//mcu/
2025-10-18 10:40:36,177 [WARN] DbFile:35 - Overriding database path with different value: C:\Users\DELL\.stmcufinder\plugins\mcufinder/ => C:\Users\DELL\.stmcufinder\plugins\mcufinder
2025-10-18 10:40:36,177 [INFO] DbBoardsJson:57 - Set database path to: C:\Users\DELL\.stmcufinder\plugins\mcufinder//mcu/
2025-10-18 10:40:36,177 [WARN] DbFile:35 - Overriding database path with different value: C:\Users\DELL\.stmcufinder\plugins\mcufinder/ => C:\Users\DELL\.stmcufinder\plugins\mcufinder
2025-10-18 10:40:36,177 [WARN] DbFile:35 - Overriding database path with different value: C:\Users\DELL\.stmcufinder\plugins\mcufinder/ => C:\Users\DELL\.stmcufinder\plugins\mcufinder
2025-10-18 10:40:36,177 [INFO] CrossReferenceDbSqlite:196 - Set database path to: C:\Users\DELL\.stmcufinder\plugins\mcufinder//mcu/cs/
2025-10-18 10:40:36,177 [WARN] DbFile:35 - Overriding database path with different value: C:\Users\DELL\.stmcufinder\plugins\mcufinder/ => C:\Users\DELL\.stmcufinder\plugins\mcufinder
2025-10-18 10:40:36,177 [INFO] DbExamplesSqlite:767 - Set database path to: C:\Users\DELL\.stmcufinder\plugins\mcufinder//mcu/
2025-10-18 10:40:36,364 [INFO] MainPanel:214 - HeapMemory: 268435456
2025-10-18 10:40:36,521 [INFO] DbMcusXml:74 - Set database path to: D:\251\vxl\cube\STM32CubeIDE_1.7.0\STM32CubeIDE\plugins\com.st.stm32cube.common.mx_6.3.0.202107141111\\db\/mcu/
2025-10-18 10:40:36,521 [INFO] DbBoardsPdsc:56 - Set plugin database path to: D:\251\vxl\cube\STM32CubeIDE_1.7.0\STM32CubeIDE\plugins\com.st.stm32cube.common.mx_6.3.0.202107141111\\db\/plugins/boardmanager/
2025-10-18 10:40:36,521 [INFO] DbMcus:258 - Set plugin images path to: D:\251\vxl\cube\STM32CubeIDE_1.7.0\STM32CubeIDE\plugins\com.st.stm32cube.common.mx_6.3.0.202107141111\\db\/plugins/mcufinder/images/
2025-10-18 10:40:36,521 [INFO] DbBoards:264 - Set plugin images path to: D:\251\vxl\cube\STM32CubeIDE_1.7.0\STM32CubeIDE\plugins\com.st.stm32cube.common.mx_6.3.0.202107141111\\db\/plugins/mcufinder/images/
2025-10-18 10:40:36,521 [INFO] DbExamples:333 - Set plugin images path to: D:\251\vxl\cube\STM32CubeIDE_1.7.0\STM32CubeIDE\plugins\com.st.stm32cube.common.mx_6.3.0.202107141111\\db\/plugins/mcufinder/images/
2025-10-18 10:40:36,521 [WARN] DbFile:35 - Overriding database path with different value: C:\Users\DELL\.stmcufinder\plugins\mcufinder/ => C:\Users\DELL\.stmcufinder\plugins\mcufinder
2025-10-18 10:40:36,521 [INFO] DbMcusAds:119 - Set database path to: C:\Users\DELL\.stmcufinder\plugins\mcufinder//mcu/
2025-10-18 10:40:36,521 [WARN] DbFile:35 - Overriding database path with different value: C:\Users\DELL\.stmcufinder\plugins\mcufinder/ => C:\Users\DELL\.stmcufinder\plugins\mcufinder
2025-10-18 10:40:36,521 [INFO] DbMcusDocs:110 - Set database path to: C:\Users\DELL\.stmcufinder\plugins\mcufinder//mcu/
2025-10-18 10:40:36,521 [WARN] DbFile:35 - Overriding database path with different value: C:\Users\DELL\.stmcufinder\plugins\mcufinder/ => C:\Users\DELL\.stmcufinder\plugins\mcufinder
2025-10-18 10:40:36,521 [INFO] DbMcusJson:64 - Set database path to: C:\Users\DELL\.stmcufinder\plugins\mcufinder//mcu/
2025-10-18 10:40:36,521 [WARN] DbFile:35 - Overriding database path with different value: C:\Users\DELL\.stmcufinder\plugins\mcufinder/ => C:\Users\DELL\.stmcufinder\plugins\mcufinder
2025-10-18 10:40:36,521 [INFO] DbBoardsDocs:110 - Set database path to: C:\Users\DELL\.stmcufinder\plugins\mcufinder//mcu/
2025-10-18 10:40:36,536 [WARN] DbFile:35 - Overriding database path with different value: C:\Users\DELL\.stmcufinder\plugins\mcufinder/ => C:\Users\DELL\.stmcufinder\plugins\mcufinder
2025-10-18 10:40:36,536 [INFO] DbBoardsJson:57 - Set database path to: C:\Users\DELL\.stmcufinder\plugins\mcufinder//mcu/
2025-10-18 10:40:36,536 [WARN] DbFile:35 - Overriding database path with different value: C:\Users\DELL\.stmcufinder\plugins\mcufinder/ => C:\Users\DELL\.stmcufinder\plugins\mcufinder
2025-10-18 10:40:36,536 [WARN] DbFile:35 - Overriding database path with different value: C:\Users\DELL\.stmcufinder\plugins\mcufinder/ => C:\Users\DELL\.stmcufinder\plugins\mcufinder
2025-10-18 10:40:36,536 [INFO] CrossReferenceDbSqlite:196 - Set database path to: C:\Users\DELL\.stmcufinder\plugins\mcufinder//mcu/cs/
2025-10-18 10:40:36,536 [WARN] DbFile:35 - Overriding database path with different value: C:\Users\DELL\.stmcufinder\plugins\mcufinder/ => C:\Users\DELL\.stmcufinder\plugins\mcufinder
2025-10-18 10:40:36,536 [INFO] DbExamplesSqlite:767 - Set database path to: C:\Users\DELL\.stmcufinder\plugins\mcufinder//mcu/
2025-10-18 10:40:36,552 [INFO] ApplicationProperties:181 - Using Application install path: D:\251\vxl\cube\STM32CubeIDE_1.7.0\STM32CubeIDE\plugins\com.st.stm32cube.common.mx_6.3.0.202107141111
2025-10-18 10:40:36,552 [INFO] PluginManage:188 - Search for loadable plugins [exclusion list=, ]
2025-10-18 10:40:36,552 [INFO] PluginManage:302 - Check plugin analytics
2025-10-18 10:40:36,786 [INFO] AnalyticsPlugin:257 - Accepted Software Licenses: 
2025-10-18 10:40:36,786 [INFO] AnalyticsPlugin:259 - Accepted CMSIS Pack Licenses: 
2025-10-18 10:40:36,786 [INFO] AnalyticsPlugin:261 - Accepted Firmware Licenses: 
2025-10-18 10:40:36,786 [INFO] PluginManage:352 - Loaded plugin analytics (category:tool,tabindex:-1)
2025-10-18 10:40:36,786 [INFO] PluginManage:302 - Check plugin clock
2025-10-18 10:40:36,817 [INFO] PluginManage:352 - Loaded plugin clock (category:base,tabindex:2)
2025-10-18 10:40:36,817 [INFO] PluginManage:302 - Check plugin ddr
2025-10-18 10:40:36,833 [INFO] PluginManage:352 - Loaded plugin ddr (category:tool,tabindex:6)
2025-10-18 10:40:36,833 [INFO] PluginManage:302 - Check plugin filemanager
2025-10-18 10:40:37,127 [INFO] PluginManage:352 - Loaded plugin filemanager (category:base,tabindex:10)
2025-10-18 10:40:37,127 [INFO] PluginManage:302 - Check plugin ipmanager
2025-10-18 10:40:37,158 [INFO] PluginManage:352 - Loaded plugin ipmanager (category:base,tabindex:5)
2025-10-18 10:40:37,158 [INFO] PluginManage:302 - Check plugin pinoutandconfiguration
2025-10-18 10:40:37,189 [INFO] PluginManage:352 - Loaded plugin pinoutandconfiguration (category:base,tabindex:1)
2025-10-18 10:40:37,189 [INFO] PluginManage:302 - Check plugin pinoutconfig
2025-10-18 10:40:37,236 [INFO] PluginManage:352 - Loaded plugin pinoutconfig (category:base,tabindex:0)
2025-10-18 10:40:37,236 [INFO] PluginManage:302 - Check plugin power
2025-10-18 10:40:37,299 [INFO] PluginManage:352 - Loaded plugin power (category:power,tabindex:4)
2025-10-18 10:40:37,299 [INFO] PluginManage:302 - Check plugin projectmanager
2025-10-18 10:40:37,314 [INFO] PluginManage:352 - Loaded plugin projectmanager (category:projectmanager,tabindex:3)
2025-10-18 10:40:37,314 [INFO] PluginManage:302 - Check plugin thirdparty
2025-10-18 10:40:37,798 [WARN] IntegrityCheckThread:78 - waiting for thirdparty lock release [integrity check]
2025-10-18 10:40:37,798 [INFO] PluginManage:352 - Loaded plugin thirdparty (category:base,tabindex:-1)
2025-10-18 10:40:37,798 [INFO] IntegrityCheckThread:80 - entering critical section [integrity check]
2025-10-18 10:40:37,798 [INFO] PluginManage:302 - Check plugin tools
2025-10-18 10:40:37,798 [INFO] ThirdPartyUpdaterWithRetryManager:66 - Updater plugin not ready yet. [1/15]
2025-10-18 10:40:37,877 [INFO] PluginManage:352 - Loaded plugin tools (category:base,tabindex:7)
2025-10-18 10:40:37,877 [INFO] PluginManage:302 - Check plugin tutovideos
2025-10-18 10:40:38,158 [INFO] PluginManage:352 - Loaded plugin tutovideos (category:base,tabindex:-1)
2025-10-18 10:40:38,158 [INFO] PluginManage:302 - Check plugin updater
2025-10-18 10:40:38,205 [INFO] PluginManage:352 - Loaded plugin updater (category:base,tabindex:12)
2025-10-18 10:40:38,205 [INFO] PluginManage:275 - PluginManage : Loaded plugins [13]
2025-10-18 10:40:38,423 [INFO] PinOutPanel:1463 - setPackage(No Configuration,No Configuration)
2025-10-18 10:40:38,564 [INFO] IPUIPlugin:74 - create IPUIPlugin
2025-10-18 10:40:38,564 [INFO] PluginManager:213 - loadIPPluginJar : add adc
2025-10-18 10:40:38,642 [INFO] IPUIPlugin:74 - create IPUIPlugin
2025-10-18 10:40:38,642 [INFO] PluginManager:213 - loadIPPluginJar : add aes
2025-10-18 10:40:38,736 [INFO] IPUIPlugin:74 - create IPUIPlugin
2025-10-18 10:40:38,736 [INFO] PluginManager:213 - loadIPPluginJar : add can
2025-10-18 10:40:38,798 [INFO] IPUIPlugin:74 - create IPUIPlugin
2025-10-18 10:40:38,798 [INFO] PluginManager:213 - loadIPPluginJar : add comp
2025-10-18 10:40:38,861 [INFO] IPUIPlugin:74 - create IPUIPlugin
2025-10-18 10:40:38,861 [INFO] PluginManager:213 - loadIPPluginJar : add cryp
2025-10-18 10:40:38,923 [INFO] IPUIPlugin:74 - create IPUIPlugin
2025-10-18 10:40:38,923 [INFO] PluginManager:213 - loadIPPluginJar : add dfsdm
2025-10-18 10:40:38,939 [INFO] IPUIPlugin:74 - create IPUIPlugin
2025-10-18 10:40:38,939 [INFO] PluginManager:213 - loadIPPluginJar : add dma
2025-10-18 10:40:39,017 [INFO] IPUIPlugin:74 - create IPUIPlugin
2025-10-18 10:40:39,017 [INFO] PluginManager:213 - loadIPPluginJar : add dma3
2025-10-18 10:40:39,079 [INFO] IPUIPlugin:74 - create IPUIPlugin
2025-10-18 10:40:39,079 [INFO] PluginManager:213 - loadIPPluginJar : add fatfs
2025-10-18 10:40:39,158 [INFO] IPUIPlugin:74 - create IPUIPlugin
2025-10-18 10:40:39,158 [INFO] PluginManager:213 - loadIPPluginJar : add fmc
2025-10-18 10:40:39,204 [INFO] IPUIPlugin:74 - create IPUIPlugin
2025-10-18 10:40:39,204 [INFO] PluginManager:213 - loadIPPluginJar : add freertos
2025-10-18 10:40:39,251 [INFO] IPUIPlugin:74 - create IPUIPlugin
2025-10-18 10:40:39,251 [INFO] PluginManager:213 - loadIPPluginJar : add genericplugin
2025-10-18 10:40:39,407 [INFO] IPUIPlugin:74 - create IPUIPlugin
2025-10-18 10:40:39,407 [INFO] PluginManager:213 - loadIPPluginJar : add gfxmmu
2025-10-18 10:40:39,657 [INFO] IPUIPlugin:74 - create IPUIPlugin
2025-10-18 10:40:39,657 [INFO] PluginManager:213 - loadIPPluginJar : add gic
2025-10-18 10:40:39,673 [INFO] IPUIPlugin:74 - create IPUIPlugin
2025-10-18 10:40:39,673 [INFO] PluginManager:213 - loadIPPluginJar : add gpio
2025-10-18 10:40:39,798 [INFO] IPUIPlugin:74 - create IPUIPlugin
2025-10-18 10:40:39,798 [INFO] PluginManager:213 - loadIPPluginJar : add gtzc
2025-10-18 10:40:39,860 [INFO] IPUIPlugin:74 - create IPUIPlugin
2025-10-18 10:40:39,860 [INFO] PluginManager:213 - loadIPPluginJar : add hash
2025-10-18 10:40:39,954 [INFO] IPUIPlugin:74 - create IPUIPlugin
2025-10-18 10:40:39,954 [INFO] PluginManager:213 - loadIPPluginJar : add i2c
2025-10-18 10:40:40,017 [INFO] IPUIPlugin:74 - create IPUIPlugin
2025-10-18 10:40:40,017 [INFO] PluginManager:213 - loadIPPluginJar : add i2s
2025-10-18 10:40:40,048 [INFO] IPUIPlugin:74 - create IPUIPlugin
2025-10-18 10:40:40,048 [INFO] PluginManager:213 - loadIPPluginJar : add ipddr
2025-10-18 10:40:40,189 [INFO] IPUIPlugin:74 - create IPUIPlugin
2025-10-18 10:40:40,189 [INFO] PluginManager:213 - loadIPPluginJar : add linkedlist
2025-10-18 10:40:40,267 [INFO] IPUIPlugin:74 - create IPUIPlugin
2025-10-18 10:40:40,267 [INFO] PluginManager:213 - loadIPPluginJar : add lorawan
2025-10-18 10:40:40,345 [INFO] IPUIPlugin:74 - create IPUIPlugin
2025-10-18 10:40:40,345 [INFO] PluginManager:213 - loadIPPluginJar : add ltdc
2025-10-18 10:40:40,360 [INFO] IPUIPlugin:74 - create IPUIPlugin
2025-10-18 10:40:40,360 [INFO] PluginManager:213 - loadIPPluginJar : add mdma
2025-10-18 10:40:40,376 [INFO] IPUIPlugin:74 - create IPUIPlugin
2025-10-18 10:40:40,376 [INFO] PluginManager:213 - loadIPPluginJar : add nvic
2025-10-18 10:40:40,470 [INFO] IPUIPlugin:74 - create IPUIPlugin
2025-10-18 10:40:40,470 [INFO] PluginManager:213 - loadIPPluginJar : add opamp
2025-10-18 10:40:40,642 [INFO] IPUIPlugin:74 - create IPUIPlugin
2025-10-18 10:40:40,642 [INFO] PluginManager:213 - loadIPPluginJar : add openamp
2025-10-18 10:40:40,720 [INFO] IPUIPlugin:74 - create IPUIPlugin
2025-10-18 10:40:40,720 [INFO] PluginManager:213 - loadIPPluginJar : add pdm2pcm
2025-10-18 10:40:40,751 [INFO] IPUIPlugin:74 - create IPUIPlugin
2025-10-18 10:40:40,751 [INFO] PluginManager:213 - loadIPPluginJar : add plateformsettings
2025-10-18 10:40:40,798 [INFO] IPUIPlugin:74 - create IPUIPlugin
2025-10-18 10:40:40,798 [INFO] PluginManager:213 - loadIPPluginJar : add quadspi
2025-10-18 10:40:40,813 [INFO] ThirdPartyUpdaterWithRetryManager:66 - Updater plugin not ready yet. [2/15]
2025-10-18 10:40:40,845 [INFO] IPUIPlugin:74 - create IPUIPlugin
2025-10-18 10:40:40,845 [INFO] PluginManager:213 - loadIPPluginJar : add resmgrutility
2025-10-18 10:40:40,985 [INFO] IPUIPlugin:74 - create IPUIPlugin
2025-10-18 10:40:40,985 [INFO] PluginManager:213 - loadIPPluginJar : add sai
2025-10-18 10:40:41,048 [INFO] IPUIPlugin:74 - create IPUIPlugin
2025-10-18 10:40:41,048 [INFO] PluginManager:213 - loadIPPluginJar : add spi
2025-10-18 10:40:41,141 [INFO] IPUIPlugin:74 - create IPUIPlugin
2025-10-18 10:40:41,141 [INFO] PluginManager:213 - loadIPPluginJar : add stm32_wpan
2025-10-18 10:40:41,204 [INFO] IPUIPlugin:74 - create IPUIPlugin
2025-10-18 10:40:41,204 [INFO] PluginManager:213 - loadIPPluginJar : add tim
2025-10-18 10:40:41,298 [INFO] IPUIPlugin:74 - create IPUIPlugin
2025-10-18 10:40:41,298 [INFO] PluginManager:213 - loadIPPluginJar : add touchsensing
2025-10-18 10:40:41,345 [INFO] IPUIPlugin:74 - create IPUIPlugin
2025-10-18 10:40:41,345 [INFO] PluginManager:213 - loadIPPluginJar : add tracer_emb
2025-10-18 10:40:41,407 [INFO] IPUIPlugin:74 - create IPUIPlugin
2025-10-18 10:40:41,407 [INFO] PluginManager:213 - loadIPPluginJar : add ts
2025-10-18 10:40:41,454 [INFO] IPUIPlugin:74 - create IPUIPlugin
2025-10-18 10:40:41,454 [INFO] PluginManager:213 - loadIPPluginJar : add tsc
2025-10-18 10:40:41,501 [INFO] IPUIPlugin:74 - create IPUIPlugin
2025-10-18 10:40:41,501 [INFO] PluginManager:213 - loadIPPluginJar : add ucpd
2025-10-18 10:40:41,579 [INFO] IPUIPlugin:74 - create IPUIPlugin
2025-10-18 10:40:41,579 [INFO] PluginManager:213 - loadIPPluginJar : add usart
2025-10-18 10:40:41,657 [INFO] IPUIPlugin:74 - create IPUIPlugin
2025-10-18 10:40:41,657 [INFO] PluginManager:213 - loadIPPluginJar : add usbx
2025-10-18 10:40:42,050 [FATAL] Updater:294 - Updater called before beeing initialized
2025-10-18 10:40:42,222 [FATAL] Updater:294 - Updater called before beeing initialized
2025-10-18 10:40:42,237 [INFO] DbMcusAds:47 - JSON generation date=Thu Oct 02 16:36:05 ICT 2025 (1759397765645)
2025-10-18 10:40:42,237 [FATAL] Updater:294 - Updater called before beeing initialized
2025-10-18 10:40:42,409 [WARN] DetailPanel:314 - Failed to get advertising image, set to default
2025-10-18 10:40:42,534 [FATAL] Updater:294 - Updater called before beeing initialized
2025-10-18 10:40:42,534 [FATAL] Updater:294 - Updater called before beeing initialized
2025-10-18 10:40:42,534 [FATAL] Updater:294 - Updater called before beeing initialized
2025-10-18 10:40:42,534 [WARN] DetailPanel:314 - Failed to get advertising image, set to default
2025-10-18 10:40:42,534 [FATAL] Updater:294 - Updater called before beeing initialized
2025-10-18 10:40:42,628 [ERROR] Updater:1075 - MainUpdater not yet initialized. External WinMGr cannot be set.
2025-10-18 10:40:42,659 [INFO] Updater:1012 - Updater Version found : 6.3.0
2025-10-18 10:40:42,690 [INFO] ApplicationProperties:181 - Using Application install path: D:\251\vxl\cube\STM32CubeIDE_1.7.0\STM32CubeIDE\plugins\com.st.stm32cube.common.mx_6.3.0.202107141111
2025-10-18 10:40:43,425 [INFO] MainUpdater:2671 - connection check result : 10
2025-10-18 10:40:43,425 [INFO] MainUpdater:265 - Updater Check For Update Now.
2025-10-18 10:40:43,425 [INFO] MicroXplorer:478 - Change Database Version : DB.6.0.30
2025-10-18 10:40:43,659 [INFO] CheckServerUpdateThread:112 - End of CheckServer Thread
2025-10-18 10:40:43,690 [INFO] MainUpdater:2671 - connection check result : 10
2025-10-18 10:40:43,690 [INFO] MainUpdater:2671 - connection check result : 10
2025-10-18 10:40:43,940 [ERROR] Engine:463 - C:\Users\DELL\.stm32cubemx\thirdparties\pdsc\Avnet-IotConnect.X-CUBE-IoTC-DA16k-PMOD.1.0.0.pdsc: PDSC version is not supported
2025-10-18 10:40:43,956 [ERROR] Engine:463 - C:\Users\DELL\.stm32cubemx\thirdparties\pdsc\STMicroelectronics.X-CUBE-IPS.3.2.0.pdsc: PDSC version is not supported
2025-10-18 10:40:43,971 [ERROR] Engine:463 - C:\Users\DELL\.stm32cubemx\thirdparties\pdsc\WES.I-CUBE-Cesium.1.4.0.pdsc: PDSC version is not supported
2025-10-18 10:40:43,987 [ERROR] Engine:463 - C:\Users\DELL\.stm32cubemx\thirdparties\pdsc\STMicroelectronics.X-CUBE-FREERTOS.1.3.1.pdsc: PDSC version is not supported
2025-10-18 10:40:44,049 [WARN] PackLoader:238 - Cannot read IP mode file for STMicroelectronics.X-CUBE-TOUCHGFX.4.26.0
2025-10-18 10:40:44,065 [WARN] PackLoader:238 - Cannot read IP mode file for STMicroelectronics.X-CUBE-TOUCHGFX.4.25.0
2025-10-18 10:40:44,081 [INFO] MicroXplorer:448 - Change Database Path : 
2025-10-18 10:40:44,081 [INFO] MicroXplorer:478 - Change Database Version : DB.6.0.30
2025-10-18 10:40:44,081 [WARN] ThirdParty:813 - waiting for thirdparty lock release [close project]
2025-10-18 10:40:44,081 [ERROR] Engine:463 - C:\Users\DELL\.stm32cubemx\thirdparties\pdsc\STMicroelectronics.X-CUBE-ST67W61.1.1.0.pdsc: PDSC version is not supported
2025-10-18 10:40:44,096 [ERROR] Engine:463 - C:\Users\DELL\.stm32cubemx\thirdparties\pdsc\STMicroelectronics.X-CUBE-IPS.3.1.0.pdsc: PDSC version is not supported
2025-10-18 10:40:44,096 [INFO] ThirdParty:915 - Integrity check success = true
2025-10-18 10:40:44,096 [INFO] IntegrityCheckThread:94 - exiting critical section [integrity check]
2025-10-18 10:40:44,096 [INFO] IntegrityCheckThread:97 - End integrity checks thread
2025-10-18 10:40:44,096 [INFO] ThirdParty:815 - entering critical section [close project]
2025-10-18 10:40:44,096 [INFO] ThirdParty:825 - exiting critical section [close project]
2025-10-18 10:40:44,096 [INFO] PinOutPanel:1463 - setPackage(No Configuration,No Configuration)
2025-10-18 10:40:44,112 [INFO] UtilMem:74 - Begin LoadConfig() Used Memory: 211769840 Bytes (268435456)
2025-10-18 10:40:44,112 [INFO] MicroXplorer:448 - Change Database Path : 
2025-10-18 10:40:44,112 [INFO] MicroXplorer:478 - Change Database Version : DB.6.0.30
2025-10-18 10:40:44,112 [INFO] OpenFileManager:313 - Change cursor
2025-10-18 10:40:45,908 [INFO] Context:592 - Trying to add GPIOservice into a context  which must be forbidden
2025-10-18 10:40:46,346 [INFO] RtosManager:484 - Registered RTOS mode: class=CMSIS, group=RTOS, mode=CMSIS_V1, owner=FREERTOS
2025-10-18 10:40:46,346 [INFO] RtosManager:484 - Registered RTOS mode: class=CMSIS, group=RTOS2, mode=CMSIS_V2, owner=FREERTOS
2025-10-18 10:40:46,346 [INFO] RtosManager:484 - Registered RTOS mode: class=RTOS, group=Core, mode=CMSIS_V1, owner=FREERTOS
2025-10-18 10:40:46,346 [INFO] RtosManager:484 - Registered RTOS mode: class=RTOS, group=Core, mode=CMSIS_V2, owner=FREERTOS
2025-10-18 10:40:46,346 [WARN] ModelIntegratedComponent:181 - Missing modes for component STMicroelectronics:FreeRTOS:0.0.1:STMicroelectronics:RTOS:FreeRTOS:Core:::10.2.0:
2025-10-18 10:40:46,346 [WARN] ModelIntegratedComponent:60 - No mode defined for component null
2025-10-18 10:40:46,346 [WARN] ModelIntegratedComponent:60 - No mode defined for component null
2025-10-18 10:40:46,346 [WARN] ModelIntegratedComponent:60 - No mode defined for component null
2025-10-18 10:40:46,346 [WARN] ModelIntegratedComponent:60 - No mode defined for component null
2025-10-18 10:40:46,346 [WARN] ModelIntegratedComponent:60 - No mode defined for component null
2025-10-18 10:40:46,346 [WARN] ModelIntegratedComponent:60 - No mode defined for component null
2025-10-18 10:40:46,346 [WARN] ModelIntegratedComponent:60 - No mode defined for component null
2025-10-18 10:40:46,346 [WARN] ModelIntegratedComponent:60 - No mode defined for component null
2025-10-18 10:40:46,346 [WARN] ModelIntegratedComponent:60 - No mode defined for component null
2025-10-18 10:40:46,346 [WARN] ModelIntegratedComponent:60 - No mode defined for component null
2025-10-18 10:40:46,346 [WARN] ModelIntegratedComponent:60 - No mode defined for component null
2025-10-18 10:40:46,346 [WARN] ModelIntegratedComponent:60 - No mode defined for component null
2025-10-18 10:40:46,346 [WARN] ModelIntegratedComponent:60 - No mode defined for component null
2025-10-18 10:40:46,346 [WARN] ModelIntegratedComponent:60 - No mode defined for component null
2025-10-18 10:40:46,346 [WARN] ModelIntegratedComponent:60 - No mode defined for component null
2025-10-18 10:40:46,346 [WARN] ModelIntegratedComponent:60 - No mode defined for component null
2025-10-18 10:40:46,346 [WARN] ModelIntegratedComponent:60 - No mode defined for component null
2025-10-18 10:40:46,346 [WARN] ModelIntegratedComponent:60 - No mode defined for component null
2025-10-18 10:40:46,346 [WARN] ModelIntegratedComponent:60 - No mode defined for component null
2025-10-18 10:40:46,346 [WARN] ModelIntegratedComponent:60 - No mode defined for component null
2025-10-18 10:40:46,346 [WARN] ModelIntegratedComponent:60 - No mode defined for component null
2025-10-18 10:40:46,346 [WARN] ModelIntegratedComponent:60 - No mode defined for component null
2025-10-18 10:40:46,346 [WARN] ModelIntegratedComponent:60 - No mode defined for component null
2025-10-18 10:40:46,346 [WARN] ModelIntegratedComponent:60 - No mode defined for component null
2025-10-18 10:40:46,346 [WARN] ModelIntegratedComponent:60 - No mode defined for component null
2025-10-18 10:40:46,346 [WARN] ModelIntegratedComponent:60 - No mode defined for component null
2025-10-18 10:40:46,346 [WARN] ModelIntegratedComponent:60 - No mode defined for component null
2025-10-18 10:40:46,346 [WARN] ModelIntegratedComponent:60 - No mode defined for component null
2025-10-18 10:40:46,346 [WARN] ModelIntegratedComponent:60 - No mode defined for component null
2025-10-18 10:40:46,346 [WARN] ModelIntegratedComponent:60 - No mode defined for component null
2025-10-18 10:40:46,346 [WARN] ModelIntegratedComponent:60 - No mode defined for component null
2025-10-18 10:40:46,440 [INFO] UtilMem:74 - End LoadConfig() Used Memory: 192349872 Bytes (268435456)
2025-10-18 10:40:46,440 [INFO] DbMcusXml:100 - Load MCU database from D:\251\vxl\cube\STM32CubeIDE_1.7.0\STM32CubeIDE\plugins\com.st.stm32cube.common.mx_6.3.0.202107141111\\db\/mcu/families.xml
2025-10-18 10:40:47,595 [INFO] DbMcusJson:93 - JSON generation date=Tue Nov 16 23:17:54 ICT 2021 (1637079474)
2025-10-18 10:40:48,345 [INFO] DbMcus:175 - Found 1951 MCUs (1903 are supported by CubeMX, 1914 are visible in CubeMX)
2025-10-18 10:40:48,361 [INFO] ApiDb:251 - Load user favorites file C:\Users\DELL/.stm32cubeide/favorites.mcus.txt: 0 item(s)
2025-10-18 10:40:48,361 [INFO] ApiDb:255 - User favorites MCUs=[]
2025-10-18 10:40:48,361 [INFO] DbMcus:187 - Set 0 / 0 favorites MCUs
2025-10-18 10:40:48,423 [WARN] ThirdParty:779 - waiting for thirdparty lock release [change project]
2025-10-18 10:40:48,423 [INFO] ThirdParty:781 - entering critical section [change project]
2025-10-18 10:40:48,423 [INFO] ThirdParty:967 - CMSIS Pack Vendor :STMicroelectronics USB_HOST 2.0.0
2025-10-18 10:40:48,423 [INFO] ThirdParty:967 - CMSIS Pack Vendor :STMicroelectronics FreeRTOS 0.0.1
2025-10-18 10:40:48,423 [INFO] ThirdParty:967 - CMSIS Pack Vendor :STMicroelectronics USB_DEVICE 1.0.0
2025-10-18 10:40:48,423 [INFO] ThirdParty:967 - CMSIS Pack Vendor :STMicroelectronics USB_DEVICE 3.0.0
2025-10-18 10:40:48,423 [INFO] ThirdParty:967 - CMSIS Pack Vendor :STMicroelectronics HAL Drivers 0.0.0
2025-10-18 10:40:48,423 [INFO] ThirdParty:967 - CMSIS Pack Vendor :STMicroelectronics MBEDTLS 2.16.2
2025-10-18 10:40:48,423 [INFO] ThirdParty:967 - CMSIS Pack Vendor :STMicroelectronics ThreadX 0.0.2
2025-10-18 10:40:48,423 [INFO] ThirdParty:967 - CMSIS Pack Vendor :STMicroelectronics lwIP 2.0.3
2025-10-18 10:40:48,423 [INFO] ThirdParty:967 - CMSIS Pack Vendor :STMicroelectronics lwIP 2.1.2
2025-10-18 10:40:48,423 [INFO] ThirdParty:967 - CMSIS Pack Vendor :STMicroelectronics MBEDTLS 2.14.1
2025-10-18 10:40:48,423 [INFO] ThirdParty:967 - CMSIS Pack Vendor :STMicroelectronics USB_HOST 1.0.0
2025-10-18 10:40:48,423 [INFO] ThirdParty:967 - CMSIS Pack Vendor :STMicroelectronics X-CUBE-TOUCHGFX 4.26.0
2025-10-18 10:40:48,423 [INFO] ThirdParty:967 - CMSIS Pack Vendor :STMicroelectronics X-CUBE-TOUCHGFX 4.25.0
2025-10-18 10:40:48,423 [INFO] ThirdParty:967 - CMSIS Pack Vendor :STMicroelectronics PDM2PCM 3.1.0
2025-10-18 10:40:48,423 [INFO] ThirdParty:967 - CMSIS Pack Vendor :STMicroelectronics PDM2PCM 3.2.0
2025-10-18 10:40:48,423 [INFO] ThirdParty:967 - CMSIS Pack Vendor :STMicroelectronics USB_DEVICE 2.0.0
2025-10-18 10:40:48,423 [INFO] ThirdParty:967 - CMSIS Pack Vendor :STMicroelectronics PDM2PCM 3.3.0
2025-10-18 10:40:48,423 [INFO] ThirdParty:787 - exiting critical section [change project]
2025-10-18 10:40:48,853 [INFO] PinOutPanel:1463 - setPackage(No Configuration,No Configuration)
2025-10-18 10:40:48,853 [INFO] PinOutPanel:1463 - setPackage(STM32F103C6Ux,UFQFPN48)
2025-10-18 10:40:49,400 [INFO] UtilMem:74 - Before build in PCC Used Memory: 226990936 Bytes (530579456)
2025-10-18 10:40:50,462 [INFO] UtilMem:74 - After build in PCC Used Memory: 261538184 Bytes (530579456)
2025-10-18 10:40:50,478 [INFO] IPUIPlugin:74 - create IPUIPlugin
2025-10-18 10:40:50,478 [INFO] IPUIPlugin:74 - create IPUIPlugin
2025-10-18 10:40:50,478 [INFO] IPUIPlugin:74 - create IPUIPlugin
2025-10-18 10:40:50,478 [INFO] IPUIPlugin:74 - create IPUIPlugin
2025-10-18 10:40:50,478 [INFO] IPUIPlugin:74 - create IPUIPlugin
2025-10-18 10:40:50,478 [INFO] IPUIPlugin:74 - create IPUIPlugin
2025-10-18 10:40:50,478 [INFO] IPUIPlugin:74 - create IPUIPlugin
2025-10-18 10:40:50,478 [INFO] IPUIPlugin:74 - create IPUIPlugin
2025-10-18 10:40:50,478 [INFO] IPUIPlugin:74 - create IPUIPlugin
2025-10-18 10:40:50,478 [INFO] IPUIPlugin:74 - create IPUIPlugin
2025-10-18 10:40:50,478 [INFO] IPUIPlugin:74 - create IPUIPlugin
2025-10-18 10:40:50,478 [INFO] IPUIPlugin:74 - create IPUIPlugin
2025-10-18 10:40:50,478 [INFO] IPUIPlugin:74 - create IPUIPlugin
2025-10-18 10:40:50,478 [INFO] IPUIPlugin:74 - create IPUIPlugin
2025-10-18 10:40:50,478 [INFO] IPUIPlugin:74 - create IPUIPlugin
2025-10-18 10:40:50,478 [INFO] IPUIPlugin:74 - create IPUIPlugin
2025-10-18 10:40:50,478 [INFO] IPUIPlugin:74 - create IPUIPlugin
2025-10-18 10:40:50,478 [INFO] IPUIPlugin:74 - create IPUIPlugin
2025-10-18 10:40:50,478 [INFO] IPUIPlugin:74 - create IPUIPlugin
2025-10-18 10:40:50,478 [INFO] IPUIPlugin:74 - create IPUIPlugin
2025-10-18 10:40:50,478 [INFO] IPUIPlugin:74 - create IPUIPlugin
2025-10-18 10:40:50,478 [INFO] IPUIPlugin:74 - create IPUIPlugin
2025-10-18 10:40:50,478 [INFO] IPUIPlugin:74 - create IPUIPlugin
2025-10-18 10:40:50,618 [INFO] OpenFileManager:333 - Restore cursor
2025-10-25 13:48:45,038 [INFO] Activator:177 - 


2025-10-25 13:48:45,040 [INFO] Activator:178 - !SESSION log4j initialized
2025-10-25 13:49:07,162 [INFO] McuFinderGlobals:39 - Set McuFinder mode to 2 (CubeIDE integrated)
2025-10-25 13:49:07,918 [INFO] ApplicationProperties:181 - Using Application install path: D:\251\vxl\cube\STM32CubeIDE_1.7.0\STM32CubeIDE\plugins\com.st.stm32cube.common.mx_6.3.0.202107141111
2025-10-25 13:49:07,966 [INFO] DbMcusXml:74 - Set database path to: D:\251\vxl\cube\STM32CubeIDE_1.7.0\STM32CubeIDE\plugins\com.st.stm32cube.common.mx_6.3.0.202107141111\\db\/mcu/
2025-10-25 13:49:07,973 [INFO] DbBoardsPdsc:56 - Set plugin database path to: D:\251\vxl\cube\STM32CubeIDE_1.7.0\STM32CubeIDE\plugins\com.st.stm32cube.common.mx_6.3.0.202107141111\\db\/plugins/boardmanager/
2025-10-25 13:49:07,973 [INFO] DbMcus:258 - Set plugin images path to: D:\251\vxl\cube\STM32CubeIDE_1.7.0\STM32CubeIDE\plugins\com.st.stm32cube.common.mx_6.3.0.202107141111\\db\/plugins/mcufinder/images/
2025-10-25 13:49:07,974 [INFO] DbBoards:264 - Set plugin images path to: D:\251\vxl\cube\STM32CubeIDE_1.7.0\STM32CubeIDE\plugins\com.st.stm32cube.common.mx_6.3.0.202107141111\\db\/plugins/mcufinder/images/
2025-10-25 13:49:07,978 [INFO] DbExamples:333 - Set plugin images path to: D:\251\vxl\cube\STM32CubeIDE_1.7.0\STM32CubeIDE\plugins\com.st.stm32cube.common.mx_6.3.0.202107141111\\db\/plugins/mcufinder/images/
2025-10-25 13:49:08,004 [INFO] DbMcusAds:119 - Set database path to: C:\Users\DELL\.stmcufinder\plugins\mcufinder//mcu/
2025-10-25 13:49:08,006 [INFO] DbMcusDocs:110 - Set database path to: C:\Users\DELL\.stmcufinder\plugins\mcufinder//mcu/
2025-10-25 13:49:08,009 [INFO] DbMcusJson:64 - Set database path to: C:\Users\DELL\.stmcufinder\plugins\mcufinder//mcu/
2025-10-25 13:49:08,009 [INFO] DbBoardsDocs:110 - Set database path to: C:\Users\DELL\.stmcufinder\plugins\mcufinder//mcu/
2025-10-25 13:49:08,010 [INFO] DbBoardsJson:57 - Set database path to: C:\Users\DELL\.stmcufinder\plugins\mcufinder//mcu/
2025-10-25 13:49:08,016 [INFO] CrossReferenceDbSqlite:196 - Set database path to: C:\Users\DELL\.stmcufinder\plugins\mcufinder//mcu/cs/
2025-10-25 13:49:08,020 [INFO] DbExamplesSqlite:767 - Set database path to: C:\Users\DELL\.stmcufinder\plugins\mcufinder//mcu/
2025-10-25 13:49:08,179 [INFO] RulesReader:57 - Compatibility file has been processed (242 Rules)
2025-10-25 13:49:08,473 [INFO] DbMcusXml:74 - Set database path to: D:\251\vxl\cube\STM32CubeIDE_1.7.0\STM32CubeIDE\plugins\com.st.stm32cube.common.mx_6.3.0.202107141111\\db\/mcu/
2025-10-25 13:49:08,474 [INFO] DbBoardsPdsc:56 - Set plugin database path to: D:\251\vxl\cube\STM32CubeIDE_1.7.0\STM32CubeIDE\plugins\com.st.stm32cube.common.mx_6.3.0.202107141111\\db\/plugins/boardmanager/
2025-10-25 13:49:08,474 [INFO] DbMcus:258 - Set plugin images path to: D:\251\vxl\cube\STM32CubeIDE_1.7.0\STM32CubeIDE\plugins\com.st.stm32cube.common.mx_6.3.0.202107141111\\db\/plugins/mcufinder/images/
2025-10-25 13:49:08,474 [INFO] DbBoards:264 - Set plugin images path to: D:\251\vxl\cube\STM32CubeIDE_1.7.0\STM32CubeIDE\plugins\com.st.stm32cube.common.mx_6.3.0.202107141111\\db\/plugins/mcufinder/images/
2025-10-25 13:49:08,474 [INFO] DbExamples:333 - Set plugin images path to: D:\251\vxl\cube\STM32CubeIDE_1.7.0\STM32CubeIDE\plugins\com.st.stm32cube.common.mx_6.3.0.202107141111\\db\/plugins/mcufinder/images/
2025-10-25 13:49:08,474 [WARN] DbFile:35 - Overriding database path with different value: C:\Users\DELL\.stmcufinder\plugins\mcufinder/ => C:\Users\DELL\.stmcufinder\plugins\mcufinder
2025-10-25 13:49:08,474 [INFO] DbMcusAds:119 - Set database path to: C:\Users\DELL\.stmcufinder\plugins\mcufinder//mcu/
2025-10-25 13:49:08,475 [WARN] DbFile:35 - Overriding database path with different value: C:\Users\DELL\.stmcufinder\plugins\mcufinder/ => C:\Users\DELL\.stmcufinder\plugins\mcufinder
2025-10-25 13:49:08,475 [INFO] DbMcusDocs:110 - Set database path to: C:\Users\DELL\.stmcufinder\plugins\mcufinder//mcu/
2025-10-25 13:49:08,475 [WARN] DbFile:35 - Overriding database path with different value: C:\Users\DELL\.stmcufinder\plugins\mcufinder/ => C:\Users\DELL\.stmcufinder\plugins\mcufinder
2025-10-25 13:49:08,475 [INFO] DbMcusJson:64 - Set database path to: C:\Users\DELL\.stmcufinder\plugins\mcufinder//mcu/
2025-10-25 13:49:08,475 [WARN] DbFile:35 - Overriding database path with different value: C:\Users\DELL\.stmcufinder\plugins\mcufinder/ => C:\Users\DELL\.stmcufinder\plugins\mcufinder
2025-10-25 13:49:08,475 [INFO] DbBoardsDocs:110 - Set database path to: C:\Users\DELL\.stmcufinder\plugins\mcufinder//mcu/
2025-10-25 13:49:08,475 [WARN] DbFile:35 - Overriding database path with different value: C:\Users\DELL\.stmcufinder\plugins\mcufinder/ => C:\Users\DELL\.stmcufinder\plugins\mcufinder
2025-10-25 13:49:08,475 [INFO] DbBoardsJson:57 - Set database path to: C:\Users\DELL\.stmcufinder\plugins\mcufinder//mcu/
2025-10-25 13:49:08,476 [WARN] DbFile:35 - Overriding database path with different value: C:\Users\DELL\.stmcufinder\plugins\mcufinder/ => C:\Users\DELL\.stmcufinder\plugins\mcufinder
2025-10-25 13:49:08,476 [WARN] DbFile:35 - Overriding database path with different value: C:\Users\DELL\.stmcufinder\plugins\mcufinder/ => C:\Users\DELL\.stmcufinder\plugins\mcufinder
2025-10-25 13:49:08,481 [INFO] CrossReferenceDbSqlite:196 - Set database path to: C:\Users\DELL\.stmcufinder\plugins\mcufinder//mcu/cs/
2025-10-25 13:49:08,481 [WARN] DbFile:35 - Overriding database path with different value: C:\Users\DELL\.stmcufinder\plugins\mcufinder/ => C:\Users\DELL\.stmcufinder\plugins\mcufinder
2025-10-25 13:49:08,481 [INFO] DbExamplesSqlite:767 - Set database path to: C:\Users\DELL\.stmcufinder\plugins\mcufinder//mcu/
2025-10-25 13:49:08,650 [INFO] MainPanel:214 - HeapMemory: 268435456
2025-10-25 13:49:08,887 [INFO] DbMcusXml:74 - Set database path to: D:\251\vxl\cube\STM32CubeIDE_1.7.0\STM32CubeIDE\plugins\com.st.stm32cube.common.mx_6.3.0.202107141111\\db\/mcu/
2025-10-25 13:49:08,889 [INFO] DbBoardsPdsc:56 - Set plugin database path to: D:\251\vxl\cube\STM32CubeIDE_1.7.0\STM32CubeIDE\plugins\com.st.stm32cube.common.mx_6.3.0.202107141111\\db\/plugins/boardmanager/
2025-10-25 13:49:08,889 [INFO] DbMcus:258 - Set plugin images path to: D:\251\vxl\cube\STM32CubeIDE_1.7.0\STM32CubeIDE\plugins\com.st.stm32cube.common.mx_6.3.0.202107141111\\db\/plugins/mcufinder/images/
2025-10-25 13:49:08,889 [INFO] DbBoards:264 - Set plugin images path to: D:\251\vxl\cube\STM32CubeIDE_1.7.0\STM32CubeIDE\plugins\com.st.stm32cube.common.mx_6.3.0.202107141111\\db\/plugins/mcufinder/images/
2025-10-25 13:49:08,889 [INFO] DbExamples:333 - Set plugin images path to: D:\251\vxl\cube\STM32CubeIDE_1.7.0\STM32CubeIDE\plugins\com.st.stm32cube.common.mx_6.3.0.202107141111\\db\/plugins/mcufinder/images/
2025-10-25 13:49:08,890 [WARN] DbFile:35 - Overriding database path with different value: C:\Users\DELL\.stmcufinder\plugins\mcufinder/ => C:\Users\DELL\.stmcufinder\plugins\mcufinder
2025-10-25 13:49:08,890 [INFO] DbMcusAds:119 - Set database path to: C:\Users\DELL\.stmcufinder\plugins\mcufinder//mcu/
2025-10-25 13:49:08,890 [WARN] DbFile:35 - Overriding database path with different value: C:\Users\DELL\.stmcufinder\plugins\mcufinder/ => C:\Users\DELL\.stmcufinder\plugins\mcufinder
2025-10-25 13:49:08,890 [INFO] DbMcusDocs:110 - Set database path to: C:\Users\DELL\.stmcufinder\plugins\mcufinder//mcu/
2025-10-25 13:49:08,890 [WARN] DbFile:35 - Overriding database path with different value: C:\Users\DELL\.stmcufinder\plugins\mcufinder/ => C:\Users\DELL\.stmcufinder\plugins\mcufinder
2025-10-25 13:49:08,890 [INFO] DbMcusJson:64 - Set database path to: C:\Users\DELL\.stmcufinder\plugins\mcufinder//mcu/
2025-10-25 13:49:08,890 [WARN] DbFile:35 - Overriding database path with different value: C:\Users\DELL\.stmcufinder\plugins\mcufinder/ => C:\Users\DELL\.stmcufinder\plugins\mcufinder
2025-10-25 13:49:08,891 [INFO] DbBoardsDocs:110 - Set database path to: C:\Users\DELL\.stmcufinder\plugins\mcufinder//mcu/
2025-10-25 13:49:08,891 [WARN] DbFile:35 - Overriding database path with different value: C:\Users\DELL\.stmcufinder\plugins\mcufinder/ => C:\Users\DELL\.stmcufinder\plugins\mcufinder
2025-10-25 13:49:08,891 [INFO] DbBoardsJson:57 - Set database path to: C:\Users\DELL\.stmcufinder\plugins\mcufinder//mcu/
2025-10-25 13:49:08,891 [WARN] DbFile:35 - Overriding database path with different value: C:\Users\DELL\.stmcufinder\plugins\mcufinder/ => C:\Users\DELL\.stmcufinder\plugins\mcufinder
2025-10-25 13:49:08,891 [WARN] DbFile:35 - Overriding database path with different value: C:\Users\DELL\.stmcufinder\plugins\mcufinder/ => C:\Users\DELL\.stmcufinder\plugins\mcufinder
2025-10-25 13:49:08,891 [INFO] CrossReferenceDbSqlite:196 - Set database path to: C:\Users\DELL\.stmcufinder\plugins\mcufinder//mcu/cs/
2025-10-25 13:49:08,891 [WARN] DbFile:35 - Overriding database path with different value: C:\Users\DELL\.stmcufinder\plugins\mcufinder/ => C:\Users\DELL\.stmcufinder\plugins\mcufinder
2025-10-25 13:49:08,891 [INFO] DbExamplesSqlite:767 - Set database path to: C:\Users\DELL\.stmcufinder\plugins\mcufinder//mcu/
2025-10-25 13:49:08,918 [INFO] ApplicationProperties:181 - Using Application install path: D:\251\vxl\cube\STM32CubeIDE_1.7.0\STM32CubeIDE\plugins\com.st.stm32cube.common.mx_6.3.0.202107141111
2025-10-25 13:49:08,919 [INFO] PluginManage:188 - Search for loadable plugins [exclusion list=, ]
2025-10-25 13:49:08,921 [INFO] PluginManage:302 - Check plugin analytics
2025-10-25 13:49:09,169 [INFO] AnalyticsPlugin:257 - Accepted Software Licenses: 
2025-10-25 13:49:09,169 [INFO] AnalyticsPlugin:259 - Accepted CMSIS Pack Licenses: 
2025-10-25 13:49:09,169 [INFO] AnalyticsPlugin:261 - Accepted Firmware Licenses: 
2025-10-25 13:49:09,169 [INFO] PluginManage:352 - Loaded plugin analytics (category:tool,tabindex:-1)
2025-10-25 13:49:09,171 [INFO] PluginManage:302 - Check plugin clock
2025-10-25 13:49:09,200 [INFO] PluginManage:352 - Loaded plugin clock (category:base,tabindex:2)
2025-10-25 13:49:09,200 [INFO] PluginManage:302 - Check plugin ddr
2025-10-25 13:49:09,204 [INFO] PluginManage:352 - Loaded plugin ddr (category:tool,tabindex:6)
2025-10-25 13:49:09,204 [INFO] PluginManage:302 - Check plugin filemanager
2025-10-25 13:49:09,421 [INFO] PluginManage:352 - Loaded plugin filemanager (category:base,tabindex:10)
2025-10-25 13:49:09,421 [INFO] PluginManage:302 - Check plugin ipmanager
2025-10-25 13:49:09,442 [INFO] PluginManage:352 - Loaded plugin ipmanager (category:base,tabindex:5)
2025-10-25 13:49:09,442 [INFO] PluginManage:302 - Check plugin pinoutandconfiguration
2025-10-25 13:49:09,484 [INFO] PluginManage:352 - Loaded plugin pinoutandconfiguration (category:base,tabindex:1)
2025-10-25 13:49:09,484 [INFO] PluginManage:302 - Check plugin pinoutconfig
2025-10-25 13:49:09,543 [INFO] PluginManage:352 - Loaded plugin pinoutconfig (category:base,tabindex:0)
2025-10-25 13:49:09,544 [INFO] PluginManage:302 - Check plugin power
2025-10-25 13:49:09,635 [INFO] PluginManage:352 - Loaded plugin power (category:power,tabindex:4)
2025-10-25 13:49:09,636 [INFO] PluginManage:302 - Check plugin projectmanager
2025-10-25 13:49:09,654 [INFO] PluginManage:352 - Loaded plugin projectmanager (category:projectmanager,tabindex:3)
2025-10-25 13:49:09,654 [INFO] PluginManage:302 - Check plugin thirdparty
2025-10-25 13:49:10,132 [WARN] IntegrityCheckThread:78 - waiting for thirdparty lock release [integrity check]
2025-10-25 13:49:10,132 [INFO] PluginManage:352 - Loaded plugin thirdparty (category:base,tabindex:-1)
2025-10-25 13:49:10,134 [INFO] PluginManage:302 - Check plugin tools
2025-10-25 13:49:10,134 [INFO] IntegrityCheckThread:80 - entering critical section [integrity check]
2025-10-25 13:49:10,134 [INFO] ThirdPartyUpdaterWithRetryManager:66 - Updater plugin not ready yet. [1/15]
2025-10-25 13:49:10,220 [INFO] PluginManage:352 - Loaded plugin tools (category:base,tabindex:7)
2025-10-25 13:49:10,220 [INFO] PluginManage:302 - Check plugin tutovideos
2025-10-25 13:49:10,566 [INFO] PluginManage:352 - Loaded plugin tutovideos (category:base,tabindex:-1)
2025-10-25 13:49:10,566 [INFO] PluginManage:302 - Check plugin updater
2025-10-25 13:49:10,606 [INFO] PluginManage:352 - Loaded plugin updater (category:base,tabindex:12)
2025-10-25 13:49:10,607 [INFO] PluginManage:275 - PluginManage : Loaded plugins [13]
2025-10-25 13:49:10,810 [INFO] PinOutPanel:1463 - setPackage(No Configuration,No Configuration)
2025-10-25 13:49:10,962 [INFO] IPUIPlugin:74 - create IPUIPlugin
2025-10-25 13:49:10,962 [INFO] PluginManager:213 - loadIPPluginJar : add adc
2025-10-25 13:49:11,022 [INFO] IPUIPlugin:74 - create IPUIPlugin
2025-10-25 13:49:11,022 [INFO] PluginManager:213 - loadIPPluginJar : add aes
2025-10-25 13:49:11,088 [INFO] IPUIPlugin:74 - create IPUIPlugin
2025-10-25 13:49:11,088 [INFO] PluginManager:213 - loadIPPluginJar : add can
2025-10-25 13:49:11,136 [INFO] IPUIPlugin:74 - create IPUIPlugin
2025-10-25 13:49:11,136 [INFO] PluginManager:213 - loadIPPluginJar : add comp
2025-10-25 13:49:11,187 [INFO] IPUIPlugin:74 - create IPUIPlugin
2025-10-25 13:49:11,187 [INFO] PluginManager:213 - loadIPPluginJar : add cryp
2025-10-25 13:49:11,243 [INFO] IPUIPlugin:74 - create IPUIPlugin
2025-10-25 13:49:11,243 [INFO] PluginManager:213 - loadIPPluginJar : add dfsdm
2025-10-25 13:49:11,259 [INFO] IPUIPlugin:74 - create IPUIPlugin
2025-10-25 13:49:11,260 [INFO] PluginManager:213 - loadIPPluginJar : add dma
2025-10-25 13:49:11,328 [INFO] IPUIPlugin:74 - create IPUIPlugin
2025-10-25 13:49:11,328 [INFO] PluginManager:213 - loadIPPluginJar : add dma3
2025-10-25 13:49:11,371 [INFO] IPUIPlugin:74 - create IPUIPlugin
2025-10-25 13:49:11,371 [INFO] PluginManager:213 - loadIPPluginJar : add fatfs
2025-10-25 13:49:11,463 [INFO] IPUIPlugin:74 - create IPUIPlugin
2025-10-25 13:49:11,463 [INFO] PluginManager:213 - loadIPPluginJar : add fmc
2025-10-25 13:49:11,531 [INFO] IPUIPlugin:74 - create IPUIPlugin
2025-10-25 13:49:11,532 [INFO] PluginManager:213 - loadIPPluginJar : add freertos
2025-10-25 13:49:11,573 [INFO] IPUIPlugin:74 - create IPUIPlugin
2025-10-25 13:49:11,573 [INFO] PluginManager:213 - loadIPPluginJar : add genericplugin
2025-10-25 13:49:11,701 [INFO] IPUIPlugin:74 - create IPUIPlugin
2025-10-25 13:49:11,702 [INFO] PluginManager:213 - loadIPPluginJar : add gfxmmu
2025-10-25 13:49:11,892 [INFO] IPUIPlugin:74 - create IPUIPlugin
2025-10-25 13:49:11,892 [INFO] PluginManager:213 - loadIPPluginJar : add gic
2025-10-25 13:49:11,909 [INFO] IPUIPlugin:74 - create IPUIPlugin
2025-10-25 13:49:11,910 [INFO] PluginManager:213 - loadIPPluginJar : add gpio
2025-10-25 13:49:12,016 [INFO] IPUIPlugin:74 - create IPUIPlugin
2025-10-25 13:49:12,016 [INFO] PluginManager:213 - loadIPPluginJar : add gtzc
2025-10-25 13:49:12,065 [INFO] IPUIPlugin:74 - create IPUIPlugin
2025-10-25 13:49:12,065 [INFO] PluginManager:213 - loadIPPluginJar : add hash
2025-10-25 13:49:12,144 [INFO] IPUIPlugin:74 - create IPUIPlugin
2025-10-25 13:49:12,144 [INFO] PluginManager:213 - loadIPPluginJar : add i2c
2025-10-25 13:49:12,206 [INFO] IPUIPlugin:74 - create IPUIPlugin
2025-10-25 13:49:12,206 [INFO] PluginManager:213 - loadIPPluginJar : add i2s
2025-10-25 13:49:12,220 [INFO] IPUIPlugin:74 - create IPUIPlugin
2025-10-25 13:49:12,221 [INFO] PluginManager:213 - loadIPPluginJar : add ipddr
2025-10-25 13:49:12,344 [INFO] IPUIPlugin:74 - create IPUIPlugin
2025-10-25 13:49:12,344 [INFO] PluginManager:213 - loadIPPluginJar : add linkedlist
2025-10-25 13:49:12,401 [INFO] IPUIPlugin:74 - create IPUIPlugin
2025-10-25 13:49:12,402 [INFO] PluginManager:213 - loadIPPluginJar : add lorawan
2025-10-25 13:49:12,475 [INFO] IPUIPlugin:74 - create IPUIPlugin
2025-10-25 13:49:12,475 [INFO] PluginManager:213 - loadIPPluginJar : add ltdc
2025-10-25 13:49:12,495 [INFO] IPUIPlugin:74 - create IPUIPlugin
2025-10-25 13:49:12,496 [INFO] PluginManager:213 - loadIPPluginJar : add mdma
2025-10-25 13:49:12,514 [INFO] IPUIPlugin:74 - create IPUIPlugin
2025-10-25 13:49:12,514 [INFO] PluginManager:213 - loadIPPluginJar : add nvic
2025-10-25 13:49:12,577 [INFO] IPUIPlugin:74 - create IPUIPlugin
2025-10-25 13:49:12,578 [INFO] PluginManager:213 - loadIPPluginJar : add opamp
2025-10-25 13:49:12,686 [INFO] IPUIPlugin:74 - create IPUIPlugin
2025-10-25 13:49:12,686 [INFO] PluginManager:213 - loadIPPluginJar : add openamp
2025-10-25 13:49:12,761 [INFO] IPUIPlugin:74 - create IPUIPlugin
2025-10-25 13:49:12,761 [INFO] PluginManager:213 - loadIPPluginJar : add pdm2pcm
2025-10-25 13:49:12,780 [INFO] IPUIPlugin:74 - create IPUIPlugin
2025-10-25 13:49:12,783 [INFO] PluginManager:213 - loadIPPluginJar : add plateformsettings
2025-10-25 13:49:12,834 [INFO] IPUIPlugin:74 - create IPUIPlugin
2025-10-25 13:49:12,834 [INFO] PluginManager:213 - loadIPPluginJar : add quadspi
2025-10-25 13:49:12,877 [INFO] IPUIPlugin:74 - create IPUIPlugin
2025-10-25 13:49:12,877 [INFO] PluginManager:213 - loadIPPluginJar : add resmgrutility
2025-10-25 13:49:12,959 [INFO] IPUIPlugin:74 - create IPUIPlugin
2025-10-25 13:49:12,959 [INFO] PluginManager:213 - loadIPPluginJar : add sai
2025-10-25 13:49:13,024 [INFO] IPUIPlugin:74 - create IPUIPlugin
2025-10-25 13:49:13,024 [INFO] PluginManager:213 - loadIPPluginJar : add spi
2025-10-25 13:49:13,105 [INFO] IPUIPlugin:74 - create IPUIPlugin
2025-10-25 13:49:13,105 [INFO] PluginManager:213 - loadIPPluginJar : add stm32_wpan
2025-10-25 13:49:13,140 [INFO] ThirdPartyUpdaterWithRetryManager:66 - Updater plugin not ready yet. [2/15]
2025-10-25 13:49:13,152 [INFO] IPUIPlugin:74 - create IPUIPlugin
2025-10-25 13:49:13,152 [INFO] PluginManager:213 - loadIPPluginJar : add tim
2025-10-25 13:49:13,248 [INFO] IPUIPlugin:74 - create IPUIPlugin
2025-10-25 13:49:13,248 [INFO] PluginManager:213 - loadIPPluginJar : add touchsensing
2025-10-25 13:49:13,294 [INFO] IPUIPlugin:74 - create IPUIPlugin
2025-10-25 13:49:13,295 [INFO] PluginManager:213 - loadIPPluginJar : add tracer_emb
2025-10-25 13:49:13,344 [INFO] IPUIPlugin:74 - create IPUIPlugin
2025-10-25 13:49:13,344 [INFO] PluginManager:213 - loadIPPluginJar : add ts
2025-10-25 13:49:13,391 [INFO] IPUIPlugin:74 - create IPUIPlugin
2025-10-25 13:49:13,392 [INFO] PluginManager:213 - loadIPPluginJar : add tsc
2025-10-25 13:49:13,437 [INFO] IPUIPlugin:74 - create IPUIPlugin
2025-10-25 13:49:13,437 [INFO] PluginManager:213 - loadIPPluginJar : add ucpd
2025-10-25 13:49:13,509 [INFO] IPUIPlugin:74 - create IPUIPlugin
2025-10-25 13:49:13,509 [INFO] PluginManager:213 - loadIPPluginJar : add usart
2025-10-25 13:49:13,574 [INFO] IPUIPlugin:74 - create IPUIPlugin
2025-10-25 13:49:13,574 [INFO] PluginManager:213 - loadIPPluginJar : add usbx
2025-10-25 13:49:13,936 [FATAL] Updater:294 - Updater called before beeing initialized
2025-10-25 13:49:14,069 [FATAL] Updater:294 - Updater called before beeing initialized
2025-10-25 13:49:14,083 [INFO] DbMcusAds:47 - JSON generation date=Thu Oct 02 16:36:05 ICT 2025 (1759397765645)
2025-10-25 13:49:14,083 [FATAL] Updater:294 - Updater called before beeing initialized
2025-10-25 13:49:14,229 [WARN] DetailPanel:314 - Failed to get advertising image, set to default
2025-10-25 13:49:14,388 [FATAL] Updater:294 - Updater called before beeing initialized
2025-10-25 13:49:14,391 [FATAL] Updater:294 - Updater called before beeing initialized
2025-10-25 13:49:14,392 [FATAL] Updater:294 - Updater called before beeing initialized
2025-10-25 13:49:14,392 [WARN] DetailPanel:314 - Failed to get advertising image, set to default
2025-10-25 13:49:14,393 [FATAL] Updater:294 - Updater called before beeing initialized
2025-10-25 13:49:14,473 [ERROR] Updater:1075 - MainUpdater not yet initialized. External WinMGr cannot be set.
2025-10-25 13:49:14,488 [INFO] Updater:1012 - Updater Version found : 6.3.0
2025-10-25 13:49:14,523 [INFO] ApplicationProperties:181 - Using Application install path: D:\251\vxl\cube\STM32CubeIDE_1.7.0\STM32CubeIDE\plugins\com.st.stm32cube.common.mx_6.3.0.202107141111
2025-10-25 13:49:14,967 [INFO] MainUpdater:2671 - connection check result : 10
2025-10-25 13:49:14,967 [INFO] MainUpdater:3359 - Updater definition file requires update
2025-10-25 13:49:14,969 [INFO] MainUpdater:265 - Updater Check For Update Now.
2025-10-25 13:49:14,970 [INFO] MicroXplorer:478 - Change Database Version : DB.6.0.30
2025-10-25 13:49:15,133 [INFO] ServerAccessManage:362 - Download File updaters.zip
2025-10-25 13:49:15,287 [INFO] FileExtend:235 - Unzip File : updaters.zip
2025-10-25 13:49:15,288 [INFO] FileExtend:250 - Standard Zip Deflate
2025-10-25 13:49:16,156 [WARN] MainUpdater:1122 - Updater busy. Cannot search thirdparties
2025-10-25 13:49:16,156 [INFO] ThirdPartyUpdaterWithRetryManager:92 - Updater plugin is busy. [1/15]
2025-10-25 13:49:17,980 [INFO] ServerAccessManage:362 - Download File PacksControlFlags.xml
2025-10-25 13:49:18,217 [INFO] ServerAccessManage:362 - Download File cubemx.pidx
2025-10-25 13:49:19,171 [WARN] MainUpdater:1122 - Updater busy. Cannot search thirdparties
2025-10-25 13:49:19,171 [INFO] ThirdPartyUpdaterWithRetryManager:92 - Updater plugin is busy. [2/15]
2025-10-25 13:49:19,298 [INFO] ServerAccessManage:362 - Download File STMicroelectronics.X-CUBE-FREERTOS.pdsc
2025-10-25 13:49:21,072 [INFO] ServerAccessManage:362 - Download File STMicroelectronics.X-CUBE-ST60.pdsc
2025-10-25 13:49:21,820 [INFO] ServerAccessManage:362 - Download File STMicroelectronics.X-CUBE-TOUCHGFX.pdsc
2025-10-25 13:49:22,172 [WARN] MainUpdater:1122 - Updater busy. Cannot search thirdparties
2025-10-25 13:49:22,172 [INFO] ThirdPartyUpdaterWithRetryManager:92 - Updater plugin is busy. [3/15]
2025-10-25 13:49:25,181 [WARN] MainUpdater:1122 - Updater busy. Cannot search thirdparties
2025-10-25 13:49:25,181 [INFO] ThirdPartyUpdaterWithRetryManager:92 - Updater plugin is busy. [4/15]
2025-10-25 13:49:25,910 [INFO] MainUpdater:2671 - connection check result : 10
2025-10-25 13:49:28,183 [WARN] MainUpdater:1122 - Updater busy. Cannot search thirdparties
2025-10-25 13:49:28,183 [INFO] ThirdPartyUpdaterWithRetryManager:92 - Updater plugin is busy. [5/15]
2025-10-25 13:49:29,126 [INFO] ServerAccessManage:362 - Download File WES.I-CUBE-Cesium.pdsc
2025-10-25 13:49:31,193 [WARN] MainUpdater:1122 - Updater busy. Cannot search thirdparties
2025-10-25 13:49:31,193 [INFO] ThirdPartyUpdaterWithRetryManager:92 - Updater plugin is busy. [6/15]
2025-10-25 13:49:32,666 [ERROR] ServerAccessManage:974 - Problem, file not found on Server
2025-10-25 13:49:33,611 [ERROR] ServerAccessManage:974 - Problem, file not found on Server
2025-10-25 13:49:33,803 [WARN] PopulateThirdPartyThread:100 - Error when creating pack: C:/Users/DELL/.stm32cubemx/thirdparties/pdsc/STMicroelectronics.X-CUBE-FREERTOS.pdsc
2025-10-25 13:49:33,804 [WARN] PopulateThirdPartyThread:100 - Error when creating pack: C:/Users/DELL/.stm32cubemx/thirdparties/pdsc/STMicroelectronics.X-CUBE-ST60.pdsc
2025-10-25 13:49:33,849 [WARN] PackLoader:238 - Cannot read IP mode file for STMicroelectronics.X-CUBE-TOUCHGFX.4.26.0
2025-10-25 13:49:33,858 [WARN] PopulateThirdPartyThread:100 - Error when creating pack: C:/Users/DELL/.stm32cubemx/thirdparties/pdsc/WES.I-CUBE-Cesium.pdsc
2025-10-25 13:49:33,858 [INFO] PopulateThirdPartyThread:60 - Ending populate Thread
2025-10-25 13:49:33,859 [INFO] ThirdParty:967 - CMSIS Pack Vendor :STMicroelectronics X-CUBE-TOUCHGFX 4.26.0
2025-10-25 13:49:33,860 [INFO] LoadServerUpdatesThread:339 - End of LoadServerUpdate Thread
2025-10-25 13:49:33,932 [INFO] CheckServerUpdateThread:112 - End of CheckServer Thread
2025-10-25 13:49:33,992 [INFO] MainUpdater:2671 - connection check result : 10
2025-10-25 13:49:34,390 [ERROR] Engine:463 - C:\Users\DELL\.stm32cubemx\thirdparties\pdsc\Avnet-IotConnect.X-CUBE-IoTC-DA16k-PMOD.1.0.0.pdsc: PDSC version is not supported
2025-10-25 13:49:34,421 [ERROR] Engine:463 - C:\Users\DELL\.stm32cubemx\thirdparties\pdsc\STMicroelectronics.X-CUBE-IPS.3.2.0.pdsc: PDSC version is not supported
2025-10-25 13:49:34,438 [ERROR] Engine:463 - C:\Users\DELL\.stm32cubemx\thirdparties\pdsc\STMicroelectronics.X-CUBE-ST60.1.0.0.pdsc: PDSC version is not supported
2025-10-25 13:49:34,447 [ERROR] Engine:463 - C:\Users\DELL\.stm32cubemx\thirdparties\pdsc\WES.I-CUBE-Cesium.1.4.0.pdsc: PDSC version is not supported
2025-10-25 13:49:34,464 [INFO] MicroXplorer:448 - Change Database Path : 
2025-10-25 13:49:34,464 [ERROR] Engine:463 - C:\Users\DELL\.stm32cubemx\thirdparties\pdsc\STMicroelectronics.X-CUBE-FREERTOS.1.3.1.pdsc: PDSC version is not supported
2025-10-25 13:49:34,465 [INFO] MicroXplorer:478 - Change Database Version : DB.6.0.30
2025-10-25 13:49:34,465 [WARN] ThirdParty:813 - waiting for thirdparty lock release [close project]
2025-10-25 13:49:34,468 [ERROR] Engine:463 - C:\Users\DELL\.stm32cubemx\thirdparties\pdsc\STMicroelectronics.X-CUBE-ST60.1.1.0.pdsc: PDSC version is not supported
2025-10-25 13:49:34,474 [WARN] PackLoader:238 - Cannot read IP mode file for STMicroelectronics.X-CUBE-TOUCHGFX.4.26.0
2025-10-25 13:49:34,496 [WARN] PackLoader:238 - Cannot read IP mode file for STMicroelectronics.X-CUBE-TOUCHGFX.4.25.0
2025-10-25 13:49:34,512 [ERROR] Engine:463 - C:\Users\DELL\.stm32cubemx\thirdparties\pdsc\STMicroelectronics.X-CUBE-ST67W61.1.1.0.pdsc: PDSC version is not supported
2025-10-25 13:49:34,529 [ERROR] Engine:463 - C:\Users\DELL\.stm32cubemx\thirdparties\pdsc\STMicroelectronics.X-CUBE-IPS.3.1.0.pdsc: PDSC version is not supported
2025-10-25 13:49:34,530 [INFO] ThirdParty:915 - Integrity check success = true
2025-10-25 13:49:34,530 [INFO] IntegrityCheckThread:94 - exiting critical section [integrity check]
2025-10-25 13:49:34,530 [INFO] IntegrityCheckThread:97 - End integrity checks thread
2025-10-25 13:49:34,530 [INFO] ThirdParty:815 - entering critical section [close project]
2025-10-25 13:49:34,531 [INFO] ThirdParty:825 - exiting critical section [close project]
2025-10-25 13:49:34,534 [INFO] PinOutPanel:1463 - setPackage(No Configuration,No Configuration)
2025-10-25 13:49:34,535 [INFO] UtilMem:74 - Begin LoadConfig() Used Memory: 217122416 Bytes (276824064)
2025-10-25 13:49:34,536 [INFO] MicroXplorer:448 - Change Database Path : 
2025-10-25 13:49:34,536 [INFO] MicroXplorer:478 - Change Database Version : DB.6.0.30
2025-10-25 13:49:34,536 [INFO] OpenFileManager:313 - Change cursor
2025-10-25 13:49:36,128 [INFO] Context:592 - Trying to add GPIOservice into a context  which must be forbidden
2025-10-25 13:49:36,593 [INFO] RtosManager:484 - Registered RTOS mode: class=CMSIS, group=RTOS, mode=CMSIS_V1, owner=FREERTOS
2025-10-25 13:49:36,593 [INFO] RtosManager:484 - Registered RTOS mode: class=CMSIS, group=RTOS2, mode=CMSIS_V2, owner=FREERTOS
2025-10-25 13:49:36,593 [INFO] RtosManager:484 - Registered RTOS mode: class=RTOS, group=Core, mode=CMSIS_V1, owner=FREERTOS
2025-10-25 13:49:36,594 [INFO] RtosManager:484 - Registered RTOS mode: class=RTOS, group=Core, mode=CMSIS_V2, owner=FREERTOS
2025-10-25 13:49:36,594 [WARN] ModelIntegratedComponent:181 - Missing modes for component STMicroelectronics:FreeRTOS:0.0.1:STMicroelectronics:RTOS:FreeRTOS:Core:::10.2.0:
2025-10-25 13:49:36,597 [WARN] ModelIntegratedComponent:60 - No mode defined for component null
2025-10-25 13:49:36,597 [WARN] ModelIntegratedComponent:60 - No mode defined for component null
2025-10-25 13:49:36,597 [WARN] ModelIntegratedComponent:60 - No mode defined for component null
2025-10-25 13:49:36,597 [WARN] ModelIntegratedComponent:60 - No mode defined for component null
2025-10-25 13:49:36,597 [WARN] ModelIntegratedComponent:60 - No mode defined for component null
2025-10-25 13:49:36,597 [WARN] ModelIntegratedComponent:60 - No mode defined for component null
2025-10-25 13:49:36,597 [WARN] ModelIntegratedComponent:60 - No mode defined for component null
2025-10-25 13:49:36,597 [WARN] ModelIntegratedComponent:60 - No mode defined for component null
2025-10-25 13:49:36,597 [WARN] ModelIntegratedComponent:60 - No mode defined for component null
2025-10-25 13:49:36,597 [WARN] ModelIntegratedComponent:60 - No mode defined for component null
2025-10-25 13:49:36,598 [WARN] ModelIntegratedComponent:60 - No mode defined for component null
2025-10-25 13:49:36,598 [WARN] ModelIntegratedComponent:60 - No mode defined for component null
2025-10-25 13:49:36,598 [WARN] ModelIntegratedComponent:60 - No mode defined for component null
2025-10-25 13:49:36,598 [WARN] ModelIntegratedComponent:60 - No mode defined for component null
2025-10-25 13:49:36,598 [WARN] ModelIntegratedComponent:60 - No mode defined for component null
2025-10-25 13:49:36,598 [WARN] ModelIntegratedComponent:60 - No mode defined for component null
2025-10-25 13:49:36,598 [WARN] ModelIntegratedComponent:60 - No mode defined for component null
2025-10-25 13:49:36,598 [WARN] ModelIntegratedComponent:60 - No mode defined for component null
2025-10-25 13:49:36,598 [WARN] ModelIntegratedComponent:60 - No mode defined for component null
2025-10-25 13:49:36,598 [WARN] ModelIntegratedComponent:60 - No mode defined for component null
2025-10-25 13:49:36,598 [WARN] ModelIntegratedComponent:60 - No mode defined for component null
2025-10-25 13:49:36,598 [WARN] ModelIntegratedComponent:60 - No mode defined for component null
2025-10-25 13:49:36,599 [WARN] ModelIntegratedComponent:60 - No mode defined for component null
2025-10-25 13:49:36,599 [WARN] ModelIntegratedComponent:60 - No mode defined for component null
2025-10-25 13:49:36,599 [WARN] ModelIntegratedComponent:60 - No mode defined for component null
2025-10-25 13:49:36,599 [WARN] ModelIntegratedComponent:60 - No mode defined for component null
2025-10-25 13:49:36,599 [WARN] ModelIntegratedComponent:60 - No mode defined for component null
2025-10-25 13:49:36,599 [WARN] ModelIntegratedComponent:60 - No mode defined for component null
2025-10-25 13:49:36,599 [WARN] ModelIntegratedComponent:60 - No mode defined for component null
2025-10-25 13:49:36,599 [WARN] ModelIntegratedComponent:60 - No mode defined for component null
2025-10-25 13:49:36,599 [WARN] ModelIntegratedComponent:60 - No mode defined for component null
2025-10-25 13:49:36,665 [INFO] UtilMem:74 - End LoadConfig() Used Memory: 212517456 Bytes (276824064)
2025-10-25 13:49:36,666 [INFO] DbMcusXml:100 - Load MCU database from D:\251\vxl\cube\STM32CubeIDE_1.7.0\STM32CubeIDE\plugins\com.st.stm32cube.common.mx_6.3.0.202107141111\\db\/mcu/families.xml
2025-10-25 13:49:37,827 [INFO] DbMcusJson:93 - JSON generation date=Tue Nov 16 23:17:54 ICT 2021 (1637079474)
2025-10-25 13:49:38,615 [INFO] DbMcus:175 - Found 1951 MCUs (1903 are supported by CubeMX, 1914 are visible in CubeMX)
2025-10-25 13:49:38,616 [INFO] ApiDb:251 - Load user favorites file C:\Users\DELL/.stm32cubeide/favorites.mcus.txt: 0 item(s)
2025-10-25 13:49:38,616 [INFO] ApiDb:255 - User favorites MCUs=[]
2025-10-25 13:49:38,616 [INFO] DbMcus:187 - Set 0 / 0 favorites MCUs
2025-10-25 13:49:38,722 [WARN] ThirdParty:779 - waiting for thirdparty lock release [change project]
2025-10-25 13:49:38,722 [INFO] ThirdParty:781 - entering critical section [change project]
2025-10-25 13:49:38,723 [INFO] ThirdParty:967 - CMSIS Pack Vendor :STMicroelectronics USB_HOST 2.0.0
2025-10-25 13:49:38,723 [INFO] ThirdParty:967 - CMSIS Pack Vendor :STMicroelectronics FreeRTOS 0.0.1
2025-10-25 13:49:38,723 [INFO] ThirdParty:967 - CMSIS Pack Vendor :STMicroelectronics USB_DEVICE 1.0.0
2025-10-25 13:49:38,723 [INFO] ThirdParty:967 - CMSIS Pack Vendor :STMicroelectronics USB_DEVICE 3.0.0
2025-10-25 13:49:38,723 [INFO] ThirdParty:967 - CMSIS Pack Vendor :STMicroelectronics HAL Drivers 0.0.0
2025-10-25 13:49:38,723 [INFO] ThirdParty:967 - CMSIS Pack Vendor :STMicroelectronics MBEDTLS 2.16.2
2025-10-25 13:49:38,723 [INFO] ThirdParty:967 - CMSIS Pack Vendor :STMicroelectronics ThreadX 0.0.2
2025-10-25 13:49:38,723 [INFO] ThirdParty:967 - CMSIS Pack Vendor :STMicroelectronics lwIP 2.0.3
2025-10-25 13:49:38,723 [INFO] ThirdParty:967 - CMSIS Pack Vendor :STMicroelectronics lwIP 2.1.2
2025-10-25 13:49:38,723 [INFO] ThirdParty:967 - CMSIS Pack Vendor :STMicroelectronics MBEDTLS 2.14.1
2025-10-25 13:49:38,723 [INFO] ThirdParty:967 - CMSIS Pack Vendor :STMicroelectronics USB_HOST 1.0.0
2025-10-25 13:49:38,723 [INFO] ThirdParty:967 - CMSIS Pack Vendor :STMicroelectronics X-CUBE-TOUCHGFX 4.26.0
2025-10-25 13:49:38,723 [INFO] ThirdParty:967 - CMSIS Pack Vendor :STMicroelectronics X-CUBE-TOUCHGFX 4.25.0
2025-10-25 13:49:38,723 [INFO] ThirdParty:967 - CMSIS Pack Vendor :STMicroelectronics PDM2PCM 3.1.0
2025-10-25 13:49:38,724 [INFO] ThirdParty:967 - CMSIS Pack Vendor :STMicroelectronics PDM2PCM 3.2.0
2025-10-25 13:49:38,724 [INFO] ThirdParty:967 - CMSIS Pack Vendor :STMicroelectronics USB_DEVICE 2.0.0
2025-10-25 13:49:38,724 [INFO] ThirdParty:967 - CMSIS Pack Vendor :STMicroelectronics PDM2PCM 3.3.0
2025-10-25 13:49:38,724 [INFO] ThirdParty:787 - exiting critical section [change project]
2025-10-25 13:49:39,285 [INFO] PinOutPanel:1463 - setPackage(No Configuration,No Configuration)
2025-10-25 13:49:39,288 [INFO] PinOutPanel:1463 - setPackage(STM32F103C6Ux,UFQFPN48)
2025-10-25 13:49:39,837 [INFO] UtilMem:74 - Before build in PCC Used Memory: 322780456 Bytes (634388480)
2025-10-25 13:49:40,862 [INFO] UtilMem:74 - After build in PCC Used Memory: 265070896 Bytes (634388480)
2025-10-25 13:49:40,893 [INFO] IPUIPlugin:74 - create IPUIPlugin
2025-10-25 13:49:40,894 [INFO] IPUIPlugin:74 - create IPUIPlugin
2025-10-25 13:49:40,894 [INFO] IPUIPlugin:74 - create IPUIPlugin
2025-10-25 13:49:40,894 [INFO] IPUIPlugin:74 - create IPUIPlugin
2025-10-25 13:49:40,894 [INFO] IPUIPlugin:74 - create IPUIPlugin
2025-10-25 13:49:40,894 [INFO] IPUIPlugin:74 - create IPUIPlugin
2025-10-25 13:49:40,894 [INFO] IPUIPlugin:74 - create IPUIPlugin
2025-10-25 13:49:40,895 [INFO] IPUIPlugin:74 - create IPUIPlugin
2025-10-25 13:49:40,895 [INFO] IPUIPlugin:74 - create IPUIPlugin
2025-10-25 13:49:40,895 [INFO] IPUIPlugin:74 - create IPUIPlugin
2025-10-25 13:49:40,895 [INFO] IPUIPlugin:74 - create IPUIPlugin
2025-10-25 13:49:40,895 [INFO] IPUIPlugin:74 - create IPUIPlugin
2025-10-25 13:49:40,896 [INFO] IPUIPlugin:74 - create IPUIPlugin
2025-10-25 13:49:40,896 [INFO] IPUIPlugin:74 - create IPUIPlugin
2025-10-25 13:49:40,896 [INFO] IPUIPlugin:74 - create IPUIPlugin
2025-10-25 13:49:40,897 [INFO] IPUIPlugin:74 - create IPUIPlugin
2025-10-25 13:49:40,897 [INFO] IPUIPlugin:74 - create IPUIPlugin
2025-10-25 13:49:40,897 [INFO] IPUIPlugin:74 - create IPUIPlugin
2025-10-25 13:49:40,898 [INFO] IPUIPlugin:74 - create IPUIPlugin
2025-10-25 13:49:40,898 [INFO] IPUIPlugin:74 - create IPUIPlugin
2025-10-25 13:49:40,899 [INFO] IPUIPlugin:74 - create IPUIPlugin
2025-10-25 13:49:40,899 [INFO] IPUIPlugin:74 - create IPUIPlugin
2025-10-25 13:49:40,900 [INFO] IPUIPlugin:74 - create IPUIPlugin
2025-10-25 13:49:41,068 [INFO] OpenFileManager:333 - Restore cursor
2025-10-25 15:56:58,819 [INFO] Activator:177 - 


2025-10-25 15:56:58,819 [INFO] Activator:178 - !SESSION log4j initialized
2025-10-25 19:51:17,429 [INFO] Activator:177 - 


2025-10-25 19:51:17,429 [INFO] Activator:178 - !SESSION log4j initialized
2025-10-25 19:51:28,330 [INFO] McuFinderGlobals:39 - Set McuFinder mode to 2 (CubeIDE integrated)
2025-10-25 19:51:29,090 [INFO] ApplicationProperties:181 - Using Application install path: D:\251\vxl\cube\STM32CubeIDE_1.7.0\STM32CubeIDE\plugins\com.st.stm32cube.common.mx_6.3.0.202107141111
2025-10-25 19:51:29,138 [INFO] DbMcusXml:74 - Set database path to: D:\251\vxl\cube\STM32CubeIDE_1.7.0\STM32CubeIDE\plugins\com.st.stm32cube.common.mx_6.3.0.202107141111\\db\/mcu/
2025-10-25 19:51:29,138 [INFO] DbBoardsPdsc:56 - Set plugin database path to: D:\251\vxl\cube\STM32CubeIDE_1.7.0\STM32CubeIDE\plugins\com.st.stm32cube.common.mx_6.3.0.202107141111\\db\/plugins/boardmanager/
2025-10-25 19:51:29,138 [INFO] DbMcus:258 - Set plugin images path to: D:\251\vxl\cube\STM32CubeIDE_1.7.0\STM32CubeIDE\plugins\com.st.stm32cube.common.mx_6.3.0.202107141111\\db\/plugins/mcufinder/images/
2025-10-25 19:51:29,138 [INFO] DbBoards:264 - Set plugin images path to: D:\251\vxl\cube\STM32CubeIDE_1.7.0\STM32CubeIDE\plugins\com.st.stm32cube.common.mx_6.3.0.202107141111\\db\/plugins/mcufinder/images/
2025-10-25 19:51:29,138 [INFO] DbExamples:333 - Set plugin images path to: D:\251\vxl\cube\STM32CubeIDE_1.7.0\STM32CubeIDE\plugins\com.st.stm32cube.common.mx_6.3.0.202107141111\\db\/plugins/mcufinder/images/
2025-10-25 19:51:29,256 [INFO] DbMcusAds:119 - Set database path to: C:\Users\DELL\.stmcufinder\plugins\mcufinder//mcu/
2025-10-25 19:51:29,256 [INFO] DbMcusDocs:110 - Set database path to: C:\Users\DELL\.stmcufinder\plugins\mcufinder//mcu/
2025-10-25 19:51:29,256 [INFO] DbMcusJson:64 - Set database path to: C:\Users\DELL\.stmcufinder\plugins\mcufinder//mcu/
2025-10-25 19:51:29,256 [INFO] DbBoardsDocs:110 - Set database path to: C:\Users\DELL\.stmcufinder\plugins\mcufinder//mcu/
2025-10-25 19:51:29,256 [INFO] DbBoardsJson:57 - Set database path to: C:\Users\DELL\.stmcufinder\plugins\mcufinder//mcu/
2025-10-25 19:51:29,272 [INFO] CrossReferenceDbSqlite:196 - Set database path to: C:\Users\DELL\.stmcufinder\plugins\mcufinder//mcu/cs/
2025-10-25 19:51:29,272 [INFO] DbExamplesSqlite:767 - Set database path to: C:\Users\DELL\.stmcufinder\plugins\mcufinder//mcu/
2025-10-25 19:51:29,468 [INFO] RulesReader:57 - Compatibility file has been processed (242 Rules)
2025-10-25 19:51:29,746 [INFO] DbMcusXml:74 - Set database path to: D:\251\vxl\cube\STM32CubeIDE_1.7.0\STM32CubeIDE\plugins\com.st.stm32cube.common.mx_6.3.0.202107141111\\db\/mcu/
2025-10-25 19:51:29,746 [INFO] DbBoardsPdsc:56 - Set plugin database path to: D:\251\vxl\cube\STM32CubeIDE_1.7.0\STM32CubeIDE\plugins\com.st.stm32cube.common.mx_6.3.0.202107141111\\db\/plugins/boardmanager/
2025-10-25 19:51:29,746 [INFO] DbMcus:258 - Set plugin images path to: D:\251\vxl\cube\STM32CubeIDE_1.7.0\STM32CubeIDE\plugins\com.st.stm32cube.common.mx_6.3.0.202107141111\\db\/plugins/mcufinder/images/
2025-10-25 19:51:29,746 [INFO] DbBoards:264 - Set plugin images path to: D:\251\vxl\cube\STM32CubeIDE_1.7.0\STM32CubeIDE\plugins\com.st.stm32cube.common.mx_6.3.0.202107141111\\db\/plugins/mcufinder/images/
2025-10-25 19:51:29,746 [INFO] DbExamples:333 - Set plugin images path to: D:\251\vxl\cube\STM32CubeIDE_1.7.0\STM32CubeIDE\plugins\com.st.stm32cube.common.mx_6.3.0.202107141111\\db\/plugins/mcufinder/images/
2025-10-25 19:51:29,746 [WARN] DbFile:35 - Overriding database path with different value: C:\Users\DELL\.stmcufinder\plugins\mcufinder/ => C:\Users\DELL\.stmcufinder\plugins\mcufinder
2025-10-25 19:51:29,746 [INFO] DbMcusAds:119 - Set database path to: C:\Users\DELL\.stmcufinder\plugins\mcufinder//mcu/
2025-10-25 19:51:29,746 [WARN] DbFile:35 - Overriding database path with different value: C:\Users\DELL\.stmcufinder\plugins\mcufinder/ => C:\Users\DELL\.stmcufinder\plugins\mcufinder
2025-10-25 19:51:29,746 [INFO] DbMcusDocs:110 - Set database path to: C:\Users\DELL\.stmcufinder\plugins\mcufinder//mcu/
2025-10-25 19:51:29,746 [WARN] DbFile:35 - Overriding database path with different value: C:\Users\DELL\.stmcufinder\plugins\mcufinder/ => C:\Users\DELL\.stmcufinder\plugins\mcufinder
2025-10-25 19:51:29,746 [INFO] DbMcusJson:64 - Set database path to: C:\Users\DELL\.stmcufinder\plugins\mcufinder//mcu/
2025-10-25 19:51:29,746 [WARN] DbFile:35 - Overriding database path with different value: C:\Users\DELL\.stmcufinder\plugins\mcufinder/ => C:\Users\DELL\.stmcufinder\plugins\mcufinder
2025-10-25 19:51:29,746 [INFO] DbBoardsDocs:110 - Set database path to: C:\Users\DELL\.stmcufinder\plugins\mcufinder//mcu/
2025-10-25 19:51:29,746 [WARN] DbFile:35 - Overriding database path with different value: C:\Users\DELL\.stmcufinder\plugins\mcufinder/ => C:\Users\DELL\.stmcufinder\plugins\mcufinder
2025-10-25 19:51:29,746 [INFO] DbBoardsJson:57 - Set database path to: C:\Users\DELL\.stmcufinder\plugins\mcufinder//mcu/
2025-10-25 19:51:29,746 [WARN] DbFile:35 - Overriding database path with different value: C:\Users\DELL\.stmcufinder\plugins\mcufinder/ => C:\Users\DELL\.stmcufinder\plugins\mcufinder
2025-10-25 19:51:29,746 [WARN] DbFile:35 - Overriding database path with different value: C:\Users\DELL\.stmcufinder\plugins\mcufinder/ => C:\Users\DELL\.stmcufinder\plugins\mcufinder
2025-10-25 19:51:29,746 [INFO] CrossReferenceDbSqlite:196 - Set database path to: C:\Users\DELL\.stmcufinder\plugins\mcufinder//mcu/cs/
2025-10-25 19:51:29,746 [WARN] DbFile:35 - Overriding database path with different value: C:\Users\DELL\.stmcufinder\plugins\mcufinder/ => C:\Users\DELL\.stmcufinder\plugins\mcufinder
2025-10-25 19:51:29,746 [INFO] DbExamplesSqlite:767 - Set database path to: C:\Users\DELL\.stmcufinder\plugins\mcufinder//mcu/
2025-10-25 19:51:29,934 [INFO] MainPanel:214 - HeapMemory: 268435456
2025-10-25 19:51:30,262 [INFO] DbMcusXml:74 - Set database path to: D:\251\vxl\cube\STM32CubeIDE_1.7.0\STM32CubeIDE\plugins\com.st.stm32cube.common.mx_6.3.0.202107141111\\db\/mcu/
2025-10-25 19:51:30,262 [INFO] DbBoardsPdsc:56 - Set plugin database path to: D:\251\vxl\cube\STM32CubeIDE_1.7.0\STM32CubeIDE\plugins\com.st.stm32cube.common.mx_6.3.0.202107141111\\db\/plugins/boardmanager/
2025-10-25 19:51:30,262 [INFO] DbMcus:258 - Set plugin images path to: D:\251\vxl\cube\STM32CubeIDE_1.7.0\STM32CubeIDE\plugins\com.st.stm32cube.common.mx_6.3.0.202107141111\\db\/plugins/mcufinder/images/
2025-10-25 19:51:30,262 [INFO] DbBoards:264 - Set plugin images path to: D:\251\vxl\cube\STM32CubeIDE_1.7.0\STM32CubeIDE\plugins\com.st.stm32cube.common.mx_6.3.0.202107141111\\db\/plugins/mcufinder/images/
2025-10-25 19:51:30,262 [INFO] DbExamples:333 - Set plugin images path to: D:\251\vxl\cube\STM32CubeIDE_1.7.0\STM32CubeIDE\plugins\com.st.stm32cube.common.mx_6.3.0.202107141111\\db\/plugins/mcufinder/images/
2025-10-25 19:51:30,262 [WARN] DbFile:35 - Overriding database path with different value: C:\Users\DELL\.stmcufinder\plugins\mcufinder/ => C:\Users\DELL\.stmcufinder\plugins\mcufinder
2025-10-25 19:51:30,262 [INFO] DbMcusAds:119 - Set database path to: C:\Users\DELL\.stmcufinder\plugins\mcufinder//mcu/
2025-10-25 19:51:30,262 [WARN] DbFile:35 - Overriding database path with different value: C:\Users\DELL\.stmcufinder\plugins\mcufinder/ => C:\Users\DELL\.stmcufinder\plugins\mcufinder
2025-10-25 19:51:30,262 [INFO] DbMcusDocs:110 - Set database path to: C:\Users\DELL\.stmcufinder\plugins\mcufinder//mcu/
2025-10-25 19:51:30,262 [WARN] DbFile:35 - Overriding database path with different value: C:\Users\DELL\.stmcufinder\plugins\mcufinder/ => C:\Users\DELL\.stmcufinder\plugins\mcufinder
2025-10-25 19:51:30,262 [INFO] DbMcusJson:64 - Set database path to: C:\Users\DELL\.stmcufinder\plugins\mcufinder//mcu/
2025-10-25 19:51:30,262 [WARN] DbFile:35 - Overriding database path with different value: C:\Users\DELL\.stmcufinder\plugins\mcufinder/ => C:\Users\DELL\.stmcufinder\plugins\mcufinder
2025-10-25 19:51:30,262 [INFO] DbBoardsDocs:110 - Set database path to: C:\Users\DELL\.stmcufinder\plugins\mcufinder//mcu/
2025-10-25 19:51:30,262 [WARN] DbFile:35 - Overriding database path with different value: C:\Users\DELL\.stmcufinder\plugins\mcufinder/ => C:\Users\DELL\.stmcufinder\plugins\mcufinder
2025-10-25 19:51:30,262 [INFO] DbBoardsJson:57 - Set database path to: C:\Users\DELL\.stmcufinder\plugins\mcufinder//mcu/
2025-10-25 19:51:30,262 [WARN] DbFile:35 - Overriding database path with different value: C:\Users\DELL\.stmcufinder\plugins\mcufinder/ => C:\Users\DELL\.stmcufinder\plugins\mcufinder
2025-10-25 19:51:30,262 [WARN] DbFile:35 - Overriding database path with different value: C:\Users\DELL\.stmcufinder\plugins\mcufinder/ => C:\Users\DELL\.stmcufinder\plugins\mcufinder
2025-10-25 19:51:30,262 [INFO] CrossReferenceDbSqlite:196 - Set database path to: C:\Users\DELL\.stmcufinder\plugins\mcufinder//mcu/cs/
2025-10-25 19:51:30,262 [WARN] DbFile:35 - Overriding database path with different value: C:\Users\DELL\.stmcufinder\plugins\mcufinder/ => C:\Users\DELL\.stmcufinder\plugins\mcufinder
2025-10-25 19:51:30,262 [INFO] DbExamplesSqlite:767 - Set database path to: C:\Users\DELL\.stmcufinder\plugins\mcufinder//mcu/
2025-10-25 19:51:30,293 [INFO] ApplicationProperties:181 - Using Application install path: D:\251\vxl\cube\STM32CubeIDE_1.7.0\STM32CubeIDE\plugins\com.st.stm32cube.common.mx_6.3.0.202107141111
2025-10-25 19:51:30,308 [INFO] PluginManage:188 - Search for loadable plugins [exclusion list=, ]
2025-10-25 19:51:30,308 [INFO] PluginManage:302 - Check plugin analytics
2025-10-25 19:51:30,565 [INFO] AnalyticsPlugin:257 - Accepted Software Licenses: 
2025-10-25 19:51:30,565 [INFO] AnalyticsPlugin:259 - Accepted CMSIS Pack Licenses: 
2025-10-25 19:51:30,565 [INFO] AnalyticsPlugin:261 - Accepted Firmware Licenses: 
2025-10-25 19:51:30,565 [INFO] PluginManage:352 - Loaded plugin analytics (category:tool,tabindex:-1)
2025-10-25 19:51:30,565 [INFO] PluginManage:302 - Check plugin clock
2025-10-25 19:51:30,612 [INFO] PluginManage:352 - Loaded plugin clock (category:base,tabindex:2)
2025-10-25 19:51:30,612 [INFO] PluginManage:302 - Check plugin ddr
2025-10-25 19:51:30,628 [INFO] PluginManage:352 - Loaded plugin ddr (category:tool,tabindex:6)
2025-10-25 19:51:30,628 [INFO] PluginManage:302 - Check plugin filemanager
2025-10-25 19:51:30,925 [INFO] PluginManage:352 - Loaded plugin filemanager (category:base,tabindex:10)
2025-10-25 19:51:30,925 [INFO] PluginManage:302 - Check plugin ipmanager
2025-10-25 19:51:30,987 [INFO] PluginManage:352 - Loaded plugin ipmanager (category:base,tabindex:5)
2025-10-25 19:51:30,987 [INFO] PluginManage:302 - Check plugin pinoutandconfiguration
2025-10-25 19:51:31,018 [INFO] PluginManage:352 - Loaded plugin pinoutandconfiguration (category:base,tabindex:1)
2025-10-25 19:51:31,018 [INFO] PluginManage:302 - Check plugin pinoutconfig
2025-10-25 19:51:31,084 [INFO] PluginManage:352 - Loaded plugin pinoutconfig (category:base,tabindex:0)
2025-10-25 19:51:31,084 [INFO] PluginManage:302 - Check plugin power
2025-10-25 19:51:31,162 [INFO] PluginManage:352 - Loaded plugin power (category:power,tabindex:4)
2025-10-25 19:51:31,162 [INFO] PluginManage:302 - Check plugin projectmanager
2025-10-25 19:51:31,178 [INFO] PluginManage:352 - Loaded plugin projectmanager (category:projectmanager,tabindex:3)
2025-10-25 19:51:31,178 [INFO] PluginManage:302 - Check plugin thirdparty
2025-10-25 19:51:31,687 [WARN] IntegrityCheckThread:78 - waiting for thirdparty lock release [integrity check]
2025-10-25 19:51:31,687 [INFO] IntegrityCheckThread:80 - entering critical section [integrity check]
2025-10-25 19:51:31,687 [INFO] PluginManage:352 - Loaded plugin thirdparty (category:base,tabindex:-1)
2025-10-25 19:51:31,687 [INFO] PluginManage:302 - Check plugin tools
2025-10-25 19:51:31,687 [INFO] ThirdPartyUpdaterWithRetryManager:66 - Updater plugin not ready yet. [1/15]
2025-10-25 19:51:31,766 [INFO] PluginManage:352 - Loaded plugin tools (category:base,tabindex:7)
2025-10-25 19:51:31,766 [INFO] PluginManage:302 - Check plugin tutovideos
2025-10-25 19:51:32,131 [INFO] PluginManage:352 - Loaded plugin tutovideos (category:base,tabindex:-1)
2025-10-25 19:51:32,131 [INFO] PluginManage:302 - Check plugin updater
2025-10-25 19:51:32,194 [INFO] PluginManage:352 - Loaded plugin updater (category:base,tabindex:12)
2025-10-25 19:51:32,194 [INFO] PluginManage:275 - PluginManage : Loaded plugins [13]
2025-10-25 19:51:32,397 [INFO] PinOutPanel:1463 - setPackage(No Configuration,No Configuration)
2025-10-25 19:51:32,522 [INFO] IPUIPlugin:74 - create IPUIPlugin
2025-10-25 19:51:32,522 [INFO] PluginManager:213 - loadIPPluginJar : add adc
2025-10-25 19:51:32,584 [INFO] IPUIPlugin:74 - create IPUIPlugin
2025-10-25 19:51:32,584 [INFO] PluginManager:213 - loadIPPluginJar : add aes
2025-10-25 19:51:32,647 [INFO] IPUIPlugin:74 - create IPUIPlugin
2025-10-25 19:51:32,647 [INFO] PluginManager:213 - loadIPPluginJar : add can
2025-10-25 19:51:32,694 [INFO] IPUIPlugin:74 - create IPUIPlugin
2025-10-25 19:51:32,694 [INFO] PluginManager:213 - loadIPPluginJar : add comp
2025-10-25 19:51:32,740 [INFO] IPUIPlugin:74 - create IPUIPlugin
2025-10-25 19:51:32,740 [INFO] PluginManager:213 - loadIPPluginJar : add cryp
2025-10-25 19:51:32,787 [INFO] IPUIPlugin:74 - create IPUIPlugin
2025-10-25 19:51:32,787 [INFO] PluginManager:213 - loadIPPluginJar : add dfsdm
2025-10-25 19:51:32,803 [INFO] IPUIPlugin:74 - create IPUIPlugin
2025-10-25 19:51:32,803 [INFO] PluginManager:213 - loadIPPluginJar : add dma
2025-10-25 19:51:32,865 [INFO] IPUIPlugin:74 - create IPUIPlugin
2025-10-25 19:51:32,865 [INFO] PluginManager:213 - loadIPPluginJar : add dma3
2025-10-25 19:51:32,897 [INFO] IPUIPlugin:74 - create IPUIPlugin
2025-10-25 19:51:32,897 [INFO] PluginManager:213 - loadIPPluginJar : add fatfs
2025-10-25 19:51:32,975 [INFO] IPUIPlugin:74 - create IPUIPlugin
2025-10-25 19:51:32,975 [INFO] PluginManager:213 - loadIPPluginJar : add fmc
2025-10-25 19:51:33,022 [INFO] IPUIPlugin:74 - create IPUIPlugin
2025-10-25 19:51:33,022 [INFO] PluginManager:213 - loadIPPluginJar : add freertos
2025-10-25 19:51:33,069 [INFO] IPUIPlugin:74 - create IPUIPlugin
2025-10-25 19:51:33,069 [INFO] PluginManager:213 - loadIPPluginJar : add genericplugin
2025-10-25 19:51:33,187 [INFO] IPUIPlugin:74 - create IPUIPlugin
2025-10-25 19:51:33,187 [INFO] PluginManager:213 - loadIPPluginJar : add gfxmmu
2025-10-25 19:51:33,343 [INFO] IPUIPlugin:74 - create IPUIPlugin
2025-10-25 19:51:33,343 [INFO] PluginManager:213 - loadIPPluginJar : add gic
2025-10-25 19:51:33,359 [INFO] IPUIPlugin:74 - create IPUIPlugin
2025-10-25 19:51:33,359 [INFO] PluginManager:213 - loadIPPluginJar : add gpio
2025-10-25 19:51:33,437 [INFO] IPUIPlugin:74 - create IPUIPlugin
2025-10-25 19:51:33,453 [INFO] PluginManager:213 - loadIPPluginJar : add gtzc
2025-10-25 19:51:33,485 [INFO] IPUIPlugin:74 - create IPUIPlugin
2025-10-25 19:51:33,485 [INFO] PluginManager:213 - loadIPPluginJar : add hash
2025-10-25 19:51:33,563 [INFO] IPUIPlugin:74 - create IPUIPlugin
2025-10-25 19:51:33,563 [INFO] PluginManager:213 - loadIPPluginJar : add i2c
2025-10-25 19:51:33,610 [INFO] IPUIPlugin:74 - create IPUIPlugin
2025-10-25 19:51:33,610 [INFO] PluginManager:213 - loadIPPluginJar : add i2s
2025-10-25 19:51:33,626 [INFO] IPUIPlugin:74 - create IPUIPlugin
2025-10-25 19:51:33,626 [INFO] PluginManager:213 - loadIPPluginJar : add ipddr
2025-10-25 19:51:33,735 [INFO] IPUIPlugin:74 - create IPUIPlugin
2025-10-25 19:51:33,735 [INFO] PluginManager:213 - loadIPPluginJar : add linkedlist
2025-10-25 19:51:33,798 [INFO] IPUIPlugin:74 - create IPUIPlugin
2025-10-25 19:51:33,798 [INFO] PluginManager:213 - loadIPPluginJar : add lorawan
2025-10-25 19:51:33,845 [INFO] IPUIPlugin:74 - create IPUIPlugin
2025-10-25 19:51:33,845 [INFO] PluginManager:213 - loadIPPluginJar : add ltdc
2025-10-25 19:51:33,860 [INFO] IPUIPlugin:74 - create IPUIPlugin
2025-10-25 19:51:33,860 [INFO] PluginManager:213 - loadIPPluginJar : add mdma
2025-10-25 19:51:33,876 [INFO] IPUIPlugin:74 - create IPUIPlugin
2025-10-25 19:51:33,876 [INFO] PluginManager:213 - loadIPPluginJar : add nvic
2025-10-25 19:51:33,945 [INFO] IPUIPlugin:74 - create IPUIPlugin
2025-10-25 19:51:33,945 [INFO] PluginManager:213 - loadIPPluginJar : add opamp
2025-10-25 19:51:34,038 [INFO] IPUIPlugin:74 - create IPUIPlugin
2025-10-25 19:51:34,038 [INFO] PluginManager:213 - loadIPPluginJar : add openamp
2025-10-25 19:51:34,101 [INFO] IPUIPlugin:74 - create IPUIPlugin
2025-10-25 19:51:34,101 [INFO] PluginManager:213 - loadIPPluginJar : add pdm2pcm
2025-10-25 19:51:34,116 [INFO] IPUIPlugin:74 - create IPUIPlugin
2025-10-25 19:51:34,116 [INFO] PluginManager:213 - loadIPPluginJar : add plateformsettings
2025-10-25 19:51:34,148 [INFO] IPUIPlugin:74 - create IPUIPlugin
2025-10-25 19:51:34,148 [INFO] PluginManager:213 - loadIPPluginJar : add quadspi
2025-10-25 19:51:34,202 [INFO] IPUIPlugin:74 - create IPUIPlugin
2025-10-25 19:51:34,202 [INFO] PluginManager:213 - loadIPPluginJar : add resmgrutility
2025-10-25 19:51:34,264 [INFO] IPUIPlugin:74 - create IPUIPlugin
2025-10-25 19:51:34,264 [INFO] PluginManager:213 - loadIPPluginJar : add sai
2025-10-25 19:51:34,327 [INFO] IPUIPlugin:74 - create IPUIPlugin
2025-10-25 19:51:34,327 [INFO] PluginManager:213 - loadIPPluginJar : add spi
2025-10-25 19:51:34,389 [INFO] IPUIPlugin:74 - create IPUIPlugin
2025-10-25 19:51:34,389 [INFO] PluginManager:213 - loadIPPluginJar : add stm32_wpan
2025-10-25 19:51:34,436 [INFO] IPUIPlugin:74 - create IPUIPlugin
2025-10-25 19:51:34,436 [INFO] PluginManager:213 - loadIPPluginJar : add tim
2025-10-25 19:51:34,514 [INFO] IPUIPlugin:74 - create IPUIPlugin
2025-10-25 19:51:34,514 [INFO] PluginManager:213 - loadIPPluginJar : add touchsensing
2025-10-25 19:51:34,558 [INFO] IPUIPlugin:74 - create IPUIPlugin
2025-10-25 19:51:34,558 [INFO] PluginManager:213 - loadIPPluginJar : add tracer_emb
2025-10-25 19:51:34,605 [INFO] IPUIPlugin:74 - create IPUIPlugin
2025-10-25 19:51:34,605 [INFO] PluginManager:213 - loadIPPluginJar : add ts
2025-10-25 19:51:34,636 [INFO] IPUIPlugin:74 - create IPUIPlugin
2025-10-25 19:51:34,636 [INFO] PluginManager:213 - loadIPPluginJar : add tsc
2025-10-25 19:51:34,683 [INFO] IPUIPlugin:74 - create IPUIPlugin
2025-10-25 19:51:34,683 [INFO] PluginManager:213 - loadIPPluginJar : add ucpd
2025-10-25 19:51:34,699 [INFO] ThirdPartyUpdaterWithRetryManager:66 - Updater plugin not ready yet. [2/15]
2025-10-25 19:51:34,746 [INFO] IPUIPlugin:74 - create IPUIPlugin
2025-10-25 19:51:34,746 [INFO] PluginManager:213 - loadIPPluginJar : add usart
2025-10-25 19:51:34,792 [INFO] IPUIPlugin:74 - create IPUIPlugin
2025-10-25 19:51:34,792 [INFO] PluginManager:213 - loadIPPluginJar : add usbx
2025-10-25 19:51:35,183 [FATAL] Updater:294 - Updater called before beeing initialized
2025-10-25 19:51:35,277 [FATAL] Updater:294 - Updater called before beeing initialized
2025-10-25 19:51:35,293 [INFO] DbMcusAds:47 - JSON generation date=Thu Oct 02 16:36:05 ICT 2025 (1759397765645)
2025-10-25 19:51:35,293 [FATAL] Updater:294 - Updater called before beeing initialized
2025-10-25 19:51:35,512 [WARN] DetailPanel:314 - Failed to get advertising image, set to default
2025-10-25 19:51:35,636 [FATAL] Updater:294 - Updater called before beeing initialized
2025-10-25 19:51:35,636 [FATAL] Updater:294 - Updater called before beeing initialized
2025-10-25 19:51:35,636 [FATAL] Updater:294 - Updater called before beeing initialized
2025-10-25 19:51:35,636 [WARN] DetailPanel:314 - Failed to get advertising image, set to default
2025-10-25 19:51:35,636 [FATAL] Updater:294 - Updater called before beeing initialized
2025-10-25 19:51:35,715 [ERROR] Updater:1075 - MainUpdater not yet initialized. External WinMGr cannot be set.
2025-10-25 19:51:35,746 [INFO] Updater:1012 - Updater Version found : 6.3.0
2025-10-25 19:51:35,793 [INFO] ApplicationProperties:181 - Using Application install path: D:\251\vxl\cube\STM32CubeIDE_1.7.0\STM32CubeIDE\plugins\com.st.stm32cube.common.mx_6.3.0.202107141111
2025-10-25 19:51:36,282 [INFO] MainUpdater:2671 - connection check result : 10
2025-10-25 19:51:36,282 [INFO] MainUpdater:265 - Updater Check For Update Now.
2025-10-25 19:51:36,282 [INFO] MicroXplorer:478 - Change Database Version : DB.6.0.30
2025-10-25 19:51:36,471 [INFO] CheckServerUpdateThread:112 - End of CheckServer Thread
2025-10-25 19:51:36,535 [INFO] MainUpdater:2671 - connection check result : 10
2025-10-25 19:51:36,573 [INFO] MainUpdater:2671 - connection check result : 10
2025-10-25 19:51:36,987 [INFO] MicroXplorer:448 - Change Database Path : 
2025-10-25 19:51:36,987 [INFO] MicroXplorer:478 - Change Database Version : DB.6.0.30
2025-10-25 19:51:36,987 [WARN] ThirdParty:813 - waiting for thirdparty lock release [close project]
2025-10-25 19:51:37,864 [ERROR] Engine:463 - C:\Users\DELL\.stm32cubemx\thirdparties\pdsc\Avnet-IotConnect.X-CUBE-IoTC-DA16k-PMOD.1.0.0.pdsc: PDSC version is not supported
2025-10-25 19:51:37,879 [ERROR] Engine:463 - C:\Users\DELL\.stm32cubemx\thirdparties\pdsc\STMicroelectronics.X-CUBE-IPS.3.2.0.pdsc: PDSC version is not supported
2025-10-25 19:51:37,895 [ERROR] Engine:463 - C:\Users\DELL\.stm32cubemx\thirdparties\pdsc\STMicroelectronics.X-CUBE-ST60.1.0.0.pdsc: PDSC version is not supported
2025-10-25 19:51:37,910 [ERROR] Engine:463 - C:\Users\DELL\.stm32cubemx\thirdparties\pdsc\WES.I-CUBE-Cesium.1.4.0.pdsc: PDSC version is not supported
2025-10-25 19:51:37,910 [ERROR] Engine:463 - C:\Users\DELL\.stm32cubemx\thirdparties\pdsc\STMicroelectronics.X-CUBE-FREERTOS.1.3.1.pdsc: PDSC version is not supported
2025-10-25 19:51:37,926 [ERROR] Engine:463 - C:\Users\DELL\.stm32cubemx\thirdparties\pdsc\STMicroelectronics.X-CUBE-ST60.1.1.0.pdsc: PDSC version is not supported
2025-10-25 19:51:37,989 [WARN] PackLoader:238 - Cannot read IP mode file for STMicroelectronics.X-CUBE-TOUCHGFX.4.26.0
2025-10-25 19:51:38,004 [WARN] PackLoader:238 - Cannot read IP mode file for STMicroelectronics.X-CUBE-TOUCHGFX.4.25.0
2025-10-25 19:51:38,020 [ERROR] Engine:463 - C:\Users\DELL\.stm32cubemx\thirdparties\pdsc\STMicroelectronics.X-CUBE-ST67W61.1.1.0.pdsc: PDSC version is not supported
2025-10-25 19:51:38,035 [ERROR] Engine:463 - C:\Users\DELL\.stm32cubemx\thirdparties\pdsc\STMicroelectronics.X-CUBE-IPS.3.1.0.pdsc: PDSC version is not supported
2025-10-25 19:51:38,035 [INFO] ThirdParty:915 - Integrity check success = true
2025-10-25 19:51:38,035 [INFO] IntegrityCheckThread:94 - exiting critical section [integrity check]
2025-10-25 19:51:38,035 [INFO] IntegrityCheckThread:97 - End integrity checks thread
2025-10-25 19:51:38,035 [INFO] ThirdParty:815 - entering critical section [close project]
2025-10-25 19:51:38,035 [INFO] ThirdParty:825 - exiting critical section [close project]
2025-10-25 19:51:38,035 [INFO] PinOutPanel:1463 - setPackage(No Configuration,No Configuration)
2025-10-25 19:51:38,035 [INFO] UtilMem:74 - Begin LoadConfig() Used Memory: 214434952 Bytes (268435456)
2025-10-25 19:51:38,035 [INFO] MicroXplorer:448 - Change Database Path : 
2025-10-25 19:51:38,035 [INFO] MicroXplorer:478 - Change Database Version : DB.6.0.30
2025-10-25 19:51:38,035 [INFO] OpenFileManager:313 - Change cursor
2025-10-25 19:51:39,617 [INFO] Context:592 - Trying to add GPIOservice into a context  which must be forbidden
2025-10-25 19:51:39,905 [INFO] RtosManager:484 - Registered RTOS mode: class=CMSIS, group=RTOS, mode=CMSIS_V1, owner=FREERTOS
2025-10-25 19:51:39,905 [INFO] RtosManager:484 - Registered RTOS mode: class=CMSIS, group=RTOS2, mode=CMSIS_V2, owner=FREERTOS
2025-10-25 19:51:39,905 [INFO] RtosManager:484 - Registered RTOS mode: class=RTOS, group=Core, mode=CMSIS_V1, owner=FREERTOS
2025-10-25 19:51:39,905 [INFO] RtosManager:484 - Registered RTOS mode: class=RTOS, group=Core, mode=CMSIS_V2, owner=FREERTOS
2025-10-25 19:51:39,905 [WARN] ModelIntegratedComponent:181 - Missing modes for component STMicroelectronics:FreeRTOS:0.0.1:STMicroelectronics:RTOS:FreeRTOS:Core:::10.2.0:
2025-10-25 19:51:39,921 [WARN] ModelIntegratedComponent:60 - No mode defined for component null
2025-10-25 19:51:39,921 [WARN] ModelIntegratedComponent:60 - No mode defined for component null
2025-10-25 19:51:39,921 [WARN] ModelIntegratedComponent:60 - No mode defined for component null
2025-10-25 19:51:39,921 [WARN] ModelIntegratedComponent:60 - No mode defined for component null
2025-10-25 19:51:39,921 [WARN] ModelIntegratedComponent:60 - No mode defined for component null
2025-10-25 19:51:39,921 [WARN] ModelIntegratedComponent:60 - No mode defined for component null
2025-10-25 19:51:39,921 [WARN] ModelIntegratedComponent:60 - No mode defined for component null
2025-10-25 19:51:39,921 [WARN] ModelIntegratedComponent:60 - No mode defined for component null
2025-10-25 19:51:39,921 [WARN] ModelIntegratedComponent:60 - No mode defined for component null
2025-10-25 19:51:39,921 [WARN] ModelIntegratedComponent:60 - No mode defined for component null
2025-10-25 19:51:39,921 [WARN] ModelIntegratedComponent:60 - No mode defined for component null
2025-10-25 19:51:39,921 [WARN] ModelIntegratedComponent:60 - No mode defined for component null
2025-10-25 19:51:39,921 [WARN] ModelIntegratedComponent:60 - No mode defined for component null
2025-10-25 19:51:39,921 [WARN] ModelIntegratedComponent:60 - No mode defined for component null
2025-10-25 19:51:39,921 [WARN] ModelIntegratedComponent:60 - No mode defined for component null
2025-10-25 19:51:39,921 [WARN] ModelIntegratedComponent:60 - No mode defined for component null
2025-10-25 19:51:39,921 [WARN] ModelIntegratedComponent:60 - No mode defined for component null
2025-10-25 19:51:39,921 [WARN] ModelIntegratedComponent:60 - No mode defined for component null
2025-10-25 19:51:39,921 [WARN] ModelIntegratedComponent:60 - No mode defined for component null
2025-10-25 19:51:39,921 [WARN] ModelIntegratedComponent:60 - No mode defined for component null
2025-10-25 19:51:39,921 [WARN] ModelIntegratedComponent:60 - No mode defined for component null
2025-10-25 19:51:39,921 [WARN] ModelIntegratedComponent:60 - No mode defined for component null
2025-10-25 19:51:39,921 [WARN] ModelIntegratedComponent:60 - No mode defined for component null
2025-10-25 19:51:39,921 [WARN] ModelIntegratedComponent:60 - No mode defined for component null
2025-10-25 19:51:39,921 [WARN] ModelIntegratedComponent:60 - No mode defined for component null
2025-10-25 19:51:39,921 [WARN] ModelIntegratedComponent:60 - No mode defined for component null
2025-10-25 19:51:39,921 [WARN] ModelIntegratedComponent:60 - No mode defined for component null
2025-10-25 19:51:39,921 [WARN] ModelIntegratedComponent:60 - No mode defined for component null
2025-10-25 19:51:39,921 [WARN] ModelIntegratedComponent:60 - No mode defined for component null
2025-10-25 19:51:39,921 [WARN] ModelIntegratedComponent:60 - No mode defined for component null
2025-10-25 19:51:39,921 [WARN] ModelIntegratedComponent:60 - No mode defined for component null
2025-10-25 19:51:39,983 [INFO] UtilMem:74 - End LoadConfig() Used Memory: 186429720 Bytes (268435456)
2025-10-25 19:51:39,983 [INFO] DbMcusXml:100 - Load MCU database from D:\251\vxl\cube\STM32CubeIDE_1.7.0\STM32CubeIDE\plugins\com.st.stm32cube.common.mx_6.3.0.202107141111\\db\/mcu/families.xml
2025-10-25 19:51:40,792 [INFO] DbMcusJson:93 - JSON generation date=Tue Nov 16 23:17:54 ICT 2021 (1637079474)
2025-10-25 19:51:41,457 [INFO] DbMcus:175 - Found 1951 MCUs (1903 are supported by CubeMX, 1914 are visible in CubeMX)
2025-10-25 19:51:41,457 [INFO] ApiDb:251 - Load user favorites file C:\Users\DELL/.stm32cubeide/favorites.mcus.txt: 0 item(s)
2025-10-25 19:51:41,457 [INFO] ApiDb:255 - User favorites MCUs=[]
2025-10-25 19:51:41,457 [INFO] DbMcus:187 - Set 0 / 0 favorites MCUs
2025-10-25 19:51:41,551 [WARN] ThirdParty:779 - waiting for thirdparty lock release [change project]
2025-10-25 19:51:41,551 [INFO] ThirdParty:781 - entering critical section [change project]
2025-10-25 19:51:41,551 [INFO] ThirdParty:967 - CMSIS Pack Vendor :STMicroelectronics USB_HOST 2.0.0
2025-10-25 19:51:41,551 [INFO] ThirdParty:967 - CMSIS Pack Vendor :STMicroelectronics FreeRTOS 0.0.1
2025-10-25 19:51:41,551 [INFO] ThirdParty:967 - CMSIS Pack Vendor :STMicroelectronics USB_DEVICE 1.0.0
2025-10-25 19:51:41,551 [INFO] ThirdParty:967 - CMSIS Pack Vendor :STMicroelectronics USB_DEVICE 3.0.0
2025-10-25 19:51:41,551 [INFO] ThirdParty:967 - CMSIS Pack Vendor :STMicroelectronics HAL Drivers 0.0.0
2025-10-25 19:51:41,551 [INFO] ThirdParty:967 - CMSIS Pack Vendor :STMicroelectronics MBEDTLS 2.16.2
2025-10-25 19:51:41,551 [INFO] ThirdParty:967 - CMSIS Pack Vendor :STMicroelectronics ThreadX 0.0.2
2025-10-25 19:51:41,551 [INFO] ThirdParty:967 - CMSIS Pack Vendor :STMicroelectronics lwIP 2.0.3
2025-10-25 19:51:41,551 [INFO] ThirdParty:967 - CMSIS Pack Vendor :STMicroelectronics lwIP 2.1.2
2025-10-25 19:51:41,551 [INFO] ThirdParty:967 - CMSIS Pack Vendor :STMicroelectronics MBEDTLS 2.14.1
2025-10-25 19:51:41,551 [INFO] ThirdParty:967 - CMSIS Pack Vendor :STMicroelectronics USB_HOST 1.0.0
2025-10-25 19:51:41,551 [INFO] ThirdParty:967 - CMSIS Pack Vendor :STMicroelectronics X-CUBE-TOUCHGFX 4.26.0
2025-10-25 19:51:41,551 [INFO] ThirdParty:967 - CMSIS Pack Vendor :STMicroelectronics X-CUBE-TOUCHGFX 4.25.0
2025-10-25 19:51:41,551 [INFO] ThirdParty:967 - CMSIS Pack Vendor :STMicroelectronics PDM2PCM 3.1.0
2025-10-25 19:51:41,551 [INFO] ThirdParty:967 - CMSIS Pack Vendor :STMicroelectronics PDM2PCM 3.2.0
2025-10-25 19:51:41,551 [INFO] ThirdParty:967 - CMSIS Pack Vendor :STMicroelectronics USB_DEVICE 2.0.0
2025-10-25 19:51:41,551 [INFO] ThirdParty:967 - CMSIS Pack Vendor :STMicroelectronics PDM2PCM 3.3.0
2025-10-25 19:51:41,551 [INFO] ThirdParty:787 - exiting critical section [change project]
2025-10-25 19:51:41,949 [INFO] PinOutPanel:1463 - setPackage(No Configuration,No Configuration)
2025-10-25 19:51:41,949 [INFO] PinOutPanel:1463 - setPackage(STM32F103C6Ux,UFQFPN48)
2025-10-25 19:51:42,485 [INFO] UtilMem:74 - Before build in PCC Used Memory: 312808448 Bytes (470810624)
2025-10-25 19:51:43,505 [INFO] UtilMem:74 - After build in PCC Used Memory: 313444688 Bytes (470810624)
2025-10-25 19:51:43,521 [INFO] IPUIPlugin:74 - create IPUIPlugin
2025-10-25 19:51:43,521 [INFO] IPUIPlugin:74 - create IPUIPlugin
2025-10-25 19:51:43,521 [INFO] IPUIPlugin:74 - create IPUIPlugin
2025-10-25 19:51:43,521 [INFO] IPUIPlugin:74 - create IPUIPlugin
2025-10-25 19:51:43,521 [INFO] IPUIPlugin:74 - create IPUIPlugin
2025-10-25 19:51:43,521 [INFO] IPUIPlugin:74 - create IPUIPlugin
2025-10-25 19:51:43,521 [INFO] IPUIPlugin:74 - create IPUIPlugin
2025-10-25 19:51:43,521 [INFO] IPUIPlugin:74 - create IPUIPlugin
2025-10-25 19:51:43,521 [INFO] IPUIPlugin:74 - create IPUIPlugin
2025-10-25 19:51:43,521 [INFO] IPUIPlugin:74 - create IPUIPlugin
2025-10-25 19:51:43,521 [INFO] IPUIPlugin:74 - create IPUIPlugin
2025-10-25 19:51:43,521 [INFO] IPUIPlugin:74 - create IPUIPlugin
2025-10-25 19:51:43,521 [INFO] IPUIPlugin:74 - create IPUIPlugin
2025-10-25 19:51:43,521 [INFO] IPUIPlugin:74 - create IPUIPlugin
2025-10-25 19:51:43,521 [INFO] IPUIPlugin:74 - create IPUIPlugin
2025-10-25 19:51:43,521 [INFO] IPUIPlugin:74 - create IPUIPlugin
2025-10-25 19:51:43,521 [INFO] IPUIPlugin:74 - create IPUIPlugin
2025-10-25 19:51:43,521 [INFO] IPUIPlugin:74 - create IPUIPlugin
2025-10-25 19:51:43,521 [INFO] IPUIPlugin:74 - create IPUIPlugin
2025-10-25 19:51:43,521 [INFO] IPUIPlugin:74 - create IPUIPlugin
2025-10-25 19:51:43,521 [INFO] IPUIPlugin:74 - create IPUIPlugin
2025-10-25 19:51:43,521 [INFO] IPUIPlugin:74 - create IPUIPlugin
2025-10-25 19:51:43,521 [INFO] IPUIPlugin:74 - create IPUIPlugin
2025-10-25 19:51:43,708 [INFO] OpenFileManager:333 - Restore cursor
2025-10-30 09:36:46,648 [INFO] Activator:177 - 


2025-10-30 09:36:46,648 [INFO] Activator:178 - !SESSION log4j initialized
2025-11-12 15:58:14,006 [INFO] Activator:177 - 


2025-11-12 15:58:14,008 [INFO] Activator:178 - !SESSION log4j initialized
2025-11-12 16:29:25,578 [INFO] Activator:177 - 


2025-11-12 16:29:25,586 [INFO] Activator:178 - !SESSION log4j initialized
2025-11-12 16:29:46,641 [INFO] McuFinderGlobals:39 - Set McuFinder mode to 2 (CubeIDE integrated)
2025-11-12 16:29:46,725 [INFO] ApplicationProperties:181 - Using Application install path: D:\251\vxl\cube\STM32CubeIDE_1.7.0\STM32CubeIDE\plugins\com.st.stm32cube.common.mx_6.3.0.202107141111
2025-11-12 16:29:46,734 [INFO] DbMcusXml:74 - Set database path to: D:\251\vxl\cube\STM32CubeIDE_1.7.0\STM32CubeIDE\plugins\com.st.stm32cube.common.mx_6.3.0.202107141111\\db\/mcu/
2025-11-12 16:29:46,736 [INFO] DbBoardsPdsc:56 - Set plugin database path to: D:\251\vxl\cube\STM32CubeIDE_1.7.0\STM32CubeIDE\plugins\com.st.stm32cube.common.mx_6.3.0.202107141111\\db\/plugins/boardmanager/
2025-11-12 16:29:46,736 [INFO] DbMcus:258 - Set plugin images path to: D:\251\vxl\cube\STM32CubeIDE_1.7.0\STM32CubeIDE\plugins\com.st.stm32cube.common.mx_6.3.0.202107141111\\db\/plugins/mcufinder/images/
2025-11-12 16:29:46,737 [INFO] DbBoards:264 - Set plugin images path to: D:\251\vxl\cube\STM32CubeIDE_1.7.0\STM32CubeIDE\plugins\com.st.stm32cube.common.mx_6.3.0.202107141111\\db\/plugins/mcufinder/images/
2025-11-12 16:29:46,739 [INFO] DbExamples:333 - Set plugin images path to: D:\251\vxl\cube\STM32CubeIDE_1.7.0\STM32CubeIDE\plugins\com.st.stm32cube.common.mx_6.3.0.202107141111\\db\/plugins/mcufinder/images/
2025-11-12 16:29:46,746 [INFO] DbMcusAds:119 - Set database path to: C:\Users\DELL\.stmcufinder\plugins\mcufinder//mcu/
2025-11-12 16:29:46,746 [INFO] DbMcusDocs:110 - Set database path to: C:\Users\DELL\.stmcufinder\plugins\mcufinder//mcu/
2025-11-12 16:29:46,748 [INFO] DbMcusJson:64 - Set database path to: C:\Users\DELL\.stmcufinder\plugins\mcufinder//mcu/
2025-11-12 16:29:46,748 [INFO] DbBoardsDocs:110 - Set database path to: C:\Users\DELL\.stmcufinder\plugins\mcufinder//mcu/
2025-11-12 16:29:46,749 [INFO] DbBoardsJson:57 - Set database path to: C:\Users\DELL\.stmcufinder\plugins\mcufinder//mcu/
2025-11-12 16:29:46,757 [INFO] CrossReferenceDbSqlite:196 - Set database path to: C:\Users\DELL\.stmcufinder\plugins\mcufinder//mcu/cs/
2025-11-12 16:29:46,759 [INFO] DbExamplesSqlite:767 - Set database path to: C:\Users\DELL\.stmcufinder\plugins\mcufinder//mcu/
2025-11-12 16:29:46,826 [INFO] RulesReader:57 - Compatibility file has been processed (242 Rules)
2025-11-12 16:29:46,887 [INFO] DbMcusXml:74 - Set database path to: D:\251\vxl\cube\STM32CubeIDE_1.7.0\STM32CubeIDE\plugins\com.st.stm32cube.common.mx_6.3.0.202107141111\\db\/mcu/
2025-11-12 16:29:46,887 [INFO] DbBoardsPdsc:56 - Set plugin database path to: D:\251\vxl\cube\STM32CubeIDE_1.7.0\STM32CubeIDE\plugins\com.st.stm32cube.common.mx_6.3.0.202107141111\\db\/plugins/boardmanager/
2025-11-12 16:29:46,887 [INFO] DbMcus:258 - Set plugin images path to: D:\251\vxl\cube\STM32CubeIDE_1.7.0\STM32CubeIDE\plugins\com.st.stm32cube.common.mx_6.3.0.202107141111\\db\/plugins/mcufinder/images/
2025-11-12 16:29:46,887 [INFO] DbBoards:264 - Set plugin images path to: D:\251\vxl\cube\STM32CubeIDE_1.7.0\STM32CubeIDE\plugins\com.st.stm32cube.common.mx_6.3.0.202107141111\\db\/plugins/mcufinder/images/
2025-11-12 16:29:46,887 [INFO] DbExamples:333 - Set plugin images path to: D:\251\vxl\cube\STM32CubeIDE_1.7.0\STM32CubeIDE\plugins\com.st.stm32cube.common.mx_6.3.0.202107141111\\db\/plugins/mcufinder/images/
2025-11-12 16:29:46,887 [WARN] DbFile:35 - Overriding database path with different value: C:\Users\DELL\.stmcufinder\plugins\mcufinder/ => C:\Users\DELL\.stmcufinder\plugins\mcufinder
2025-11-12 16:29:46,887 [INFO] DbMcusAds:119 - Set database path to: C:\Users\DELL\.stmcufinder\plugins\mcufinder//mcu/
2025-11-12 16:29:46,887 [WARN] DbFile:35 - Overriding database path with different value: C:\Users\DELL\.stmcufinder\plugins\mcufinder/ => C:\Users\DELL\.stmcufinder\plugins\mcufinder
2025-11-12 16:29:46,887 [INFO] DbMcusDocs:110 - Set database path to: C:\Users\DELL\.stmcufinder\plugins\mcufinder//mcu/
2025-11-12 16:29:46,887 [WARN] DbFile:35 - Overriding database path with different value: C:\Users\DELL\.stmcufinder\plugins\mcufinder/ => C:\Users\DELL\.stmcufinder\plugins\mcufinder
2025-11-12 16:29:46,887 [INFO] DbMcusJson:64 - Set database path to: C:\Users\DELL\.stmcufinder\plugins\mcufinder//mcu/
2025-11-12 16:29:46,887 [WARN] DbFile:35 - Overriding database path with different value: C:\Users\DELL\.stmcufinder\plugins\mcufinder/ => C:\Users\DELL\.stmcufinder\plugins\mcufinder
2025-11-12 16:29:46,887 [INFO] DbBoardsDocs:110 - Set database path to: C:\Users\DELL\.stmcufinder\plugins\mcufinder//mcu/
2025-11-12 16:29:46,887 [WARN] DbFile:35 - Overriding database path with different value: C:\Users\DELL\.stmcufinder\plugins\mcufinder/ => C:\Users\DELL\.stmcufinder\plugins\mcufinder
2025-11-12 16:29:46,896 [INFO] DbBoardsJson:57 - Set database path to: C:\Users\DELL\.stmcufinder\plugins\mcufinder//mcu/
2025-11-12 16:29:46,896 [WARN] DbFile:35 - Overriding database path with different value: C:\Users\DELL\.stmcufinder\plugins\mcufinder/ => C:\Users\DELL\.stmcufinder\plugins\mcufinder
2025-11-12 16:29:46,896 [WARN] DbFile:35 - Overriding database path with different value: C:\Users\DELL\.stmcufinder\plugins\mcufinder/ => C:\Users\DELL\.stmcufinder\plugins\mcufinder
2025-11-12 16:29:46,896 [INFO] CrossReferenceDbSqlite:196 - Set database path to: C:\Users\DELL\.stmcufinder\plugins\mcufinder//mcu/cs/
2025-11-12 16:29:46,896 [WARN] DbFile:35 - Overriding database path with different value: C:\Users\DELL\.stmcufinder\plugins\mcufinder/ => C:\Users\DELL\.stmcufinder\plugins\mcufinder
2025-11-12 16:29:46,896 [INFO] DbExamplesSqlite:767 - Set database path to: C:\Users\DELL\.stmcufinder\plugins\mcufinder//mcu/
2025-11-12 16:29:46,937 [INFO] MainPanel:214 - HeapMemory: 268435456
2025-11-12 16:29:46,986 [INFO] DbMcusXml:74 - Set database path to: D:\251\vxl\cube\STM32CubeIDE_1.7.0\STM32CubeIDE\plugins\com.st.stm32cube.common.mx_6.3.0.202107141111\\db\/mcu/
2025-11-12 16:29:46,986 [INFO] DbBoardsPdsc:56 - Set plugin database path to: D:\251\vxl\cube\STM32CubeIDE_1.7.0\STM32CubeIDE\plugins\com.st.stm32cube.common.mx_6.3.0.202107141111\\db\/plugins/boardmanager/
2025-11-12 16:29:46,986 [INFO] DbMcus:258 - Set plugin images path to: D:\251\vxl\cube\STM32CubeIDE_1.7.0\STM32CubeIDE\plugins\com.st.stm32cube.common.mx_6.3.0.202107141111\\db\/plugins/mcufinder/images/
2025-11-12 16:29:46,986 [INFO] DbBoards:264 - Set plugin images path to: D:\251\vxl\cube\STM32CubeIDE_1.7.0\STM32CubeIDE\plugins\com.st.stm32cube.common.mx_6.3.0.202107141111\\db\/plugins/mcufinder/images/
2025-11-12 16:29:46,986 [INFO] DbExamples:333 - Set plugin images path to: D:\251\vxl\cube\STM32CubeIDE_1.7.0\STM32CubeIDE\plugins\com.st.stm32cube.common.mx_6.3.0.202107141111\\db\/plugins/mcufinder/images/
2025-11-12 16:29:46,986 [WARN] DbFile:35 - Overriding database path with different value: C:\Users\DELL\.stmcufinder\plugins\mcufinder/ => C:\Users\DELL\.stmcufinder\plugins\mcufinder
2025-11-12 16:29:46,986 [INFO] DbMcusAds:119 - Set database path to: C:\Users\DELL\.stmcufinder\plugins\mcufinder//mcu/
2025-11-12 16:29:46,986 [WARN] DbFile:35 - Overriding database path with different value: C:\Users\DELL\.stmcufinder\plugins\mcufinder/ => C:\Users\DELL\.stmcufinder\plugins\mcufinder
2025-11-12 16:29:46,986 [INFO] DbMcusDocs:110 - Set database path to: C:\Users\DELL\.stmcufinder\plugins\mcufinder//mcu/
2025-11-12 16:29:46,986 [WARN] DbFile:35 - Overriding database path with different value: C:\Users\DELL\.stmcufinder\plugins\mcufinder/ => C:\Users\DELL\.stmcufinder\plugins\mcufinder
2025-11-12 16:29:46,986 [INFO] DbMcusJson:64 - Set database path to: C:\Users\DELL\.stmcufinder\plugins\mcufinder//mcu/
2025-11-12 16:29:46,986 [WARN] DbFile:35 - Overriding database path with different value: C:\Users\DELL\.stmcufinder\plugins\mcufinder/ => C:\Users\DELL\.stmcufinder\plugins\mcufinder
2025-11-12 16:29:46,986 [INFO] DbBoardsDocs:110 - Set database path to: C:\Users\DELL\.stmcufinder\plugins\mcufinder//mcu/
2025-11-12 16:29:46,986 [WARN] DbFile:35 - Overriding database path with different value: C:\Users\DELL\.stmcufinder\plugins\mcufinder/ => C:\Users\DELL\.stmcufinder\plugins\mcufinder
2025-11-12 16:29:46,986 [INFO] DbBoardsJson:57 - Set database path to: C:\Users\DELL\.stmcufinder\plugins\mcufinder//mcu/
2025-11-12 16:29:46,986 [WARN] DbFile:35 - Overriding database path with different value: C:\Users\DELL\.stmcufinder\plugins\mcufinder/ => C:\Users\DELL\.stmcufinder\plugins\mcufinder
2025-11-12 16:29:46,986 [WARN] DbFile:35 - Overriding database path with different value: C:\Users\DELL\.stmcufinder\plugins\mcufinder/ => C:\Users\DELL\.stmcufinder\plugins\mcufinder
2025-11-12 16:29:46,986 [INFO] CrossReferenceDbSqlite:196 - Set database path to: C:\Users\DELL\.stmcufinder\plugins\mcufinder//mcu/cs/
2025-11-12 16:29:46,986 [WARN] DbFile:35 - Overriding database path with different value: C:\Users\DELL\.stmcufinder\plugins\mcufinder/ => C:\Users\DELL\.stmcufinder\plugins\mcufinder
2025-11-12 16:29:46,986 [INFO] DbExamplesSqlite:767 - Set database path to: C:\Users\DELL\.stmcufinder\plugins\mcufinder//mcu/
2025-11-12 16:29:47,000 [INFO] ApplicationProperties:181 - Using Application install path: D:\251\vxl\cube\STM32CubeIDE_1.7.0\STM32CubeIDE\plugins\com.st.stm32cube.common.mx_6.3.0.202107141111
2025-11-12 16:29:47,000 [INFO] PluginManage:188 - Search for loadable plugins [exclusion list=, ]
2025-11-12 16:29:47,006 [INFO] PluginManage:302 - Check plugin analytics
2025-11-12 16:29:47,116 [INFO] AnalyticsPlugin:257 - Accepted Software Licenses: 
2025-11-12 16:29:47,116 [INFO] AnalyticsPlugin:259 - Accepted CMSIS Pack Licenses: 
2025-11-12 16:29:47,116 [INFO] AnalyticsPlugin:261 - Accepted Firmware Licenses: 
2025-11-12 16:29:47,116 [INFO] PluginManage:352 - Loaded plugin analytics (category:tool,tabindex:-1)
2025-11-12 16:29:47,116 [INFO] PluginManage:302 - Check plugin clock
2025-11-12 16:29:47,127 [INFO] PluginManage:352 - Loaded plugin clock (category:base,tabindex:2)
2025-11-12 16:29:47,127 [INFO] PluginManage:302 - Check plugin ddr
2025-11-12 16:29:47,135 [INFO] PluginManage:352 - Loaded plugin ddr (category:tool,tabindex:6)
2025-11-12 16:29:47,135 [INFO] PluginManage:302 - Check plugin filemanager
2025-11-12 16:29:47,228 [INFO] PluginManage:352 - Loaded plugin filemanager (category:base,tabindex:10)
2025-11-12 16:29:47,228 [INFO] PluginManage:302 - Check plugin ipmanager
2025-11-12 16:29:47,236 [INFO] PluginManage:352 - Loaded plugin ipmanager (category:base,tabindex:5)
2025-11-12 16:29:47,237 [INFO] PluginManage:302 - Check plugin pinoutandconfiguration
2025-11-12 16:29:47,237 [INFO] PluginManage:352 - Loaded plugin pinoutandconfiguration (category:base,tabindex:1)
2025-11-12 16:29:47,237 [INFO] PluginManage:302 - Check plugin pinoutconfig
2025-11-12 16:29:47,288 [INFO] PluginManage:352 - Loaded plugin pinoutconfig (category:base,tabindex:0)
2025-11-12 16:29:47,288 [INFO] PluginManage:302 - Check plugin power
2025-11-12 16:29:47,306 [INFO] PluginManage:352 - Loaded plugin power (category:power,tabindex:4)
2025-11-12 16:29:47,306 [INFO] PluginManage:302 - Check plugin projectmanager
2025-11-12 16:29:47,327 [INFO] PluginManage:352 - Loaded plugin projectmanager (category:projectmanager,tabindex:3)
2025-11-12 16:29:47,327 [INFO] PluginManage:302 - Check plugin thirdparty
2025-11-12 16:29:47,417 [WARN] IntegrityCheckThread:78 - waiting for thirdparty lock release [integrity check]
2025-11-12 16:29:47,417 [INFO] IntegrityCheckThread:80 - entering critical section [integrity check]
2025-11-12 16:29:47,417 [INFO] PluginManage:352 - Loaded plugin thirdparty (category:base,tabindex:-1)
2025-11-12 16:29:47,417 [INFO] PluginManage:302 - Check plugin tools
2025-11-12 16:29:47,417 [INFO] ThirdPartyUpdaterWithRetryManager:66 - Updater plugin not ready yet. [1/15]
2025-11-12 16:29:47,417 [INFO] PluginManage:352 - Loaded plugin tools (category:base,tabindex:7)
2025-11-12 16:29:47,417 [INFO] PluginManage:302 - Check plugin tutovideos
2025-11-12 16:29:47,577 [INFO] PluginManage:352 - Loaded plugin tutovideos (category:base,tabindex:-1)
2025-11-12 16:29:47,586 [INFO] PluginManage:302 - Check plugin updater
2025-11-12 16:29:47,596 [INFO] PluginManage:352 - Loaded plugin updater (category:base,tabindex:12)
2025-11-12 16:29:47,596 [INFO] PluginManage:275 - PluginManage : Loaded plugins [13]
2025-11-12 16:29:47,747 [INFO] PinOutPanel:1463 - setPackage(No Configuration,No Configuration)
2025-11-12 16:29:47,817 [INFO] IPUIPlugin:74 - create IPUIPlugin
2025-11-12 16:29:47,817 [INFO] PluginManager:213 - loadIPPluginJar : add adc
2025-11-12 16:29:47,817 [INFO] IPUIPlugin:74 - create IPUIPlugin
2025-11-12 16:29:47,817 [INFO] PluginManager:213 - loadIPPluginJar : add aes
2025-11-12 16:29:47,826 [INFO] IPUIPlugin:74 - create IPUIPlugin
2025-11-12 16:29:47,826 [INFO] PluginManager:213 - loadIPPluginJar : add can
2025-11-12 16:29:47,826 [INFO] IPUIPlugin:74 - create IPUIPlugin
2025-11-12 16:29:47,826 [INFO] PluginManager:213 - loadIPPluginJar : add comp
2025-11-12 16:29:47,826 [INFO] IPUIPlugin:74 - create IPUIPlugin
2025-11-12 16:29:47,826 [INFO] PluginManager:213 - loadIPPluginJar : add cryp
2025-11-12 16:29:47,831 [INFO] IPUIPlugin:74 - create IPUIPlugin
2025-11-12 16:29:47,831 [INFO] PluginManager:213 - loadIPPluginJar : add dfsdm
2025-11-12 16:29:47,836 [INFO] IPUIPlugin:74 - create IPUIPlugin
2025-11-12 16:29:47,836 [INFO] PluginManager:213 - loadIPPluginJar : add dma
2025-11-12 16:29:47,837 [INFO] IPUIPlugin:74 - create IPUIPlugin
2025-11-12 16:29:47,837 [INFO] PluginManager:213 - loadIPPluginJar : add dma3
2025-11-12 16:29:47,837 [INFO] IPUIPlugin:74 - create IPUIPlugin
2025-11-12 16:29:47,837 [INFO] PluginManager:213 - loadIPPluginJar : add fatfs
2025-11-12 16:29:47,837 [INFO] IPUIPlugin:74 - create IPUIPlugin
2025-11-12 16:29:47,837 [INFO] PluginManager:213 - loadIPPluginJar : add fmc
2025-11-12 16:29:47,847 [INFO] IPUIPlugin:74 - create IPUIPlugin
2025-11-12 16:29:47,847 [INFO] PluginManager:213 - loadIPPluginJar : add freertos
2025-11-12 16:29:47,847 [INFO] IPUIPlugin:74 - create IPUIPlugin
2025-11-12 16:29:47,847 [INFO] PluginManager:213 - loadIPPluginJar : add genericplugin
2025-11-12 16:29:47,847 [INFO] IPUIPlugin:74 - create IPUIPlugin
2025-11-12 16:29:47,847 [INFO] PluginManager:213 - loadIPPluginJar : add gfxmmu
2025-11-12 16:29:47,856 [INFO] IPUIPlugin:74 - create IPUIPlugin
2025-11-12 16:29:47,856 [INFO] PluginManager:213 - loadIPPluginJar : add gic
2025-11-12 16:29:47,856 [INFO] IPUIPlugin:74 - create IPUIPlugin
2025-11-12 16:29:47,856 [INFO] PluginManager:213 - loadIPPluginJar : add gpio
2025-11-12 16:29:47,856 [INFO] IPUIPlugin:74 - create IPUIPlugin
2025-11-12 16:29:47,856 [INFO] PluginManager:213 - loadIPPluginJar : add gtzc
2025-11-12 16:29:47,856 [INFO] IPUIPlugin:74 - create IPUIPlugin
2025-11-12 16:29:47,856 [INFO] PluginManager:213 - loadIPPluginJar : add hash
2025-11-12 16:29:47,856 [INFO] IPUIPlugin:74 - create IPUIPlugin
2025-11-12 16:29:47,856 [INFO] PluginManager:213 - loadIPPluginJar : add i2c
2025-11-12 16:29:47,867 [INFO] IPUIPlugin:74 - create IPUIPlugin
2025-11-12 16:29:47,867 [INFO] PluginManager:213 - loadIPPluginJar : add i2s
2025-11-12 16:29:47,868 [INFO] IPUIPlugin:74 - create IPUIPlugin
2025-11-12 16:29:47,868 [INFO] PluginManager:213 - loadIPPluginJar : add ipddr
2025-11-12 16:29:47,868 [INFO] IPUIPlugin:74 - create IPUIPlugin
2025-11-12 16:29:47,868 [INFO] PluginManager:213 - loadIPPluginJar : add linkedlist
2025-11-12 16:29:47,876 [INFO] IPUIPlugin:74 - create IPUIPlugin
2025-11-12 16:29:47,876 [INFO] PluginManager:213 - loadIPPluginJar : add lorawan
2025-11-12 16:29:47,877 [INFO] IPUIPlugin:74 - create IPUIPlugin
2025-11-12 16:29:47,877 [INFO] PluginManager:213 - loadIPPluginJar : add ltdc
2025-11-12 16:29:47,877 [INFO] IPUIPlugin:74 - create IPUIPlugin
2025-11-12 16:29:47,877 [INFO] PluginManager:213 - loadIPPluginJar : add mdma
2025-11-12 16:29:47,877 [INFO] IPUIPlugin:74 - create IPUIPlugin
2025-11-12 16:29:47,877 [INFO] PluginManager:213 - loadIPPluginJar : add nvic
2025-11-12 16:29:47,886 [INFO] IPUIPlugin:74 - create IPUIPlugin
2025-11-12 16:29:47,886 [INFO] PluginManager:213 - loadIPPluginJar : add opamp
2025-11-12 16:29:47,886 [INFO] IPUIPlugin:74 - create IPUIPlugin
2025-11-12 16:29:47,886 [INFO] PluginManager:213 - loadIPPluginJar : add openamp
2025-11-12 16:29:47,886 [INFO] IPUIPlugin:74 - create IPUIPlugin
2025-11-12 16:29:47,886 [INFO] PluginManager:213 - loadIPPluginJar : add pdm2pcm
2025-11-12 16:29:47,897 [INFO] IPUIPlugin:74 - create IPUIPlugin
2025-11-12 16:29:47,898 [INFO] PluginManager:213 - loadIPPluginJar : add plateformsettings
2025-11-12 16:29:47,898 [INFO] IPUIPlugin:74 - create IPUIPlugin
2025-11-12 16:29:47,898 [INFO] PluginManager:213 - loadIPPluginJar : add quadspi
2025-11-12 16:29:47,903 [INFO] IPUIPlugin:74 - create IPUIPlugin
2025-11-12 16:29:47,903 [INFO] PluginManager:213 - loadIPPluginJar : add resmgrutility
2025-11-12 16:29:47,903 [INFO] IPUIPlugin:74 - create IPUIPlugin
2025-11-12 16:29:47,905 [INFO] PluginManager:213 - loadIPPluginJar : add sai
2025-11-12 16:29:47,907 [INFO] IPUIPlugin:74 - create IPUIPlugin
2025-11-12 16:29:47,907 [INFO] PluginManager:213 - loadIPPluginJar : add spi
2025-11-12 16:29:47,907 [INFO] IPUIPlugin:74 - create IPUIPlugin
2025-11-12 16:29:47,911 [INFO] PluginManager:213 - loadIPPluginJar : add stm32_wpan
2025-11-12 16:29:47,911 [INFO] IPUIPlugin:74 - create IPUIPlugin
2025-11-12 16:29:47,911 [INFO] PluginManager:213 - loadIPPluginJar : add tim
2025-11-12 16:29:47,913 [INFO] IPUIPlugin:74 - create IPUIPlugin
2025-11-12 16:29:47,913 [INFO] PluginManager:213 - loadIPPluginJar : add touchsensing
2025-11-12 16:29:47,915 [INFO] IPUIPlugin:74 - create IPUIPlugin
2025-11-12 16:29:47,915 [INFO] PluginManager:213 - loadIPPluginJar : add tracer_emb
2025-11-12 16:29:47,917 [INFO] IPUIPlugin:74 - create IPUIPlugin
2025-11-12 16:29:47,917 [INFO] PluginManager:213 - loadIPPluginJar : add ts
2025-11-12 16:29:47,917 [INFO] IPUIPlugin:74 - create IPUIPlugin
2025-11-12 16:29:47,917 [INFO] PluginManager:213 - loadIPPluginJar : add tsc
2025-11-12 16:29:47,917 [INFO] IPUIPlugin:74 - create IPUIPlugin
2025-11-12 16:29:47,921 [INFO] PluginManager:213 - loadIPPluginJar : add ucpd
2025-11-12 16:29:47,923 [INFO] IPUIPlugin:74 - create IPUIPlugin
2025-11-12 16:29:47,923 [INFO] PluginManager:213 - loadIPPluginJar : add usart
2025-11-12 16:29:47,923 [INFO] IPUIPlugin:74 - create IPUIPlugin
2025-11-12 16:29:47,923 [INFO] PluginManager:213 - loadIPPluginJar : add usbx
2025-11-12 16:29:48,207 [FATAL] Updater:294 - Updater called before beeing initialized
2025-11-12 16:29:48,297 [FATAL] Updater:294 - Updater called before beeing initialized
2025-11-12 16:29:48,297 [INFO] DbMcusAds:47 - JSON generation date=Thu Oct 02 16:36:05 ICT 2025 (1759397765645)
2025-11-12 16:29:48,297 [FATAL] Updater:294 - Updater called before beeing initialized
2025-11-12 16:29:48,327 [WARN] DetailPanel:314 - Failed to get advertising image, set to default
2025-11-12 16:29:48,436 [FATAL] Updater:294 - Updater called before beeing initialized
2025-11-12 16:29:48,436 [FATAL] Updater:294 - Updater called before beeing initialized
2025-11-12 16:29:48,436 [FATAL] Updater:294 - Updater called before beeing initialized
2025-11-12 16:29:48,436 [WARN] DetailPanel:314 - Failed to get advertising image, set to default
2025-11-12 16:29:48,436 [FATAL] Updater:294 - Updater called before beeing initialized
2025-11-12 16:29:48,501 [ERROR] Updater:1075 - MainUpdater not yet initialized. External WinMGr cannot be set.
2025-11-12 16:29:48,501 [INFO] Updater:1012 - Updater Version found : 6.3.0
2025-11-12 16:29:48,517 [INFO] ApplicationProperties:181 - Using Application install path: D:\251\vxl\cube\STM32CubeIDE_1.7.0\STM32CubeIDE\plugins\com.st.stm32cube.common.mx_6.3.0.202107141111
2025-11-12 16:29:48,868 [INFO] MainUpdater:2671 - connection check result : 10
2025-11-12 16:29:48,868 [INFO] MainUpdater:265 - Updater Check For Update Now.
2025-11-12 16:29:48,868 [INFO] MicroXplorer:478 - Change Database Version : DB.6.0.30
2025-11-12 16:29:49,046 [INFO] CheckServerUpdateThread:112 - End of CheckServer Thread
2025-11-12 16:29:49,096 [INFO] MainUpdater:2671 - connection check result : 10
2025-11-12 16:29:49,098 [INFO] MainUpdater:2671 - connection check result : 10
2025-11-12 16:29:49,167 [INFO] MicroXplorer:448 - Change Database Path : 
2025-11-12 16:29:49,167 [INFO] MicroXplorer:478 - Change Database Version : DB.6.0.30
2025-11-12 16:29:49,167 [WARN] ThirdParty:813 - waiting for thirdparty lock release [close project]
2025-11-12 16:29:50,508 [ERROR] Engine:463 - C:\Users\DELL\.stm32cubemx\thirdparties\pdsc\Avnet-IotConnect.X-CUBE-IoTC-DA16k-PMOD.1.0.0.pdsc: PDSC version is not supported
2025-11-12 16:29:50,520 [ERROR] Engine:463 - C:\Users\DELL\.stm32cubemx\thirdparties\pdsc\STMicroelectronics.X-CUBE-IPS.3.2.0.pdsc: PDSC version is not supported
2025-11-12 16:29:50,526 [ERROR] Engine:463 - C:\Users\DELL\.stm32cubemx\thirdparties\pdsc\STMicroelectronics.X-CUBE-ST60.1.0.0.pdsc: PDSC version is not supported
2025-11-12 16:29:50,526 [ERROR] Engine:463 - C:\Users\DELL\.stm32cubemx\thirdparties\pdsc\STMicroelectronics.FP-SNS-MOTENV1.5.1.0.pdsc: PDSC version is not supported
2025-11-12 16:29:50,526 [ERROR] Engine:463 - C:\Users\DELL\.stm32cubemx\thirdparties\pdsc\WES.I-CUBE-Cesium.1.4.0.pdsc: PDSC version is not supported
2025-11-12 16:29:50,526 [ERROR] Engine:463 - C:\Users\DELL\.stm32cubemx\thirdparties\pdsc\STMicroelectronics.X-CUBE-FREERTOS.1.3.1.pdsc: PDSC version is not supported
2025-11-12 16:29:50,526 [ERROR] Engine:463 - C:\Users\DELL\.stm32cubemx\thirdparties\pdsc\STMicroelectronics.X-CUBE-ST60.1.1.0.pdsc: PDSC version is not supported
2025-11-12 16:29:50,557 [WARN] PackLoader:238 - Cannot read IP mode file for STMicroelectronics.X-CUBE-GNSS1.7.1.0
2025-11-12 16:29:50,567 [WARN] PackLoader:238 - Cannot read IP mode file for STMicroelectronics.X-CUBE-TOUCHGFX.4.26.0
2025-11-12 16:29:50,568 [ERROR] Engine:463 - C:\Users\DELL\.stm32cubemx\thirdparties\pdsc\STMicroelectronics.FP-SNS-MOTENV1.5.0.0.pdsc: PDSC version is not supported
2025-11-12 16:29:50,568 [ERROR] Engine:463 - C:\Users\DELL\.stm32cubemx\thirdparties\pdsc\Avnet-IOTCONNECT.X-CUBE-iotc-st67-sdk.1.0.0.pdsc: PDSC version is not supported
2025-11-12 16:29:50,568 [WARN] PackLoader:238 - Cannot read IP mode file for STMicroelectronics.X-CUBE-GNSS1.7.0.1
2025-11-12 16:29:50,576 [WARN] PackLoader:238 - Cannot read IP mode file for STMicroelectronics.X-CUBE-TOUCHGFX.4.25.0
2025-11-12 16:29:50,577 [ERROR] Engine:463 - C:\Users\DELL\.stm32cubemx\thirdparties\pdsc\STMicroelectronics.X-CUBE-ST67W61.1.1.0.pdsc: PDSC version is not supported
2025-11-12 16:29:50,586 [ERROR] Engine:463 - C:\Users\DELL\.stm32cubemx\thirdparties\pdsc\STMicroelectronics.X-CUBE-IPS.3.1.0.pdsc: PDSC version is not supported
2025-11-12 16:29:50,586 [INFO] ThirdParty:915 - Integrity check success = true
2025-11-12 16:29:50,586 [INFO] IntegrityCheckThread:94 - exiting critical section [integrity check]
2025-11-12 16:29:50,586 [INFO] IntegrityCheckThread:97 - End integrity checks thread
2025-11-12 16:29:50,586 [INFO] ThirdParty:815 - entering critical section [close project]
2025-11-12 16:29:50,587 [INFO] ThirdParty:825 - exiting critical section [close project]
2025-11-12 16:29:50,587 [INFO] PinOutPanel:1463 - setPackage(No Configuration,No Configuration)
2025-11-12 16:29:50,587 [INFO] UtilMem:74 - Begin LoadConfig() Used Memory: 161653152 Bytes (268435456)
2025-11-12 16:29:50,587 [INFO] MicroXplorer:448 - Change Database Path : 
2025-11-12 16:29:50,587 [INFO] MicroXplorer:478 - Change Database Version : DB.6.0.30
2025-11-12 16:29:50,587 [INFO] OpenFileManager:313 - Change cursor
2025-11-12 16:29:51,217 [INFO] Context:592 - Trying to add GPIOservice into a context  which must be forbidden
2025-11-12 16:29:51,447 [INFO] RtosManager:484 - Registered RTOS mode: class=CMSIS, group=RTOS, mode=CMSIS_V1, owner=FREERTOS
2025-11-12 16:29:51,447 [INFO] RtosManager:484 - Registered RTOS mode: class=CMSIS, group=RTOS2, mode=CMSIS_V2, owner=FREERTOS
2025-11-12 16:29:51,447 [INFO] RtosManager:484 - Registered RTOS mode: class=RTOS, group=Core, mode=CMSIS_V1, owner=FREERTOS
2025-11-12 16:29:51,447 [INFO] RtosManager:484 - Registered RTOS mode: class=RTOS, group=Core, mode=CMSIS_V2, owner=FREERTOS
2025-11-12 16:29:51,447 [WARN] ModelIntegratedComponent:181 - Missing modes for component STMicroelectronics:FreeRTOS:0.0.1:STMicroelectronics:RTOS:FreeRTOS:Core:::10.2.0:
2025-11-12 16:29:51,447 [WARN] ModelIntegratedComponent:60 - No mode defined for component null
2025-11-12 16:29:51,447 [WARN] ModelIntegratedComponent:60 - No mode defined for component null
2025-11-12 16:29:51,447 [WARN] ModelIntegratedComponent:60 - No mode defined for component null
2025-11-12 16:29:51,447 [WARN] ModelIntegratedComponent:60 - No mode defined for component null
2025-11-12 16:29:51,447 [WARN] ModelIntegratedComponent:60 - No mode defined for component null
2025-11-12 16:29:51,447 [WARN] ModelIntegratedComponent:60 - No mode defined for component null
2025-11-12 16:29:51,447 [WARN] ModelIntegratedComponent:60 - No mode defined for component null
2025-11-12 16:29:51,447 [WARN] ModelIntegratedComponent:60 - No mode defined for component null
2025-11-12 16:29:51,447 [WARN] ModelIntegratedComponent:60 - No mode defined for component null
2025-11-12 16:29:51,447 [WARN] ModelIntegratedComponent:60 - No mode defined for component null
2025-11-12 16:29:51,447 [WARN] ModelIntegratedComponent:60 - No mode defined for component null
2025-11-12 16:29:51,447 [WARN] ModelIntegratedComponent:60 - No mode defined for component null
2025-11-12 16:29:51,447 [WARN] ModelIntegratedComponent:60 - No mode defined for component null
2025-11-12 16:29:51,447 [WARN] ModelIntegratedComponent:60 - No mode defined for component null
2025-11-12 16:29:51,447 [WARN] ModelIntegratedComponent:60 - No mode defined for component null
2025-11-12 16:29:51,447 [WARN] ModelIntegratedComponent:60 - No mode defined for component null
2025-11-12 16:29:51,447 [WARN] ModelIntegratedComponent:60 - No mode defined for component null
2025-11-12 16:29:51,447 [WARN] ModelIntegratedComponent:60 - No mode defined for component null
2025-11-12 16:29:51,447 [WARN] ModelIntegratedComponent:60 - No mode defined for component null
2025-11-12 16:29:51,447 [WARN] ModelIntegratedComponent:60 - No mode defined for component null
2025-11-12 16:29:51,447 [WARN] ModelIntegratedComponent:60 - No mode defined for component null
2025-11-12 16:29:51,447 [WARN] ModelIntegratedComponent:60 - No mode defined for component null
2025-11-12 16:29:51,447 [WARN] ModelIntegratedComponent:60 - No mode defined for component null
2025-11-12 16:29:51,447 [WARN] ModelIntegratedComponent:60 - No mode defined for component null
2025-11-12 16:29:51,447 [WARN] ModelIntegratedComponent:60 - No mode defined for component null
2025-11-12 16:29:51,447 [WARN] ModelIntegratedComponent:60 - No mode defined for component null
2025-11-12 16:29:51,447 [WARN] ModelIntegratedComponent:60 - No mode defined for component null
2025-11-12 16:29:51,447 [WARN] ModelIntegratedComponent:60 - No mode defined for component null
2025-11-12 16:29:51,447 [WARN] ModelIntegratedComponent:60 - No mode defined for component null
2025-11-12 16:29:51,447 [WARN] ModelIntegratedComponent:60 - No mode defined for component null
2025-11-12 16:29:51,447 [WARN] ModelIntegratedComponent:60 - No mode defined for component null
2025-11-12 16:29:51,456 [WARN] ApiManager:304 - Cannot register API 'Board Extension:GNSS1A1' from pack STMicroelectronics.X-CUBE-GNSS1.7.1.0: no header file found
2025-11-12 16:29:51,456 [WARN] ApiManager:304 - Cannot register API 'Board Support:Custom' from pack STMicroelectronics.X-CUBE-GNSS1.7.1.0: no header file found
2025-11-12 16:29:51,456 [WARN] ApiManager:304 - Cannot register API 'Data Exchange:lib_gnss' from pack STMicroelectronics.X-CUBE-GNSS1.7.1.0: no header file found
2025-11-12 16:29:51,456 [WARN] ApiManager:304 - Cannot register API 'Board Extension:GNSS1A1' from pack STMicroelectronics.X-CUBE-GNSS1.7.0.1: no header file found
2025-11-12 16:29:51,456 [WARN] ApiManager:304 - Cannot register API 'Board Support:Custom' from pack STMicroelectronics.X-CUBE-GNSS1.7.0.1: no header file found
2025-11-12 16:29:51,456 [WARN] ApiManager:304 - Cannot register API 'Data Exchange:lib_gnss' from pack STMicroelectronics.X-CUBE-GNSS1.7.0.1: no header file found
2025-11-12 16:29:51,526 [INFO] UtilMem:74 - End LoadConfig() Used Memory: 221363040 Bytes (268435456)
2025-11-12 16:29:51,526 [INFO] DbMcusXml:100 - Load MCU database from D:\251\vxl\cube\STM32CubeIDE_1.7.0\STM32CubeIDE\plugins\com.st.stm32cube.common.mx_6.3.0.202107141111\\db\/mcu/families.xml
2025-11-12 16:29:52,287 [INFO] DbMcusJson:93 - JSON generation date=Tue Nov 16 23:17:54 ICT 2021 (1637079474)
2025-11-12 16:29:52,978 [INFO] DbMcus:175 - Found 1951 MCUs (1903 are supported by CubeMX, 1914 are visible in CubeMX)
2025-11-12 16:29:52,978 [INFO] ApiDb:251 - Load user favorites file C:\Users\DELL/.stm32cubeide/favorites.mcus.txt: 0 item(s)
2025-11-12 16:29:52,978 [INFO] ApiDb:255 - User favorites MCUs=[]
2025-11-12 16:29:52,978 [INFO] DbMcus:187 - Set 0 / 0 favorites MCUs
2025-11-12 16:29:52,986 [WARN] ThirdParty:779 - waiting for thirdparty lock release [change project]
2025-11-12 16:29:52,986 [INFO] ThirdParty:781 - entering critical section [change project]
2025-11-12 16:29:52,986 [INFO] ThirdParty:967 - CMSIS Pack Vendor :STMicroelectronics USB_HOST 2.0.0
2025-11-12 16:29:52,986 [INFO] ThirdParty:967 - CMSIS Pack Vendor :STMicroelectronics FreeRTOS 0.0.1
2025-11-12 16:29:52,986 [INFO] ThirdParty:967 - CMSIS Pack Vendor :STMicroelectronics USB_DEVICE 1.0.0
2025-11-12 16:29:52,986 [INFO] ThirdParty:967 - CMSIS Pack Vendor :STMicroelectronics USB_DEVICE 3.0.0
2025-11-12 16:29:52,986 [INFO] ThirdParty:967 - CMSIS Pack Vendor :STMicroelectronics HAL Drivers 0.0.0
2025-11-12 16:29:52,986 [INFO] ThirdParty:967 - CMSIS Pack Vendor :STMicroelectronics MBEDTLS 2.16.2
2025-11-12 16:29:52,986 [INFO] ThirdParty:967 - CMSIS Pack Vendor :STMicroelectronics ThreadX 0.0.2
2025-11-12 16:29:52,986 [INFO] ThirdParty:967 - CMSIS Pack Vendor :STMicroelectronics lwIP 2.0.3
2025-11-12 16:29:52,986 [INFO] ThirdParty:967 - CMSIS Pack Vendor :STMicroelectronics lwIP 2.1.2
2025-11-12 16:29:52,986 [INFO] ThirdParty:967 - CMSIS Pack Vendor :STMicroelectronics MBEDTLS 2.14.1
2025-11-12 16:29:52,986 [INFO] ThirdParty:967 - CMSIS Pack Vendor :STMicroelectronics X-CUBE-GNSS1 7.1.0
2025-11-12 16:29:52,986 [INFO] ThirdParty:967 - CMSIS Pack Vendor :STMicroelectronics X-CUBE-GNSS1 7.0.1
2025-11-12 16:29:52,986 [INFO] ThirdParty:967 - CMSIS Pack Vendor :STMicroelectronics USB_HOST 1.0.0
2025-11-12 16:29:52,986 [INFO] ThirdParty:967 - CMSIS Pack Vendor :STMicroelectronics X-CUBE-TOUCHGFX 4.26.0
2025-11-12 16:29:52,986 [INFO] ThirdParty:967 - CMSIS Pack Vendor :STMicroelectronics X-CUBE-TOUCHGFX 4.25.0
2025-11-12 16:29:52,986 [INFO] ThirdParty:967 - CMSIS Pack Vendor :STMicroelectronics PDM2PCM 3.1.0
2025-11-12 16:29:52,986 [INFO] ThirdParty:967 - CMSIS Pack Vendor :STMicroelectronics PDM2PCM 3.2.0
2025-11-12 16:29:52,986 [INFO] ThirdParty:967 - CMSIS Pack Vendor :STMicroelectronics USB_DEVICE 2.0.0
2025-11-12 16:29:52,986 [INFO] ThirdParty:967 - CMSIS Pack Vendor :STMicroelectronics PDM2PCM 3.3.0
2025-11-12 16:29:52,987 [INFO] ThirdParty:787 - exiting critical section [change project]
2025-11-12 16:29:53,237 [INFO] PinOutPanel:1463 - setPackage(No Configuration,No Configuration)
2025-11-12 16:29:53,237 [INFO] PinOutPanel:1463 - setPackage(STM32F103C6Ux,UFQFPN48)
2025-11-12 16:29:53,577 [INFO] UtilMem:74 - Before build in PCC Used Memory: 347129984 Bytes (499122176)
2025-11-12 16:29:54,089 [INFO] UtilMem:74 - After build in PCC Used Memory: 352686976 Bytes (499122176)
2025-11-12 16:29:54,105 [INFO] IPUIPlugin:74 - create IPUIPlugin
2025-11-12 16:29:54,107 [INFO] IPUIPlugin:74 - create IPUIPlugin
2025-11-12 16:29:54,107 [INFO] IPUIPlugin:74 - create IPUIPlugin
2025-11-12 16:29:54,107 [INFO] IPUIPlugin:74 - create IPUIPlugin
2025-11-12 16:29:54,107 [INFO] IPUIPlugin:74 - create IPUIPlugin
2025-11-12 16:29:54,107 [INFO] IPUIPlugin:74 - create IPUIPlugin
2025-11-12 16:29:54,107 [INFO] IPUIPlugin:74 - create IPUIPlugin
2025-11-12 16:29:54,107 [INFO] IPUIPlugin:74 - create IPUIPlugin
2025-11-12 16:29:54,107 [INFO] IPUIPlugin:74 - create IPUIPlugin
2025-11-12 16:29:54,107 [INFO] IPUIPlugin:74 - create IPUIPlugin
2025-11-12 16:29:54,107 [INFO] IPUIPlugin:74 - create IPUIPlugin
2025-11-12 16:29:54,107 [INFO] IPUIPlugin:74 - create IPUIPlugin
2025-11-12 16:29:54,107 [INFO] IPUIPlugin:74 - create IPUIPlugin
2025-11-12 16:29:54,107 [INFO] IPUIPlugin:74 - create IPUIPlugin
2025-11-12 16:29:54,107 [INFO] IPUIPlugin:74 - create IPUIPlugin
2025-11-12 16:29:54,107 [INFO] IPUIPlugin:74 - create IPUIPlugin
2025-11-12 16:29:54,107 [INFO] IPUIPlugin:74 - create IPUIPlugin
2025-11-12 16:29:54,107 [INFO] IPUIPlugin:74 - create IPUIPlugin
2025-11-12 16:29:54,107 [INFO] IPUIPlugin:74 - create IPUIPlugin
2025-11-12 16:29:54,107 [INFO] IPUIPlugin:74 - create IPUIPlugin
2025-11-12 16:29:54,107 [INFO] IPUIPlugin:74 - create IPUIPlugin
2025-11-12 16:29:54,107 [INFO] IPUIPlugin:74 - create IPUIPlugin
2025-11-12 16:29:54,107 [INFO] IPUIPlugin:74 - create IPUIPlugin
2025-11-12 16:29:54,196 [INFO] OpenFileManager:333 - Restore cursor
2025-11-12 16:32:26,506 [INFO] Activator:177 - 


2025-11-12 16:32:26,506 [INFO] Activator:178 - !SESSION log4j initialized
